Workbook

Sheet Trends_bulk
A1: Sample | B1: Core | C1: Depth | D1: Mean_depth | E1: Unit | F1: LLD | G1: Element | H1: Semi_total_radno | I1: Semi_total | J1: TN | K1: TOC | L1: TOC_TN
A2: RF-01 | B2: CORE-352 | C2: 0-1 | D2: 0.5 | E2: PPM | F2: 0.1 | G2: Mo | H2: 0.7 | I2: =IF(Table1[[#This Row],[Semi_total_radno]]="BLD", 0.65*Table1[[#This Row],[LLD]], Table1[[#This Row],[Semi_total_radno]]) -> 0.7 | J2: 0.2130086 | K2: 1.5581344 | L2: 7.3148899
A3: RF-02 | B3: CORE-352 | C3: 1-2 | D3: 1.5 | E3: PPM | F3: 0.1 | G3: Mo | H3: 0.7 | I3: =IF(Table1[[#This Row],[Semi_total_radno]]="BLD", 0.65*Table1[[#This Row],[LLD]], Table1[[#This Row],[Semi_total_radno]]) -> 0.7 | J3: 0.24476093 | K3: 1.8220783 | L3: 7.4443186
A4: RF-03 | B4: CORE-352 | C4: 2-3 | D4: 2.5 | E4: PPM | F4: 0.1 | G4: Mo | H4: 1.2 | I4: =IF(Table1[[#This Row],[Semi_total_radno]]="BLD", 0.65*Table1[[#This Row],[LLD]], Table1[[#This Row],[Semi_total_radno]]) -> 1.2 | J4: 0.20878421 | K4: 1.5988929 | L4: 7.6581124
A5: RF-04 | B5: CORE-352 | C5: 3-4 | D5: 3.5 | E5: PPM | F5: 0.1 | G5: Mo | H5: 3 | I5: =IF(Table1[[#This Row],[Semi_total_radno]]="BLD", 0.65*Table1[[#This Row],[LLD]], Table1[[#This Row],[Semi_total_radno]]) -> 3 | J5: 0.26063022 | K5: 1.7546206 | L5: 6.7322222
A6: RF-05 | B6: CORE-352 | C6: 4-5 | D6: 4.5 | E6: PPM | F6: 0.1 | G6: Mo | H6: 3.5 | I6: =IF(Table1[[#This Row],[Semi_total_radno]]="BLD", 0.65*Table1[[#This Row],[LLD]], Table1[[#This Row],[Semi_total_radno]]) -> 3.5 | J6: 0.2609995 | K6: 1.7825639 | L6: 6.8297599
A7: RF-06 | B7: CORE-352 | C7: 5-6 | D7: 5.5 | E7: PPM | F7: 0.1 | G7: Mo | H7: 3.6 | I7: =IF(Table1[[#This Row],[Semi_total_radno]]="BLD", 0.65*Table1[[#This Row],[LLD]], Table1[[#This Row],[Semi_total_radno]]) -> 3.6 | J7: 0.20869255 | K7: 1.6111051 | L7: 7.7199933
A8: RF-07 | B8: CORE-352 | C8: 6-7 | D8: 6.5 | E8: PPM | F8: 0.1 | G8: Mo | H8: 3.3 | I8: =IF(Table1[[#This Row],[Semi_total_radno]]="BLD", 0.65*Table1[[#This Row],[LLD]], Table1[[#This Row],[Semi_total_radno]]) -> 3.3 | J8: 0.25640079 | K8: 1.6978488 | L8: 6.6218547
A9: RF-08 | B9: CORE-352 | C9: 7-8 | D9: 7.5 | E9: PPM | F9: 0.1 | G9: Mo | H9: 3.2 | I9: =IF(Table1[[#This Row],[Semi_total_radno]]="BLD", 0.65*Table1[[#This Row],[LLD]], Table1[[#This Row],[Semi_total_radno]]) -> 3.2 | J9: 0.16514252 | K9: 1.2323353 | L9: 7.4622533
A10: RF-09 | B10: CORE-352 | C10: 8-9 | D10: 8.5 | E10: PPM | F10: 0.1 | G10: Mo | H10: 2.3 | I10: =IF(Table1[[#This Row],[Semi_total_radno]]="BLD", 0.65*Table1[[#This Row],[LLD]], Table1[[#This Row],[Semi_total_radno]]) -> 2.3 | J10: 0.004902815 | K10: 0.75896835 | L10: 154.80257
A11: RF-10 | B11: CORE-352 | C11: 9-10 | D11: 9.5 | E11: PPM | F11: 0.1 | G11: Mo | H11: 1.8 | I11: =IF(Table1[[#This Row],[Semi_total_radno]]="BLD", 0.65*Table1[[#This Row],[LLD]], Table1[[#This Row],[Semi_total_radno]]) -> 1.8 | J11: 0.0030738597 | K11: 0.47719088 | L11: 155.24159
A12: RF-11 | B12: CORE-352 | C12: 10-11 | D12: 10.5 | E12: PPM | F12: 0.1 | G12: Mo | H12: 1.6 | I12: =IF(Table1[[#This Row],[Semi_total_radno]]="BLD", 0.65*Table1[[#This Row],[LLD]], Table1[[#This Row],[Semi_total_radno]]) -> 1.6 | J12: 0.23008806 | K12: 0.85805011 | L12: 3.7292249
A13: RF-12 | B13: CORE-352 | C13: 11-12 | D13: 11.5 | E13: PPM | F13: 0.1 | G13: Mo | H13: 1.1 | I13: =IF(Table1[[#This Row],[Semi_total_radno]]="BLD", 0.65*Table1[[#This Row],[LLD]], Table1[[#This Row],[Semi_total_radno]]) -> 1.1 | J13: 0.30633134 | K13: 0.88174587 | L13: 2.8784057
... A25: RF-24 | B25: CORE-352 | C25: 23-24 | D25: 23.5 | E25: PPM | F25: 0.1 | G25: Mo | H25: 0.5 | I25: =IF(Table1[[#This Row],[Semi_total_radno]]="BLD", 0.65*Table1[[#This Row],[LLD]], Table1[[#This Row],[Semi_total_radno]]) -> 0.5 | J25: 0.2551713 | K25: 0.80598986 | L25: 3.1586227
A26: RF-25 | B26: CORE-357 | C26: 0-1 | D26: 0.5 | E26: PPM | F26: 0.1 | G26: Mo | H26: 0.6 | I26: =IF(Table1[[#This Row],[Semi_total_radno]]="BLD", 0.65*Table1[[#This Row],[LLD]], Table1[[#This Row],[Semi_total_radno]]) -> 0.6 | J26: 0.34120834 | K26: 1.5170505 | L26: =K26/J26 -> 4.446112
A27: RF-26 | B27: CORE-357 | C27: 1-2 | D27: 1.5 | E27: PPM | F27: 0.1 | G27: Mo | H27: 0.6 | I27: =IF(Table1[[#This Row],[Semi_total_radno]]="BLD", 0.65*Table1[[#This Row],[LLD]], Table1[[#This Row],[Semi_total_radno]]) -> 0.6 | J27: 0.0052734488 | K27: 0.87811798 | L27: =K27/J27 -> 166.51683
A28: RF-27 | B28: CORE-357 | C28: 2-3 | D28: 2.5 | E28: PPM | F28: 0.1 | G28: Mo | H28: 0.6 | I28: =IF(Table1[[#This Row],[Semi_total_radno]]="BLD", 0.65*Table1[[#This Row],[LLD]], Table1[[#This Row],[Semi_total_radno]]) -> 0.6 | J28: 0.25128737 | K28: 1.312072 | L28: =K28/J28 -> 5.2214006
A29: RF-28 | B29: CORE-357 | C29: 3-4 | D29: 3.5 | E29: PPM | F29: 0.1 | G29: Mo | H29: 0.7 | I29: =IF(Table1[[#This Row],[Semi_total_radno]]="BLD", 0.65*Table1[[#This Row],[LLD]], Table1[[#This Row],[Semi_total_radno]]) -> 0.7 | J29: 0.51856995 | K29: 2.0246232 | L29: =K29/J29 -> 3.9042431
A30: RF-29 | B30: CORE-357 | C30: 4-5 | D30: 4.5 | E30: PPM | F30: 0.1 | G30: Mo | H30: 0.9 | I30: =IF(Table1[[#This Row],[Semi_total_radno]]="BLD", 0.65*Table1[[#This Row],[LLD]], Table1[[#This Row],[Semi_total_radno]]) -> 0.9 | J30: 0.44535509 | K30: 1.7919422 | L30: =K30/J30 -> 4.0236258
A31: RF-30 | B31: CORE-357 | C31: 5-6 | D31: 5.5 | E31: PPM | F31: 0.1 | G31: Mo | H31: 0.7 | I31: =IF(Table1[[#This Row],[Semi_total_radno]]="BLD", 0.65*Table1[[#This Row],[LLD]], Table1[[#This Row],[Semi_total_radno]]) -> 0.7 | J31: 0.73049772 | K31: 2.5906391 | L31: =K31/J31 -> 3.5464027
A32: RF-31 | B32: CORE-357 | C32: 6-7 | D32: 6.5 | E32: PPM | F32: 0.1 | G32: Mo | H32: 0.8 | I32: =IF(Table1[[#This Row],[Semi_total_radno]]="BLD", 0.65*Table1[[#This Row],[LLD]], Table1[[#This Row],[Semi_total_radno]]) -> 0.8 | J32: 0.23559479 | K32: 1.2447417 | L32: =K32/J32 -> 5.2834006
A33: RF-32 | B33: CORE-357 | C33: 7-8 | D33: 7.5 | E33: PPM | F33: 0.1 | G33: Mo | H33: 0.8 | I33: =IF(Table1[[#This Row],[Semi_total_radno]]="BLD", 0.65*Table1[[#This Row],[LLD]], Table1[[#This Row],[Semi_total_radno]]) -> 0.8 | J33: 0.0037895394 | K33: 0.0074258852 | L33: =K33/J33 -> 1.9595746
A34: RF-33 | B34: CORE-357 | C34: 8-9 | D34: 8.5 | E34: PPM | F34: 0.1 | G34: Mo | H34: 0.9 | I34: =IF(Table1[[#This Row],[Semi_total_radno]]="BLD", 0.65*Table1[[#This Row],[LLD]], Table1[[#This Row],[Semi_total_radno]]) -> 0.9 | J34: 0.11416455 | K34: 0.98078692 | L34: =K34/J34 -> 8.5909933
A35: RF-34 | B35: CORE-357 | C35: 9-10 | D35: 9.5 | E35: PPM | F35: 0.1 | G35: Mo | H35: 0.9 | I35: =IF(Table1[[#This Row],[Semi_total_radno]]="BLD", 0.65*Table1[[#This Row],[LLD]], Table1[[#This Row],[Semi_total_radno]]) -> 0.9 | J35: 0.0025792727 | K35: 0.7224803 | L35: =K35/J35 -> 280.11008
A36: RF-35 | B36: CORE-357 | C36: 10-11 | D36: 10.5 | E36: PPM | F36: 0.1 | G36: Mo | H36: 1 | I36: =IF(Table1[[#This Row],[Semi_total_radno]]="BLD", 0.65*Table1[[#This Row],[LLD]], Table1[[#This Row],[Semi_total_radno]]) -> 1 | J36: 0.0041285236 | K36: 0.62968802 | L36: =K36/J36 -> 152.52136
A37: RF-36 | B37: CORE-346 | C37: 0-1 | D37: 0.5 | E37: PPM | F37: 0.1 | G37: Mo | H37: 0.7 | I37: =IF(Table1[[#This Row],[Semi_total_radno]]="BLD", 0.65*Table1[[#This Row],[LLD]], Table1[[#This Row],[Semi_total_radno]]) -> 0.7 | J37: 0.16807576 | K37: 1.5302047 | L37: =K37/J37 -> 9.1042557
... A43: RF-42 | B43: CORE-346 | C43: 6-7 | D43: 6.5 | E43: PPM | F43: 0.1 | G43: Mo | H43: 3.8 | I43: =IF(Table1[[#This Row],[Semi_total_radno]]="BLD", 0.65*Table1[[#This Row],[LLD]], Table1[[#This Row],[Semi_total_radno]]) -> 3.8 | J43: 0.0049335267 | K43: 1.0768021 | L43: =K43/J43 -> 218.26215
A44: RF-43 | B44: CORE-346 | C44: 7-8 | D44: 7.5 | E44: PPM | F44: 0.1 | G44: Mo | H44: 3.6 | I44: =IF(Table1[[#This Row],[Semi_total_radno]]="BLD", 0.65*Table1[[#This Row],[LLD]], Table1[[#This Row],[Semi_total_radno]]) -> 3.6
A45: RF-44 | B45: CORE-346 | C45: 8-9 | D45: 8.5 | E45: PPM | F45: 0.1 | G45: Mo | H45: 3.3 | I45: =IF(Table1[[#This Row],[Semi_total_radno]]="BLD", 0.65*Table1[[#This Row],[LLD]], Table1[[#This Row],[Semi_total_radno]]) -> 3.3 | J45: 0.0030030957 | K45: 0.83362019 | L45: =K45/J45 -> 277.58695
A46: RF-45 | B46: CORE-346 | C46: 9-10 | D46: 9.5 | E46: PPM | F46: 0.1 | G46: Mo | H46: 2.7 | I46: =IF(Table1[[#This Row],[Semi_total_radno]]="BLD", 0.65*Table1[[#This Row],[LLD]], Table1[[#This Row],[Semi_total_radno]]) -> 2.7 | J46: 0.0020532638 | K46: 0.66615409 | L46: =K46/J46 -> 324.43667
A47: RF-46 | B47: CORE-346 | C47: 10-11 | D47: 10.5 | E47: PPM | F47: 0.1 | G47: Mo | H47: 2.5 | I47: =IF(Table1[[#This Row],[Semi_total_radno]]="BLD", 0.65*Table1[[#This Row],[LLD]], Table1[[#This Row],[Semi_total_radno]]) -> 2.5 | J47: 0.0025867883 | K47: 0.0033793366 | L47: =K47/J47 -> 1.3063831
A48: RF-47 | B48: CORE-346 | C48: 11-12 | D48: 11.5 | E48: PPM | F48: 0.1 | G48: Mo | H48: 2.2 | I48: =IF(Table1[[#This Row],[Semi_total_radno]]="BLD", 0.65*Table1[[#This Row],[LLD]], Table1[[#This Row],[Semi_total_radno]]) -> 2.2 | J48: 0.00090370938 | K48: 0.34518707 | L48: =K48/J48 -> 381.9669
A49: RF-48 | B49: CORE-346 | C49: 12-13 | D49: 12.5 | E49: PPM | F49: 0.1 | G49: Mo | H49: 1.9 | I49: =IF(Table1[[#This Row],[Semi_total_radno]]="BLD", 0.65*Table1[[#This Row],[LLD]], Table1[[#This Row],[Semi_total_radno]]) -> 1.9 | J49: 0.0022553734 | K49: 0.0018333044 | L49: =K49/J49 -> 0.81286071
A50: RF-49 | B50: CORE-346 | C50: 13-14 | D50: 13.5 | E50: PPM | F50: 0.1 | G50: Mo | H50: 1.3 | I50: =IF(Table1[[#This Row],[Semi_total_radno]]="BLD", 0.65*Table1[[#This Row],[LLD]], Table1[[#This Row],[Semi_total_radno]]) -> 1.3 | J50: 0.0020753995 | K50: 0 | L50: =K50/J50 -> 0
A51: RF-50 | B51: CORE-346 | C51: 14-15 | D51: 14.5 | E51: PPM | F51: 0.1 | G51: Mo | H51: 1.1 | I51: =IF(Table1[[#This Row],[Semi_total_radno]]="BLD", 0.65*Table1[[#This Row],[LLD]], Table1[[#This Row],[Semi_total_radno]]) -> 1.1 | J51: 0.00060549 | K51: 0.0024608949 | L51: =K51/J51 -> 4.0643031
A52: RF-51 | B52: CORE-334 | C52: 0-1 | D52: 0.5 | E52: PPM | F52: 0.1 | G52: Mo | H52: 1 | I52: =IF(Table1[[#This Row],[Semi_total_radno]]="BLD", 0.65*Table1[[#This Row],[LLD]], Table1[[#This Row],[Semi_total_radno]]) -> 1 | J52: 0.2122917 | K52: 1.7695252 | L52: 8.3353478
A53: RF-52 | B53: CORE-334 | C53: 1-2 | D53: 1.5 | E53: PPM | F53: 0.1 | G53: Mo | H53: 0.5 | I53: =IF(Table1[[#This Row],[Semi_total_radno]]="BLD", 0.65*Table1[[#This Row],[LLD]], Table1[[#This Row],[Semi_total_radno]]) -> 0.5 | J53: 0.18038377 | K53: 1.537728 | L53: 8.5247577
A54: RF-53 | B54: CORE-334 | C54: 2-3 | D54: 2.5 | E54: PPM | F54: 0.1 | G54: Mo | H54: 1 | I54: =IF(Table1[[#This Row],[Semi_total_radno]]="BLD", 0.65*Table1[[#This Row],[LLD]], Table1[[#This Row],[Semi_total_radno]]) -> 1 | J54: 0.20040309 | K54: 1.67629 | L54: 8.3645916
A55: RF-54 | B55: CORE-334 | C55: 3-4 | D55: 3.5 | E55: PPM | F55: 0.1 | G55: Mo | H55: 1.6 | I55: =IF(Table1[[#This Row],[Semi_total_radno]]="BLD", 0.65*Table1[[#This Row],[LLD]], Table1[[#This Row],[Semi_total_radno]]) -> 1.6 | J55: 0.1831909 | K55: 1.5863311 | L55: 8.659443
A56: RF-55 | B56: CORE-334 | C56: 4-5 | D56: 4.5 | E56: PPM | F56: 0.1 | G56: Mo | H56: 2.8 | I56: =IF(Table1[[#This Row],[Semi_total_radno]]="BLD", 0.65*Table1[[#This Row],[LLD]], Table1[[#This Row],[Semi_total_radno]]) -> 2.8 | J56: 0.17950253 | K56: 1.4967481 | L56: 8.3383119
A57: RF-56 | B57: CORE-334 | C57: 5-6 | D57: 5.5 | E57: PPM | F57: 0.1 | G57: Mo | H57: 3.2 | I57: =IF(Table1[[#This Row],[Semi_total_radno]]="BLD", 0.65*Table1[[#This Row],[LLD]], Table1[[#This Row],[Semi_total_radno]]) -> 3.2 | J57: 0.21012133 | K57: 1.7805561 | L57: 8.4739424
A58: RF-57 | B58: CORE-334 | C58: 6-7 | D58: 6.5 | E58: PPM | F58: 0.1 | G58: Mo | H58: 3.3 | I58: =IF(Table1[[#This Row],[Semi_total_radno]]="BLD", 0.65*Table1[[#This Row],[LLD]], Table1[[#This Row],[Semi_total_radno]]) -> 3.3 | J58: 0.16531734 | K58: 1.3843391 | L58: 8.3738287
A59: RF-58 | B59: CORE-334 | C59: 7-8 | D59: 7.5 | E59: PPM | F59: 0.1 | G59: Mo | H59: 3.1 | I59: =IF(Table1[[#This Row],[Semi_total_radno]]="BLD", 0.65*Table1[[#This Row],[LLD]], Table1[[#This Row],[Semi_total_radno]]) -> 3.1 | J59: 0.15587628 | K59: 1.3395511 | L59: 8.5936815
A60: RF-59 | B60: CORE-334 | C60: 8-9 | D60: 8.5 | E60: PPM | F60: 0.1 | G60: Mo | H60: 3.4 | I60: =IF(Table1[[#This Row],[Semi_total_radno]]="BLD", 0.65*Table1[[#This Row],[LLD]], Table1[[#This Row],[Semi_total_radno]]) -> 3.4 | J60: 0.12354078 | K60: 1.0216147 | L60: 8.2694529
A61: RF-60 | B61: CORE-334 | C61: 9-10 | D61: 9.5 | E61: PPM | F61: 0.1 | G61: Mo | H61: 2.9 | I61: =IF(Table1[[#This Row],[Semi_total_radno]]="BLD", 0.65*Table1[[#This Row],[LLD]], Table1[[#This Row],[Semi_total_radno]]) -> 2.9 | J61: 0.0065454813 | K61: 0.0066507049 | L61: 1.0160758
A62: RF-61 | B62: CORE-334 | C62: 10-11 | D62: 10.5 | E62: PPM | F62: 0.1 | G62: Mo | H62: 2.3 | I62: =IF(Table1[[#This Row],[Semi_total_radno]]="BLD", 0.65*Table1[[#This Row],[LLD]], Table1[[#This Row],[Semi_total_radno]]) -> 2.3 | J62: 0.0019682962 | K62: 0.0015237624 | L62: 0.77415296
A63: RF-62 | B63: CORE-334 | C63: 11-12 | D63: 11.5 | E63: PPM | F63: 0.1 | G63: Mo | H63: 1.9 | I63: =IF(Table1[[#This Row],[Semi_total_radno]]="BLD", 0.65*Table1[[#This Row],[LLD]], Table1[[#This Row],[Semi_total_radno]]) -> 1.9 | J63: 0.0013041699 | K63: 0.0019877031 | L63: 1.5241137
... A116: RF-24 | B116: CORE-352 | C116: 23-24 | D116: 23.5 | E116: PPM | F116: 0.1 | G116: Cu | H116: 703.8 | I116: =IF(Table1[[#This Row],[Semi_total_radno]]="BLD", 0.65*Table1[[#This Row],[LLD]], Table1[[#This Row],[Semi_total_radno]]) -> 703.8 | J116: 0.2551713 | K116: 0.80598986 | L116: 3.1586227
A117: RF-25 | B117: CORE-357 | C117: 0-1 | D117: 0.5 | E117: PPM | F117: 0.1 | G117: Cu | H117: 23.2 | I117: =IF(Table1[[#This Row],[Semi_total_radno]]="BLD", 0.65*Table1[[#This Row],[LLD]], Table1[[#This Row],[Semi_total_radno]]) -> 23.2 | J117: 0.34120834 | K117: 1.5170505 | L117: =K117/J117 -> 4.446112
A118: RF-26 | B118: CORE-357 | C118: 1-2 | D118: 1.5 | E118: PPM | F118: 0.1 | G118: Cu | H118: 25.1 | I118: =IF(Table1[[#This Row],[Semi_total_radno]]="BLD", 0.65*Table1[[#This Row],[LLD]], Table1[[#This Row],[Semi_total_radno]]) -> 25.1 | J118: 0.0052734488 | K118: 0.87811798 | L118: =K118/J118 -> 166.51683
A119: RF-27 | B119: CORE-357 | C119: 2-3 | D119: 2.5 | E119: PPM | F119: 0.1 | G119: Cu | H119: 25.4 | I119: =IF(Table1[[#This Row],[Semi_total_radno]]="BLD", 0.65*Table1[[#This Row],[LLD]], Table1[[#This Row],[Semi_total_radno]]) -> 25.4 | J119: 0.25128737 | K119: 1.312072 | L119: =K119/J119 -> 5.2214006
A120: RF-28 | B120: CORE-357 | C120: 3-4 | D120: 3.5 | E120: PPM | F120: 0.1 | G120: Cu | H120: 24.1 | I120: =IF(Table1[[#This Row],[Semi_total_radno]]="BLD", 0.65*Table1[[#This Row],[LLD]], Table1[[#This Row],[Semi_total_radno]]) -> 24.1 | J120: 0.51856995 | K120: 2.0246232 | L120: =K120/J120 -> 3.9042431
A121: RF-29 | B121: CORE-357 | C121: 4-5 | D121: 4.5 | E121: PPM | F121: 0.1 | G121: Cu | H121: 25.9 | I121: =IF(Table1[[#This Row],[Semi_total_radno]]="BLD", 0.65*Table1[[#This Row],[LLD]], Table1[[#This Row],[Semi_total_radno]]) -> 25.9 | J121: 0.44535509 | K121: 1.7919422 | L121: =K121/J121 -> 4.0236258
A122: RF-30 | B122: CORE-357 | C122: 5-6 | D122: 5.5 | E122: PPM | F122: 0.1 | G122: Cu | H122: 25.4 | I122: =IF(Table1[[#This Row],[Semi_total_radno]]="BLD", 0.65*Table1[[#This Row],[LLD]], Table1[[#This Row],[Semi_total_radno]]) -> 25.4 | J122: 0.73049772 | K122: 2.5906391 | L122: =K122/J122 -> 3.5464027
A123: RF-31 | B123: CORE-357 | C123: 6-7 | D123: 6.5 | E123: PPM | F123: 0.1 | G123: Cu | H123: 26.7 | I123: =IF(Table1[[#This Row],[Semi_total_radno]]="BLD", 0.65*Table1[[#This Row],[LLD]], Table1[[#This Row],[Semi_total_radno]]) -> 26.7 | J123: 0.23559479 | K123: 1.2447417 | L123: =K123/J123 -> 5.2834006
A124: RF-32 | B124: CORE-357 | C124: 7-8 | D124: 7.5 | E124: PPM | F124: 0.1 | G124: Cu | H124: 27.8 | I124: =IF(Table1[[#This Row],[Semi_total_radno]]="BLD", 0.65*Table1[[#This Row],[LLD]], Table1[[#This Row],[Semi_total_radno]]) -> 27.8 | J124: 0.0037895394 | K124: 0.0074258852 | L124: =K124/J124 -> 1.9595746
A125: RF-33 | B125: CORE-357 | C125: 8-9 | D125: 8.5 | E125: PPM | F125: 0.1 | G125: Cu | H125: 23.7 | I125: =IF(Table1[[#This Row],[Semi_total_radno]]="BLD", 0.65*Table1[[#This Row],[LLD]], Table1[[#This Row],[Semi_total_radno]]) -> 23.7 | J125: 0.11416455 | K125: 0.98078692 | L125: =K125/J125 -> 8.5909933
A126: RF-34 | B126: CORE-357 | C126: 9-10 | D126: 9.5 | E126: PPM | F126: 0.1 | G126: Cu | H126: 19 | I126: =IF(Table1[[#This Row],[Semi_total_radno]]="BLD", 0.65*Table1[[#This Row],[LLD]], Table1[[#This Row],[Semi_total_radno]]) -> 19 | J126: 0.0025792727 | K126: 0.7224803 | L126: =K126/J126 -> 280.11008
A127: RF-35 | B127: CORE-357 | C127: 10-11 | D127: 10.5 | E127: PPM | F127: 0.1 | G127: Cu | H127: 17.4 | I127: =IF(Table1[[#This Row],[Semi_total_radno]]="BLD", 0.65*Table1[[#This Row],[LLD]], Table1[[#This Row],[Semi_total_radno]]) -> 17.4 | J127: 0.0041285236 | K127: 0.62968802 | L127: =K127/J127 -> 152.52136
A128: RF-36 | B128: CORE-346 | C128: 0-1 | D128: 0.5 | E128: PPM | F128: 0.1 | G128: Cu | H128: 131 | I128: =IF(Table1[[#This Row],[Semi_total_radno]]="BLD", 0.65*Table1[[#This Row],[LLD]], Table1[[#This Row],[Semi_total_radno]]) -> 131 | J128: 0.16807576 | K128: 1.5302047 | L128: =K128/J128 -> 9.1042557
... A134: RF-42 | B134: CORE-346 | C134: 6-7 | D134: 6.5 | E134: PPM | F134: 0.1 | G134: Cu | H134: 253.3 | I134: =IF(Table1[[#This Row],[Semi_total_radno]]="BLD", 0.65*Table1[[#This Row],[LLD]], Table1[[#This Row],[Semi_total_radno]]) -> 253.3 | J134: 0.0049335267 | K134: 1.0768021 | L134: =K134/J134 -> 218.26215
A135: RF-43 | B135: CORE-346 | C135: 7-8 | D135: 7.5 | E135: PPM | F135: 0.1 | G135: Cu | H135: 252.5 | I135: =IF(Table1[[#This Row],[Semi_total_radno]]="BLD", 0.65*Table1[[#This Row],[LLD]], Table1[[#This Row],[Semi_total_radno]]) -> 252.5
A136: RF-44 | B136: CORE-346 | C136: 8-9 | D136: 8.5 | E136: PPM | F136: 0.1 | G136: Cu | H136: 272.1 | I136: =IF(Table1[[#This Row],[Semi_total_radno]]="BLD", 0.65*Table1[[#This Row],[LLD]], Table1[[#This Row],[Semi_total_radno]]) -> 272.1 | J136: 0.0030030957 | K136: 0.83362019 | L136: =K136/J136 -> 277.58695
A137: RF-45 | B137: CORE-346 | C137: 9-10 | D137: 9.5 | E137: PPM | F137: 0.1 | G137: Cu | H137: 284.4 | I137: =IF(Table1[[#This Row],[Semi_total_radno]]="BLD", 0.65*Table1[[#This Row],[LLD]], Table1[[#This Row],[Semi_total_radno]]) -> 284.4 | J137: 0.0020532638 | K137: 0.66615409 | L137: =K137/J137 -> 324.43667
A138: RF-46 | B138: CORE-346 | C138: 10-11 | D138: 10.5 | E138: PPM | F138: 0.1 | G138: Cu | H138: 297.6 | I138: =IF(Table1[[#This Row],[Semi_total_radno]]="BLD", 0.65*Table1[[#This Row],[LLD]], Table1[[#This Row],[Semi_total_radno]]) -> 297.6 | J138: 0.0025867883 | K138: 0.0033793366 | L138: =K138/J138 -> 1.3063831
A139: RF-47 | B139: CORE-346 | C139: 11-12 | D139: 11.5 | E139: PPM | F139: 0.1 | G139: Cu | H139: 323.3 | I139: =IF(Table1[[#This Row],[Semi_total_radno]]="BLD", 0.65*Table1[[#This Row],[LLD]], Table1[[#This Row],[Semi_total_radno]]) -> 323.3 | J139: 0.00090370938 | K139: 0.34518707 | L139: =K139/J139 -> 381.9669
A140: RF-48 | B140: CORE-346 | C140: 12-13 | D140: 12.5 | E140: PPM | F140: 0.1 | G140: Cu | H140: 310.8 | I140: =IF(Table1[[#This Row],[Semi_total_radno]]="BLD", 0.65*Table1[[#This Row],[LLD]], Table1[[#This Row],[Semi_total_radno]]) -> 310.8 | J140: 0.0022553734 | K140: 0.0018333044 | L140: =K140/J140 -> 0.81286071
A141: RF-49 | B141: CORE-346 | C141: 13-14 | D141: 13.5 | E141: PPM | F141: 0.1 | G141: Cu | H141: 294.5 | I141: =IF(Table1[[#This Row],[Semi_total_radno]]="BLD", 0.65*Table1[[#This Row],[LLD]], Table1[[#This Row],[Semi_total_radno]]) -> 294.5 | J141: 0.0020753995 | K141: 0 | L141: =K141/J141 -> 0
A142: RF-50 | B142: CORE-346 | C142: 14-15 | D142: 14.5 | E142: PPM | F142: 0.1 | G142: Cu | H142: 319.8 | I142: =IF(Table1[[#This Row],[Semi_total_radno]]="BLD", 0.65*Table1[[#This Row],[LLD]], Table1[[#This Row],[Semi_total_radno]]) -> 319.8 | J142: 0.00060549 | K142: 0.0024608949 | L142: =K142/J142 -> 4.0643031
A143: RF-51 | B143: CORE-334 | C143: 0-1 | D143: 0.5 | E143: PPM | F143: 0.1 | G143: Cu | H143: 69.8 | I143: =IF(Table1[[#This Row],[Semi_total_radno]]="BLD", 0.65*Table1[[#This Row],[LLD]], Table1[[#This Row],[Semi_total_radno]]) -> 69.8 | J143: 0.2122917 | K143: 1.7695252 | L143: 8.3353478
A144: RF-52 | B144: CORE-334 | C144: 1-2 | D144: 1.5 | E144: PPM | F144: 0.1 | G144: Cu | H144: 74.4 | I144: =IF(Table1[[#This Row],[Semi_total_radno]]="BLD", 0.65*Table1[[#This Row],[LLD]], Table1[[#This Row],[Semi_total_radno]]) -> 74.4 | J144: 0.18038377 | K144: 1.537728 | L144: 8.5247577
A145: RF-53 | B145: CORE-334 | C145: 2-3 | D145: 2.5 | E145: PPM | F145: 0.1 | G145: Cu | H145: 77.7 | I145: =IF(Table1[[#This Row],[Semi_total_radno]]="BLD", 0.65*Table1[[#This Row],[LLD]], Table1[[#This Row],[Semi_total_radno]]) -> 77.7 | J145: 0.20040309 | K145: 1.67629 | L145: 8.3645916
A146: RF-54 | B146: CORE-334 | C146: 3-4 | D146: 3.5 | E146: PPM | F146: 0.1 | G146: Cu | H146: 84.7 | I146: =IF(Table1[[#This Row],[Semi_total_radno]]="BLD", 0.65*Table1[[#This Row],[LLD]], Table1[[#This Row],[Semi_total_radno]]) -> 84.7 | J146: 0.1831909 | K146: 1.5863311 | L146: 8.659443
A147: RF-55 | B147: CORE-334 | C147: 4-5 | D147: 4.5 | E147: PPM | F147: 0.1 | G147: Cu | H147: 95 | I147: =IF(Table1[[#This Row],[Semi_total_radno]]="BLD", 0.65*Table1[[#This Row],[LLD]], Table1[[#This Row],[Semi_total_radno]]) -> 95 | J147: 0.17950253 | K147: 1.4967481 | L147: 8.3383119
A148: RF-56 | B148: CORE-334 | C148: 5-6 | D148: 5.5 | E148: PPM | F148: 0.1 | G148: Cu | H148: 109.6 | I148: =IF(Table1[[#This Row],[Semi_total_radno]]="BLD", 0.65*Table1[[#This Row],[LLD]], Table1[[#This Row],[Semi_total_radno]]) -> 109.6 | J148: 0.21012133 | K148: 1.7805561 | L148: 8.4739424
A149: RF-57 | B149: CORE-334 | C149: 6-7 | D149: 6.5 | E149: PPM | F149: 0.1 | G149: Cu | H149: 150.5 | I149: =IF(Table1[[#This Row],[Semi_total_radno]]="BLD", 0.65*Table1[[#This Row],[LLD]], Table1[[#This Row],[Semi_total_radno]]) -> 150.5 | J149: 0.16531734 | K149: 1.3843391 | L149: 8.3738287
A150: RF-58 | B150: CORE-334 | C150: 7-8 | D150: 7.5 | E150: PPM | F150: 0.1 | G150: Cu | H150: 212 | I150: =IF(Table1[[#This Row],[Semi_total_radno]]="BLD", 0.65*Table1[[#This Row],[LLD]], Table1[[#This Row],[Semi_total_radno]]) -> 212 | J150: 0.15587628 | K150: 1.3395511 | L150: 8.5936815
A151: RF-59 | B151: CORE-334 | C151: 8-9 | D151: 8.5 | E151: PPM | F151: 0.1 | G151: Cu | H151: 373.7 | I151: =IF(Table1[[#This Row],[Semi_total_radno]]="BLD", 0.65*Table1[[#This Row],[LLD]], Table1[[#This Row],[Semi_total_radno]]) -> 373.7 | J151: 0.12354078 | K151: 1.0216147 | L151: 8.2694529
A152: RF-60 | B152: CORE-334 | C152: 9-10 | D152: 9.5 | E152: PPM | F152: 0.1 | G152: Cu | H152: 457.9 | I152: =IF(Table1[[#This Row],[Semi_total_radno]]="BLD", 0.65*Table1[[#This Row],[LLD]], Table1[[#This Row],[Semi_total_radno]]) -> 457.9 | J152: 0.0065454813 | K152: 0.0066507049 | L152: 1.0160758
A153: RF-61 | B153: CORE-334 | C153: 10-11 | D153: 10.5 | E153: PPM | F153: 0.1 | G153: Cu | H153: 577.8 | I153: =IF(Table1[[#This Row],[Semi_total_radno]]="BLD", 0.65*Table1[[#This Row],[LLD]], Table1[[#This Row],[Semi_total_radno]]) -> 577.8 | J153: 0.0019682962 | K153: 0.0015237624 | L153: 0.77415296
A154: RF-62 | B154: CORE-334 | C154: 11-12 | D154: 11.5 | E154: PPM | F154: 0.1 | G154: Cu | H154: 684.3 | I154: =IF(Table1[[#This Row],[Semi_total_radno]]="BLD", 0.65*Table1[[#This Row],[LLD]], Table1[[#This Row],[Semi_total_radno]]) -> 684.3 | J154: 0.0013041699 | K154: 0.0019877031 | L154: 1.5241137
... A207: RF-24 | B207: CORE-352 | C207: 23-24 | D207: 23.5 | E207: PPM | F207: 0.1 | G207: Pb | H207: 2.9 | I207: =IF(Table1[[#This Row],[Semi_total_radno]]="BLD", 0.65*Table1[[#This Row],[LLD]], Table1[[#This Row],[Semi_total_radno]]) -> 2.9 | J207: 0.2551713 | K207: 0.80598986 | L207: 3.1586227
A208: RF-25 | B208: CORE-357 | C208: 0-1 | D208: 0.5 | E208: PPM | F208: 0.1 | G208: Pb | H208: 12.5 | I208: =IF(Table1[[#This Row],[Semi_total_radno]]="BLD", 0.65*Table1[[#This Row],[LLD]], Table1[[#This Row],[Semi_total_radno]]) -> 12.5 | J208: 0.34120834 | K208: 1.5170505 | L208: =K208/J208 -> 4.446112
A209: RF-26 | B209: CORE-357 | C209: 1-2 | D209: 1.5 | E209: PPM | F209: 0.1 | G209: Pb | H209: 12.1 | I209: =IF(Table1[[#This Row],[Semi_total_radno]]="BLD", 0.65*Table1[[#This Row],[LLD]], Table1[[#This Row],[Semi_total_radno]]) -> 12.1 | J209: 0.0052734488 | K209: 0.87811798 | L209: =K209/J209 -> 166.51683
A210: RF-27 | B210: CORE-357 | C210: 2-3 | D210: 2.5 | E210: PPM | F210: 0.1 | G210: Pb | H210: 12.6 | I210: =IF(Table1[[#This Row],[Semi_total_radno]]="BLD", 0.65*Table1[[#This Row],[LLD]], Table1[[#This Row],[Semi_total_radno]]) -> 12.6 | J210: 0.25128737 | K210: 1.312072 | L210: =K210/J210 -> 5.2214006
A211: RF-28 | B211: CORE-357 | C211: 3-4 | D211: 3.5 | E211: PPM | F211: 0.1 | G211: Pb | H211: 12.8 | I211: =IF(Table1[[#This Row],[Semi_total_radno]]="BLD", 0.65*Table1[[#This Row],[LLD]], Table1[[#This Row],[Semi_total_radno]]) -> 12.8 | J211: 0.51856995 | K211: 2.0246232 | L211: =K211/J211 -> 3.9042431
A212: RF-29 | B212: CORE-357 | C212: 4-5 | D212: 4.5 | E212: PPM | F212: 0.1 | G212: Pb | H212: 13.1 | I212: =IF(Table1[[#This Row],[Semi_total_radno]]="BLD", 0.65*Table1[[#This Row],[LLD]], Table1[[#This Row],[Semi_total_radno]]) -> 13.1 | J212: 0.44535509 | K212: 1.7919422 | L212: =K212/J212 -> 4.0236258
A213: RF-30 | B213: CORE-357 | C213: 5-6 | D213: 5.5 | E213: PPM | F213: 0.1 | G213: Pb | H213: 12.3 | I213: =IF(Table1[[#This Row],[Semi_total_radno]]="BLD", 0.65*Table1[[#This Row],[LLD]], Table1[[#This Row],[Semi_total_radno]]) -> 12.3 | J213: 0.73049772 | K213: 2.5906391 | L213: =K213/J213 -> 3.5464027
A214: RF-31 | B214: CORE-357 | C214: 6-7 | D214: 6.5 | E214: PPM | F214: 0.1 | G214: Pb | H214: 12.6 | I214: =IF(Table1[[#This Row],[Semi_total_radno]]="BLD", 0.65*Table1[[#This Row],[LLD]], Table1[[#This Row],[Semi_total_radno]]) -> 12.6 | J214: 0.23559479 | K214: 1.2447417 | L214: =K214/J214 -> 5.2834006
A215: RF-32 | B215: CORE-357 | C215: 7-8 | D215: 7.5 | E215: PPM | F215: 0.1 | G215: Pb | H215: 12.1 | I215: =IF(Table1[[#This Row],[Semi_total_radno]]="BLD", 0.65*Table1[[#This Row],[LLD]], Table1[[#This Row],[Semi_total_radno]]) -> 12.1 | J215: 0.0037895394 | K215: 0.0074258852 | L215: =K215/J215 -> 1.9595746
A216: RF-33 | B216: CORE-357 | C216: 8-9 | D216: 8.5 | E216: PPM | F216: 0.1 | G216: Pb | H216: 12.2 | I216: =IF(Table1[[#This Row],[Semi_total_radno]]="BLD", 0.65*Table1[[#This Row],[LLD]], Table1[[#This Row],[Semi_total_radno]]) -> 12.2 | J216: 0.11416455 | K216: 0.98078692 | L216: =K216/J216 -> 8.5909933
A217: RF-34 | B217: CORE-357 | C217: 9-10 | D217: 9.5 | E217: PPM | F217: 0.1 | G217: Pb | H217: 11.3 | I217: =IF(Table1[[#This Row],[Semi_total_radno]]="BLD", 0.65*Table1[[#This Row],[LLD]], Table1[[#This Row],[Semi_total_radno]]) -> 11.3 | J217: 0.0025792727 | K217: 0.7224803 | L217: =K217/J217 -> 280.11008
A218: RF-35 | B218: CORE-357 | C218: 10-11 | D218: 10.5 | E218: PPM | F218: 0.1 | G218: Pb | H218: 11.3 | I218: =IF(Table1[[#This Row],[Semi_total_radno]]="BLD", 0.65*Table1[[#This Row],[LLD]], Table1[[#This Row],[Semi_total_radno]]) -> 11.3 | J218: 0.0041285236 | K218: 0.62968802 | L218: =K218/J218 -> 152.52136
A219: RF-36 | B219: CORE-346 | C219: 0-1 | D219: 0.5 | E219: PPM | F219: 0.1 | G219: Pb | H219: 11.3 | I219: =IF(Table1[[#This Row],[Semi_total_radno]]="BLD", 0.65*Table1[[#This Row],[LLD]], Table1[[#This Row],[Semi_total_radno]]) -> 11.3 | J219: 0.16807576 | K219: 1.5302047 | L219: =K219/J219 -> 9.1042557
... A225: RF-42 | B225: CORE-346 | C225: 6-7 | D225: 6.5 | E225: PPM | F225: 0.1 | G225: Pb | H225: 10.7 | I225: =IF(Table1[[#This Row],[Semi_total_radno]]="BLD", 0.65*Table1[[#This Row],[LLD]], Table1[[#This Row],[Semi_total_radno]]) -> 10.7 | J225: 0.0049335267 | K225: 1.0768021 | L225: =K225/J225 -> 218.26215
A226: RF-43 | B226: CORE-346 | C226: 7-8 | D226: 7.5 | E226: PPM | F226: 0.1 | G226: Pb | H226: 10.2 | I226: =IF(Table1[[#This Row],[Semi_total_radno]]="BLD", 0.65*Table1[[#This Row],[LLD]], Table1[[#This Row],[Semi_total_radno]]) -> 10.2
A227: RF-44 | B227: CORE-346 | C227: 8-9 | D227: 8.5 | E227: PPM | F227: 0.1 | G227: Pb | H227: 9.1 | I227: =IF(Table1[[#This Row],[Semi_total_radno]]="BLD", 0.65*Table1[[#This Row],[LLD]], Table1[[#This Row],[Semi_total_radno]]) -> 9.1 | J227: 0.0030030957 | K227: 0.83362019 | L227: =K227/J227 -> 277.58695
A228: RF-45 | B228: CORE-346 | C228: 9-10 | D228: 9.5 | E228: PPM | F228: 0.1 | G228: Pb | H228: 7.6 | I228: =IF(Table1[[#This Row],[Semi_total_radno]]="BLD", 0.65*Table1[[#This Row],[LLD]], Table1[[#This Row],[Semi_total_radno]]) -> 7.6 | J228: 0.0020532638 | K228: 0.66615409 | L228: =K228/J228 -> 324.43667
A229: RF-46 | B229: CORE-346 | C229: 10-11 | D229: 10.5 | E229: PPM | F229: 0.1 | G229: Pb | H229: 7.5 | I229: =IF(Table1[[#This Row],[Semi_total_radno]]="BLD", 0.65*Table1[[#This Row],[LLD]], Table1[[#This Row],[Semi_total_radno]]) -> 7.5 | J229: 0.0025867883 | K229: 0.0033793366 | L229: =K229/J229 -> 1.3063831
A230: RF-47 | B230: CORE-346 | C230: 11-12 | D230: 11.5 | E230: PPM | F230: 0.1 | G230: Pb | H230: 5.4 | I230: =IF(Table1[[#This Row],[Semi_total_radno]]="BLD", 0.65*Table1[[#This Row],[LLD]], Table1[[#This Row],[Semi_total_radno]]) -> 5.4 | J230: 0.00090370938 | K230: 0.34518707 | L230: =K230/J230 -> 381.9669
...

Sheet Trends_bulk (2)
A1: Sample | B1: Core | C1: Depth | D1: Mean_depth | E1: Unit | F1: LLD | G1: Element | H1: Semi_total_radno | I1: Semi_total | J1: TN | K1: TOC | L1: TOC_TN
A2: RF-01 | B2: CORE-352 | C2: 0-1 | D2: 0.5 | E2: PPM | F2: 0.1 | G2: Mo | H2: 0.7 | I2: =IF(Table18[[#This Row],[Semi_total_radno]]="BLD", 0.65*Table18[[#This Row],[LLD]], Table18[[#This Row],[Semi_total_radno]]) -> 0.7 | J2: 0.2130086 | K2: 1.5581344 | L2: 7.3148899
A3: RF-02 | B3: CORE-352 | C3: 1-2 | D3: 1.5 | E3: PPM | F3: 0.1 | G3: Mo | H3: 0.7 | I3: =IF(Table18[[#This Row],[Semi_total_radno]]="BLD", 0.65*Table18[[#This Row],[LLD]], Table18[[#This Row],[Semi_total_radno]]) -> 0.7 | J3: 0.24476093 | K3: 1.8220783 | L3: 7.4443186
A4: RF-03 | B4: CORE-352 | C4: 2-3 | D4: 2.5 | E4: PPM | F4: 0.1 | G4: Mo | H4: 1.2 | I4: =IF(Table18[[#This Row],[Semi_total_radno]]="BLD", 0.65*Table18[[#This Row],[LLD]], Table18[[#This Row],[Semi_total_radno]]) -> 1.2 | J4: 0.20878421 | K4: 1.5988929 | L4: 7.6581124
A5: RF-04 | B5: CORE-352 | C5: 3-4 | D5: 3.5 | E5: PPM | F5: 0.1 | G5: Mo | H5: 3 | I5: =IF(Table18[[#This Row],[Semi_total_radno]]="BLD", 0.65*Table18[[#This Row],[LLD]], Table18[[#This Row],[Semi_total_radno]]) -> 3 | J5: 0.26063022 | K5: 1.7546206 | L5: 6.7322222
A6: RF-05 | B6: CORE-352 | C6: 4-5 | D6: 4.5 | E6: PPM | F6: 0.1 | G6: Mo | H6: 3.5 | I6: =IF(Table18[[#This Row],[Semi_total_radno]]="BLD", 0.65*Table18[[#This Row],[LLD]], Table18[[#This Row],[Semi_total_radno]]) -> 3.5 | J6: 0.2609995 | K6: 1.7825639 | L6: 6.8297599
A7: RF-06 | B7: CORE-352 | C7: 5-6 | D7: 5.5 | E7: PPM | F7: 0.1 | G7: Mo | H7: 3.6 | I7: =IF(Table18[[#This Row],[Semi_total_radno]]="BLD", 0.65*Table18[[#This Row],[LLD]], Table18[[#This Row],[Semi_total_radno]]) -> 3.6 | J7: 0.20869255 | K7: 1.6111051 | L7: 7.7199933
A8: RF-07 | B8: CORE-352 | C8: 6-7 | D8: 6.5 | E8: PPM | F8: 0.1 | G8: Mo | H8: 3.3 | I8: =IF(Table18[[#This Row],[Semi_total_radno]]="BLD", 0.65*Table18[[#This Row],[LLD]], Table18[[#This Row],[Semi_total_radno]]) -> 3.3 | J8: 0.25640079 | K8: 1.6978488 | L8: 6.6218547
A9: RF-08 | B9: CORE-352 | C9: 7-8 | D9: 7.5 | E9: PPM | F9: 0.1 | G9: Mo | H9: 3.2 | I9: =IF(Table18[[#This Row],[Semi_total_radno]]="BLD", 0.65*Table18[[#This Row],[LLD]], Table18[[#This Row],[Semi_total_radno]]) -> 3.2 | J9: 0.16514252 | K9: 1.2323353 | L9: 7.4622533
A10: RF-09 | B10: CORE-352 | C10: 8-9 | D10: 8.5 | E10: PPM | F10: 0.1 | G10: Mo | H10: 2.3 | I10: =IF(Table18[[#This Row],[Semi_total_radno]]="BLD", 0.65*Table18[[#This Row],[LLD]], Table18[[#This Row],[Semi_total_radno]]) -> 2.3 | J10: 0.004902815 | K10: 0.75896835 | L10: 154.80257
A11: RF-10 | B11: CORE-352 | C11: 9-10 | D11: 9.5 | E11: PPM | F11: 0.1 | G11: Mo | H11: 1.8 | I11: =IF(Table18[[#This Row],[Semi_total_radno]]="BLD", 0.65*Table18[[#This Row],[LLD]], Table18[[#This Row],[Semi_total_radno]]) -> 1.8 | J11: 0.0030738597 | K11: 0.47719088 | L11: 155.24159
A12: RF-11 | B12: CORE-352 | C12: 10-11 | D12: 10.5 | E12: PPM | F12: 0.1 | G12: Mo | H12: 1.6 | I12: =IF(Table18[[#This Row],[Semi_total_radno]]="BLD", 0.65*Table18[[#This Row],[LLD]], Table18[[#This Row],[Semi_total_radno]]) -> 1.6 | J12: 0.23008806 | K12: 0.85805011 | L12: 3.7292249
A13: RF-12 | B13: CORE-352 | C13: 11-12 | D13: 11.5 | E13: PPM | F13: 0.1 | G13: Mo | H13: 1.1 | I13: =IF(Table18[[#This Row],[Semi_total_radno]]="BLD", 0.65*Table18[[#This Row],[LLD]], Table18[[#This Row],[Semi_total_radno]]) -> 1.1 | J13: 0.30633134 | K13: 0.88174587 | L13: 2.8784057
... A25: RF-24 | B25: CORE-352 | C25: 23-24 | D25: 23.5 | E25: PPM | F25: 0.1 | G25: Mo | H25: 0.5 | I25: =IF(Table18[[#This Row],[Semi_total_radno]]="BLD", 0.65*Table18[[#This Row],[LLD]], Table18[[#This Row],[Semi_total_radno]]) -> 0.5 | J25: 0.2551713 | K25: 0.80598986 | L25: 3.1586227
A26: RF-36 | B26: CORE-346 | C26: 0-1 | D26: 0.5 | E26: PPM | F26: 0.1 | G26: Mo | H26: 0.7 | I26: =IF(Table18[[#This Row],[Semi_total_radno]]="BLD", 0.65*Table18[[#This Row],[LLD]], Table18[[#This Row],[Semi_total_radno]]) -> 0.7 | J26: 0.16807576 | K26: 1.5302047 | L26: =K26/J26 -> 9.1042557
A27: RF-37 | B27: CORE-346 | C27: 1-2 | D27: 1.5 | E27: PPM | F27: 0.1 | G27: Mo | H27: 1.2 | I27: =IF(Table18[[#This Row],[Semi_total_radno]]="BLD", 0.65*Table18[[#This Row],[LLD]], Table18[[#This Row],[Semi_total_radno]]) -> 1.2 | J27: 0.16324836 | K27: 1.5245854 | L27: =K27/J27 -> 9.3390547
A28: RF-38 | B28: CORE-346 | C28: 2-3 | D28: 2.5 | E28: PPM | F28: 0.1 | G28: Mo | H28: 2.2 | I28: =IF(Table18[[#This Row],[Semi_total_radno]]="BLD", 0.65*Table18[[#This Row],[LLD]], Table18[[#This Row],[Semi_total_radno]]) -> 2.2 | J28: 0.15263675 | K28: 1.3331742 | L28: =K28/J28 -> 8.7342938
A29: RF-39 | B29: CORE-346 | C29: 3-4 | D29: 3.5 | E29: PPM | F29: 0.1 | G29: Mo | H29: 3.1 | I29: =IF(Table18[[#This Row],[Semi_total_radno]]="BLD", 0.65*Table18[[#This Row],[LLD]], Table18[[#This Row],[Semi_total_radno]]) -> 3.1 | J29: 0.16178781 | K29: 1.3450558 | L29: =K29/J29 -> 8.3137032
A30: RF-40 | B30: CORE-346 | C30: 4-5 | D30: 4.5 | E30: PPM | F30: 0.1 | G30: Mo | H30: 4.4 | I30: =IF(Table18[[#This Row],[Semi_total_radno]]="BLD", 0.65*Table18[[#This Row],[LLD]], Table18[[#This Row],[Semi_total_radno]]) -> 4.4 | J30: 0.15010448 | K30: 1.3260058 | L30: =K30/J30 -> 8.8338858
A31: RF-41 | B31: CORE-346 | C31: 5-6 | D31: 5.5 | E31: PPM | F31: 0.1 | G31: Mo | H31: 3.4 | I31: =IF(Table18[[#This Row],[Semi_total_radno]]="BLD", 0.65*Table18[[#This Row],[LLD]], Table18[[#This Row],[Semi_total_radno]]) -> 3.4 | J31: 0.14570627 | K31: 1.3029922 | L31: =K31/J31 -> 8.9425957
A32: RF-42 | B32: CORE-346 | C32: 6-7 | D32: 6.5 | E32: PPM | F32: 0.1 | G32: Mo | H32: 3.8 | I32: =IF(Table18[[#This Row],[Semi_total_radno]]="BLD", 0.65*Table18[[#This Row],[LLD]], Table18[[#This Row],[Semi_total_radno]]) -> 3.8 | J32: 0.0049335267 | K32: 1.0768021 | L32: =K32/J32 -> 218.26215
A33: RF-43 | B33: CORE-346 | C33: 7-8 | D33: 7.5 | E33: PPM | F33: 0.1 | G33: Mo | H33: 3.6 | I33: =IF(Table18[[#This Row],[Semi_total_radno]]="BLD", 0.65*Table18[[#This Row],[LLD]], Table18[[#This Row],[Semi_total_radno]]) -> 3.6
A34: RF-44 | B34: CORE-346 | C34: 8-9 | D34: 8.5 | E34: PPM | F34: 0.1 | G34: Mo | H34: 3.3 | I34: =IF(Table18[[#This Row],[Semi_total_radno]]="BLD", 0.65*Table18[[#This Row],[LLD]], Table18[[#This Row],[Semi_total_radno]]) -> 3.3 | J34: 0.0030030957 | K34: 0.83362019 | L34: =K34/J34 -> 277.58695
A35: RF-45 | B35: CORE-346 | C35: 9-10 | D35: 9.5 | E35: PPM | F35: 0.1 | G35: Mo | H35: 2.7 | I35: =IF(Table18[[#This Row],[Semi_total_radno]]="BLD", 0.65*Table18[[#This Row],[LLD]], Table18[[#This Row],[Semi_total_radno]]) -> 2.7 | J35: 0.0020532638 | K35: 0.66615409 | L35: =K35/J35 -> 324.43667
A36: RF-46 | B36: CORE-346 | C36: 10-11 | D36: 10.5 | E36: PPM | F36: 0.1 | G36: Mo | H36: 2.5 | I36: =IF(Table18[[#This Row],[Semi_total_radno]]="BLD", 0.65*Table18[[#This Row],[LLD]], Table18[[#This Row],[Semi_total_radno]]) -> 2.5 | J36: 0.0025867883 | K36: 0.0033793366 | L36: =K36/J36 -> 1.3063831
A37: RF-47 | B37: CORE-346 | C37: 11-12 | D37: 11.5 | E37: PPM | F37: 0.1 | G37: Mo | H37: 2.2 | I37: =IF(Table18[[#This Row],[Semi_total_radno]]="BLD", 0.65*Table18[[#This Row],[LLD]], Table18[[#This Row],[Semi_total_radno]]) -> 2.2 | J37: 0.00090370938 | K37: 0.34518707 | L37: =K37/J37 -> 381.9669
A38: RF-48 | B38: CORE-346 | C38: 12-13 | D38: 12.5 | E38: PPM | F38: 0.1 | G38: Mo | H38: 1.9 | I38: =IF(Table18[[#This Row],[Semi_total_radno]]="BLD", 0.65*Table18[[#This Row],[LLD]], Table18[[#This Row],[Semi_total_radno]]) -> 1.9 | J38: 0.0022553734 | K38: 0.0018333044 | L38: =K38/J38 -> 0.81286071
A39: RF-49 | B39: CORE-346 | C39: 13-14 | D39: 13.5 | E39: PPM | F39: 0.1 | G39: Mo | H39: 1.3 | I39: =IF(Table18[[#This Row],[Semi_total_radno]]="BLD", 0.65*Table18[[#This Row],[LLD]], Table18[[#This Row],[Semi_total_radno]]) -> 1.3 | J39: 0.0020753995 | K39: 0 | L39: =K39/J39 -> 0
A40: RF-50 | B40: CORE-346 | C40: 14-15 | D40: 14.5 | E40: PPM | F40: 0.1 | G40: Mo | H40: 1.1 | I40: =IF(Table18[[#This Row],[Semi_total_radno]]="BLD", 0.65*Table18[[#This Row],[LLD]], Table18[[#This Row],[Semi_total_radno]]) -> 1.1 | J40: 0.00060549 | K40: 0.0024608949 | L40: =K40/J40 -> 4.0643031
A41: RF-51 | B41: CORE-334 | C41: 0-1 | D41: 0.5 | E41: PPM | F41: 0.1 | G41: Mo | H41: 1 | I41: =IF(Table18[[#This Row],[Semi_total_radno]]="BLD", 0.65*Table18[[#This Row],[LLD]], Table18[[#This Row],[Semi_total_radno]]) -> 1 | J41: 0.2122917 | K41: 1.7695252 | L41: 8.3353478
A42: RF-52 | B42: CORE-334 | C42: 1-2 | D42: 1.5 | E42: PPM | F42: 0.1 | G42: Mo | H42: 0.5 | I42: =IF(Table18[[#This Row],[Semi_total_radno]]="BLD", 0.65*Table18[[#This Row],[LLD]], Table18[[#This Row],[Semi_total_radno]]) -> 0.5 | J42: 0.18038377 | K42: 1.537728 | L42: 8.5247577
A43: RF-53 | B43: CORE-334 | C43: 2-3 | D43: 2.5 | E43: PPM | F43: 0.1 | G43: Mo | H43: 1 | I43: =IF(Table18[[#This Row],[Semi_total_radno]]="BLD", 0.65*Table18[[#This Row],[LLD]], Table18[[#This Row],[Semi_total_radno]]) -> 1 | J43: 0.20040309 | K43: 1.67629 | L43: 8.3645916
A44: RF-54 | B44: CORE-334 | C44: 3-4 | D44: 3.5 | E44: PPM | F44: 0.1 | G44: Mo | H44: 1.6 | I44: =IF(Table18[[#This Row],[Semi_total_radno]]="BLD", 0.65*Table18[[#This Row],[LLD]], Table18[[#This Row],[Semi_total_radno]]) -> 1.6 | J44: 0.1831909 | K44: 1.5863311 | L44: 8.659443
A45: RF-55 | B45: CORE-334 | C45: 4-5 | D45: 4.5 | E45: PPM | F45: 0.1 | G45: Mo | H45: 2.8 | I45: =IF(Table18[[#This Row],[Semi_total_radno]]="BLD", 0.65*Table18[[#This Row],[LLD]], Table18[[#This Row],[Semi_total_radno]]) -> 2.8 | J45: 0.17950253 | K45: 1.4967481 | L45: 8.3383119
A46: RF-56 | B46: CORE-334 | C46: 5-6 | D46: 5.5 | E46: PPM | F46: 0.1 | G46: Mo | H46: 3.2 | I46: =IF(Table18[[#This Row],[Semi_total_radno]]="BLD", 0.65*Table18[[#This Row],[LLD]], Table18[[#This Row],[Semi_total_radno]]) -> 3.2 | J46: 0.21012133 | K46: 1.7805561 | L46: 8.4739424
A47: RF-57 | B47: CORE-334 | C47: 6-7 | D47: 6.5 | E47: PPM | F47: 0.1 | G47: Mo | H47: 3.3 | I47: =IF(Table18[[#This Row],[Semi_total_radno]]="BLD", 0.65*Table18[[#This Row],[LLD]], Table18[[#This Row],[Semi_total_radno]]) -> 3.3 | J47: 0.16531734 | K47: 1.3843391 | L47: 8.3738287
A48: RF-58 | B48: CORE-334 | C48: 7-8 | D48: 7.5 | E48: PPM | F48: 0.1 | G48: Mo | H48: 3.1 | I48: =IF(Table18[[#This Row],[Semi_total_radno]]="BLD", 0.65*Table18[[#This Row],[LLD]], Table18[[#This Row],[Semi_total_radno]]) -> 3.1 | J48: 0.15587628 | K48: 1.3395511 | L48: 8.5936815
A49: RF-59 | B49: CORE-334 | C49: 8-9 | D49: 8.5 | E49: PPM | F49: 0.1 | G49: Mo | H49: 3.4 | I49: =IF(Table18[[#This Row],[Semi_total_radno]]="BLD", 0.65*Table18[[#This Row],[LLD]], Table18[[#This Row],[Semi_total_radno]]) -> 3.4 | J49: 0.12354078 | K49: 1.0216147 | L49: 8.2694529
A50: RF-60 | B50: CORE-334 | C50: 9-10 | D50: 9.5 | E50: PPM | F50: 0.1 | G50: Mo | H50: 2.9 | I50: =IF(Table18[[#This Row],[Semi_total_radno]]="BLD", 0.65*Table18[[#This Row],[LLD]], Table18[[#This Row],[Semi_total_radno]]) -> 2.9 | J50: 0.0065454813 | K50: 0.0066507049 | L50: 1.0160758
A51: RF-61 | B51: CORE-334 | C51: 10-11 | D51: 10.5 | E51: PPM | F51: 0.1 | G51: Mo | H51: 2.3 | I51: =IF(Table18[[#This Row],[Semi_total_radno]]="BLD", 0.65*Table18[[#This Row],[LLD]], Table18[[#This Row],[Semi_total_radno]]) -> 2.3 | J51: 0.0019682962 | K51: 0.0015237624 | L51: 0.77415296
A52: RF-62 | B52: CORE-334 | C52: 11-12 | D52: 11.5 | E52: PPM | F52: 0.1 | G52: Mo | H52: 1.9 | I52: =IF(Table18[[#This Row],[Semi_total_radno]]="BLD", 0.65*Table18[[#This Row],[LLD]], Table18[[#This Row],[Semi_total_radno]]) -> 1.9 | J52: 0.0013041699 | K52: 0.0019877031 | L52: 1.5241137
... A105: RF-24 | B105: CORE-352 | C105: 23-24 | D105: 23.5 | E105: PPM | F105: 0.1 | G105: Cu | H105: 703.8 | I105: =IF(Table18[[#This Row],[Semi_total_radno]]="BLD", 0.65*Table18[[#This Row],[LLD]], Table18[[#This Row],[Semi_total_radno]]) -> 703.8 | J105: 0.2551713 | K105: 0.80598986 | L105: 3.1586227
A106: RF-36 | B106: CORE-346 | C106: 0-1 | D106: 0.5 | E106: PPM | F106: 0.1 | G106: Cu | H106: 131 | I106: =IF(Table18[[#This Row],[Semi_total_radno]]="BLD", 0.65*Table18[[#This Row],[LLD]], Table18[[#This Row],[Semi_total_radno]]) -> 131 | J106: 0.16807576 | K106: 1.5302047 | L106: =K106/J106 -> 9.1042557
A107: RF-37 | B107: CORE-346 | C107: 1-2 | D107: 1.5 | E107: PPM | F107: 0.1 | G107: Cu | H107: 143.8 | I107: =IF(Table18[[#This Row],[Semi_total_radno]]="BLD", 0.65*Table18[[#This Row],[LLD]], Table18[[#This Row],[Semi_total_radno]]) -> 143.8 | J107: 0.16324836 | K107: 1.5245854 | L107: =K107/J107 -> 9.3390547
A108: RF-38 | B108: CORE-346 | C108: 2-3 | D108: 2.5 | E108: PPM | F108: 0.1 | G108: Cu | H108: 157.5 | I108: =IF(Table18[[#This Row],[Semi_total_radno]]="BLD", 0.65*Table18[[#This Row],[LLD]], Table18[[#This Row],[Semi_total_radno]]) -> 157.5 | J108: 0.15263675 | K108: 1.3331742 | L108: =K108/J108 -> 8.7342938
A109: RF-39 | B109: CORE-346 | C109: 3-4 | D109: 3.5 | E109: PPM | F109: 0.1 | G109: Cu | H109: 167.7 | I109: =IF(Table18[[#This Row],[Semi_total_radno]]="BLD", 0.65*Table18[[#This Row],[LLD]], Table18[[#This Row],[Semi_total_radno]]) -> 167.7 | J109: 0.16178781 | K109: 1.3450558 | L109: =K109/J109 -> 8.3137032
A110: RF-40 | B110: CORE-346 | C110: 4-5 | D110: 4.5 | E110: PPM | F110: 0.1 | G110: Cu | H110: 206.4 | I110: =IF(Table18[[#This Row],[Semi_total_radno]]="BLD", 0.65*Table18[[#This Row],[LLD]], Table18[[#This Row],[Semi_total_radno]]) -> 206.4 | J110: 0.15010448 | K110: 1.3260058 | L110: =K110/J110 -> 8.8338858
A111: RF-41 | B111: CORE-346 | C111: 5-6 | D111: 5.5 | E111: PPM | F111: 0.1 | G111: Cu | H111: 190.9 | I111: =IF(Table18[[#This Row],[Semi_total_radno]]="BLD", 0.65*Table18[[#This Row],[LLD]], Table18[[#This Row],[Semi_total_radno]]) -> 190.9 | J111: 0.14570627 | K111: 1.3029922 | L111: =K111/J111 -> 8.9425957
A112: RF-42 | B112: CORE-346 | C112: 6-7 | D112: 6.5 | E112: PPM | F112: 0.1 | G112: Cu | H112: 253.3 | I112: =IF(Table18[[#This Row],[Semi_total_radno]]="BLD", 0.65*Table18[[#This Row],[LLD]], Table18[[#This Row],[Semi_total_radno]]) -> 253.3 | J112: 0.0049335267 | K112: 1.0768021 | L112: =K112/J112 -> 218.26215
A113: RF-43 | B113: CORE-346 | C113: 7-8 | D113: 7.5 | E113: PPM | F113: 0.1 | G113: Cu | H113: 252.5 | I113: =IF(Table18[[#This Row],[Semi_total_radno]]="BLD", 0.65*Table18[[#This Row],[LLD]], Table18[[#This Row],[Semi_total_radno]]) -> 252.5
A114: RF-44 | B114: CORE-346 | C114: 8-9 | D114: 8.5 | E114: PPM | F114: 0.1 | G114: Cu | H114: 272.1 | I114: =IF(Table18[[#This Row],[Semi_total_radno]]="BLD", 0.65*Table18[[#This Row],[LLD]], Table18[[#This Row],[Semi_total_radno]]) -> 272.1 | J114: 0.0030030957 | K114: 0.83362019 | L114: =K114/J114 -> 277.58695
A115: RF-45 | B115: CORE-346 | C115: 9-10 | D115: 9.5 | E115: PPM | F115: 0.1 | G115: Cu | H115: 284.4 | I115: =IF(Table18[[#This Row],[Semi_total_radno]]="BLD", 0.65*Table18[[#This Row],[LLD]], Table18[[#This Row],[Semi_total_radno]]) -> 284.4 | J115: 0.0020532638 | K115: 0.66615409 | L115: =K115/J115 -> 324.43667
A116: RF-46 | B116: CORE-346 | C116: 10-11 | D116: 10.5 | E116: PPM | F116: 0.1 | G116: Cu | H116: 297.6 | I116: =IF(Table18[[#This Row],[Semi_total_radno]]="BLD", 0.65*Table18[[#This Row],[LLD]], Table18[[#This Row],[Semi_total_radno]]) -> 297.6 | J116: 0.0025867883 | K116: 0.0033793366 | L116: =K116/J116 -> 1.3063831
A117: RF-47 | B117: CORE-346 | C117: 11-12 | D117: 11.5 | E117: PPM | F117: 0.1 | G117: Cu | H117: 323.3 | I117: =IF(Table18[[#This Row],[Semi_total_radno]]="BLD", 0.65*Table18[[#This Row],[LLD]], Table18[[#This Row],[Semi_total_radno]]) -> 323.3 | J117: 0.00090370938 | K117: 0.34518707 | L117: =K117/J117 -> 381.9669
A118: RF-48 | B118: CORE-346 | C118: 12-13 | D118: 12.5 | E118: PPM | F118: 0.1 | G118: Cu | H118: 310.8 | I118: =IF(Table18[[#This Row],[Semi_total_radno]]="BLD", 0.65*Table18[[#This Row],[LLD]], Table18[[#This Row],[Semi_total_radno]]) -> 310.8 | J118: 0.0022553734 | K118: 0.0018333044 | L118: =K118/J118 -> 0.81286071
A119: RF-49 | B119: CORE-346 | C119: 13-14 | D119: 13.5 | E119: PPM | F119: 0.1 | G119: Cu | H119: 294.5 | I119: =IF(Table18[[#This Row],[Semi_total_radno]]="BLD", 0.65*Table18[[#This Row],[LLD]], Table18[[#This Row],[Semi_total_radno]]) -> 294.5 | J119: 0.0020753995 | K119: 0 | L119: =K119/J119 -> 0
A120: RF-50 | B120: CORE-346 | C120: 14-15 | D120: 14.5 | E120: PPM | F120: 0.1 | G120: Cu | H120: 319.8 | I120: =IF(Table18[[#This Row],[Semi_total_radno]]="BLD", 0.65*Table18[[#This Row],[LLD]], Table18[[#This Row],[Semi_total_radno]]) -> 319.8 | J120: 0.00060549 | K120: 0.0024608949 | L120: =K120/J120 -> 4.0643031
A121: RF-51 | B121: CORE-334 | C121: 0-1 | D121: 0.5 | E121: PPM | F121: 0.1 | G121: Cu | H121: 69.8 | I121: =IF(Table18[[#This Row],[Semi_total_radno]]="BLD", 0.65*Table18[[#This Row],[LLD]], Table18[[#This Row],[Semi_total_radno]]) -> 69.8 | J121: 0.2122917 | K121: 1.7695252 | L121: 8.3353478
A122: RF-52 | B122: CORE-334 | C122: 1-2 | D122: 1.5 | E122: PPM | F122: 0.1 | G122: Cu | H122: 74.4 | I122: =IF(Table18[[#This Row],[Semi_total_radno]]="BLD", 0.65*Table18[[#This Row],[LLD]], Table18[[#This Row],[Semi_total_radno]]) -> 74.4 | J122: 0.18038377 | K122: 1.537728 | L122: 8.5247577
A123: RF-53 | B123: CORE-334 | C123: 2-3 | D123: 2.5 | E123: PPM | F123: 0.1 | G123: Cu | H123: 77.7 | I123: =IF(Table18[[#This Row],[Semi_total_radno]]="BLD", 0.65*Table18[[#This Row],[LLD]], Table18[[#This Row],[Semi_total_radno]]) -> 77.7 | J123: 0.20040309 | K123: 1.67629 | L123: 8.3645916
A124: RF-54 | B124: CORE-334 | C124: 3-4 | D124: 3.5 | E124: PPM | F124: 0.1 | G124: Cu | H124: 84.7 | I124: =IF(Table18[[#This Row],[Semi_total_radno]]="BLD", 0.65*Table18[[#This Row],[LLD]], Table18[[#This Row],[Semi_total_radno]]) -> 84.7 | J124: 0.1831909 | K124: 1.5863311 | L124: 8.659443
A125: RF-55 | B125: CORE-334 | C125: 4-5 | D125: 4.5 | E125: PPM | F125: 0.1 | G125: Cu | H125: 95 | I125: =IF(Table18[[#This Row],[Semi_total_radno]]="BLD", 0.65*Table18[[#This Row],[LLD]], Table18[[#This Row],[Semi_total_radno]]) -> 95 | J125: 0.17950253 | K125: 1.4967481 | L125: 8.3383119
A126: RF-56 | B126: CORE-334 | C126: 5-6 | D126: 5.5 | E126: PPM | F126: 0.1 | G126: Cu | H126: 109.6 | I126: =IF(Table18[[#This Row],[Semi_total_radno]]="BLD", 0.65*Table18[[#This Row],[LLD]], Table18[[#This Row],[Semi_total_radno]]) -> 109.6 | J126: 0.21012133 | K126: 1.7805561 | L126: 8.4739424
A127: RF-57 | B127: CORE-334 | C127: 6-7 | D127: 6.5 | E127: PPM | F127: 0.1 | G127: Cu | H127: 150.5 | I127: =IF(Table18[[#This Row],[Semi_total_radno]]="BLD", 0.65*Table18[[#This Row],[LLD]], Table18[[#This Row],[Semi_total_radno]]) -> 150.5 | J127: 0.16531734 | K127: 1.3843391 | L127: 8.3738287
A128: RF-58 | B128: CORE-334 | C128: 7-8 | D128: 7.5 | E128: PPM | F128: 0.1 | G128: Cu | H128: 212 | I128: =IF(Table18[[#This Row],[Semi_total_radno]]="BLD", 0.65*Table18[[#This Row],[LLD]], Table18[[#This Row],[Semi_total_radno]]) -> 212 | J128: 0.15587628 | K128: 1.3395511 | L128: 8.5936815
A129: RF-59 | B129: CORE-334 | C129: 8-9 | D129: 8.5 | E129: PPM | F129: 0.1 | G129: Cu | H129: 373.7 | I129: =IF(Table18[[#This Row],[Semi_total_radno]]="BLD", 0.65*Table18[[#This Row],[LLD]], Table18[[#This Row],[Semi_total_radno]]) -> 373.7 | J129: 0.12354078 | K129: 1.0216147 | L129: 8.2694529
A130: RF-60 | B130: CORE-334 | C130: 9-10 | D130: 9.5 | E130: PPM | F130: 0.1 | G130: Cu | H130: 457.9 | I130: =IF(Table18[[#This Row],[Semi_total_radno]]="BLD", 0.65*Table18[[#This Row],[LLD]], Table18[[#This Row],[Semi_total_radno]]) -> 457.9 | J130: 0.0065454813 | K130: 0.0066507049 | L130: 1.0160758
A131: RF-61 | B131: CORE-334 | C131: 10-11 | D131: 10.5 | E131: PPM | F131: 0.1 | G131: Cu | H131: 577.8 | I131: =IF(Table18[[#This Row],[Semi_total_radno]]="BLD", 0.65*Table18[[#This Row],[LLD]], Table18[[#This Row],[Semi_total_radno]]) -> 577.8 | J131: 0.0019682962 | K131: 0.0015237624 | L131: 0.77415296
A132: RF-62 | B132: CORE-334 | C132: 11-12 | D132: 11.5 | E132: PPM | F132: 0.1 | G132: Cu | H132: 684.3 | I132: =IF(Table18[[#This Row],[Semi_total_radno]]="BLD", 0.65*Table18[[#This Row],[LLD]], Table18[[#This Row],[Semi_total_radno]]) -> 684.3 | J132: 0.0013041699 | K132: 0.0019877031 | L132: 1.5241137
... A185: RF-24 | B185: CORE-352 | C185: 23-24 | D185: 23.5 | E185: PPM | F185: 0.1 | G185: Pb | H185: 2.9 | I185: =IF(Table18[[#This Row],[Semi_total_radno]]="BLD", 0.65*Table18[[#This Row],[LLD]], Table18[[#This Row],[Semi_total_radno]]) -> 2.9 | J185: 0.2551713 | K185: 0.80598986 | L185: 3.1586227
A186: RF-25 | B186: CORE-357 | C186: 0-1 | D186: 0.5 | E186: PPM | F186: 0.1 | G186: Pb | H186: 12.5 | I186: =IF(Table18[[#This Row],[Semi_total_radno]]="BLD", 0.65*Table18[[#This Row],[LLD]], Table18[[#This Row],[Semi_total_radno]]) -> 12.5 | J186: 0.34120834 | K186: 1.5170505 | L186: =K186/J186 -> 4.446112
A187: RF-26 | B187: CORE-357 | C187: 1-2 | D187: 1.5 | E187: PPM | F187: 0.1 | G187: Pb | H187: 12.1 | I187: =IF(Table18[[#This Row],[Semi_total_radno]]="BLD", 0.65*Table18[[#This Row],[LLD]], Table18[[#This Row],[Semi_total_radno]]) -> 12.1 | J187: 0.0052734488 | K187: 0.87811798 | L187: =K187/J187 -> 166.51683
A188: RF-27 | B188: CORE-357 | C188: 2-3 | D188: 2.5 | E188: PPM | F188: 0.1 | G188: Pb | H188: 12.6 | I188: =IF(Table18[[#This Row],[Semi_total_radno]]="BLD", 0.65*Table18[[#This Row],[LLD]], Table18[[#This Row],[Semi_total_radno]]) -> 12.6 | J188: 0.25128737 | K188: 1.312072 | L188: =K188/J188 -> 5.2214006
A189: RF-28 | B189: CORE-357 | C189: 3-4 | D189: 3.5 | E189: PPM | F189: 0.1 | G189: Pb | H189: 12.8 | I189: =IF(Table18[[#This Row],[Semi_total_radno]]="BLD", 0.65*Table18[[#This Row],[LLD]], Table18[[#This Row],[Semi_total_radno]]) -> 12.8 | J189: 0.51856995 | K189: 2.0246232 | L189: =K189/J189 -> 3.9042431
A190: RF-29 | B190: CORE-357 | C190: 4-5 | D190: 4.5 | E190: PPM | F190: 0.1 | G190: Pb | H190: 13.1 | I190: =IF(Table18[[#This Row],[Semi_total_radno]]="BLD", 0.65*Table18[[#This Row],[LLD]], Table18[[#This Row],[Semi_total_radno]]) -> 13.1 | J190: 0.44535509 | K190: 1.7919422 | L190: =K190/J190 -> 4.0236258
A191: RF-30 | B191: CORE-357 | C191: 5-6 | D191: 5.5 | E191: PPM | F191: 0.1 | G191: Pb | H191: 12.3 | I191: =IF(Table18[[#This Row],[Semi_total_radno]]="BLD", 0.65*Table18[[#This Row],[LLD]], Table18[[#This Row],[Semi_total_radno]]) -> 12.3 | J191: 0.73049772 | K191: 2.5906391 | L191: =K191/J191 -> 3.5464027
A192: RF-31 | B192: CORE-357 | C192: 6-7 | D192: 6.5 | E192: PPM | F192: 0.1 | G192: Pb | H192: 12.6 | I192: =IF(Table18[[#This Row],[Semi_total_radno]]="BLD", 0.65*Table18[[#This Row],[LLD]], Table18[[#This Row],[Semi_total_radno]]) -> 12.6 | J192: 0.23559479 | K192: 1.2447417 | L192: =K192/J192 -> 5.2834006
A193: RF-32 | B193: CORE-357 | C193: 7-8 | D193: 7.5 | E193: PPM | F193: 0.1 | G193: Pb | H193: 12.1 | I193: =IF(Table18[[#This Row],[Semi_total_radno]]="BLD", 0.65*Table18[[#This Row],[LLD]], Table18[[#This Row],[Semi_total_radno]]) -> 12.1 | J193: 0.0037895394 | K193: 0.0074258852 | L193: =K193/J193 -> 1.9595746
A194: RF-33 | B194: CORE-357 | C194: 8-9 | D194: 8.5 | E194: PPM | F194: 0.1 | G194: Pb | H194: 12.2 | I194: =IF(Table18[[#This Row],[Semi_total_radno]]="BLD", 0.65*Table18[[#This Row],[LLD]], Table18[[#This Row],[Semi_total_radno]]) -> 12.2 | J194: 0.11416455 | K194: 0.98078692 | L194: =K194/J194 -> 8.5909933
A195: RF-34 | B195: CORE-357 | C195: 9-10 | D195: 9.5 | E195: PPM | F195: 0.1 | G195: Pb | H195: 11.3 | I195: =IF(Table18[[#This Row],[Semi_total_radno]]="BLD", 0.65*Table18[[#This Row],[LLD]], Table18[[#This Row],[Semi_total_radno]]) -> 11.3 | J195: 0.0025792727 | K195: 0.7224803 | L195: =K195/J195 -> 280.11008
A196: RF-35 | B196: CORE-357 | C196: 10-11 | D196: 10.5 | E196: PPM | F196: 0.1 | G196: Pb | H196: 11.3 | I196: =IF(Table18[[#This Row],[Semi_total_radno]]="BLD", 0.65*Table18[[#This Row],[LLD]], Table18[[#This Row],[Semi_total_radno]]) -> 11.3 | J196: 0.0041285236 | K196: 0.62968802 | L196: =K196/J196 -> 152.52136
A197: RF-36 | B197: CORE-346 | C197: 0-1 | D197: 0.5 | E197: PPM | F197: 0.1 | G197: Pb | H197: 11.3 | I197: =IF(Table18[[#This Row],[Semi_total_radno]]="BLD", 0.65*Table18[[#This Row],[LLD]], Table18[[#This Row],[Semi_total_radno]]) -> 11.3 | J197: 0.16807576 | K197: 1.5302047 | L197: =K197/J197 -> 9.1042557
... A203: RF-42 | B203: CORE-346 | C203: 6-7 | D203: 6.5 | E203: PPM | F203: 0.1 | G203: Pb | H203: 10.7 | I203: =IF(Table18[[#This Row],[Semi_total_radno]]="BLD", 0.65*Table18[[#This Row],[LLD]], Table18[[#This Row],[Semi_total_radno]]) -> 10.7 | J203: 0.0049335267 | K203: 1.0768021 | L203: =K203/J203 -> 218.26215
A204: RF-43 | B204: CORE-346 | C204: 7-8 | D204: 7.5 | E204: PPM | F204: 0.1 | G204: Pb | H204: 10.2 | I204: =IF(Table18[[#This Row],[Semi_total_radno]]="BLD", 0.65*Table18[[#This Row],[LLD]], Table18[[#This Row],[Semi_total_radno]]) -> 10.2
A205: RF-44 | B205: CORE-346 | C205: 8-9 | D205: 8.5 | E205: PPM | F205: 0.1 | G205: Pb | H205: 9.1 | I205: =IF(Table18[[#This Row],[Semi_total_radno]]="BLD", 0.65*Table18[[#This Row],[LLD]], Table18[[#This Row],[Semi_total_radno]]) -> 9.1 | J205: 0.0030030957 | K205: 0.83362019 | L205: =K205/J205 -> 277.58695
A206: RF-45 | B206: CORE-346 | C206: 9-10 | D206: 9.5 | E206: PPM | F206: 0.1 | G206: Pb | H206: 7.6 | I206: =IF(Table18[[#This Row],[Semi_total_radno]]="BLD", 0.65*Table18[[#This Row],[LLD]], Table18[[#This Row],[Semi_total_radno]]) -> 7.6 | J206: 0.0020532638 | K206: 0.66615409 | L206: =K206/J206 -> 324.43667
A207: RF-46 | B207: CORE-346 | C207: 10-11 | D207: 10.5 | E207: PPM | F207: 0.1 | G207: Pb | H207: 7.5 | I207: =IF(Table18[[#This Row],[Semi_total_radno]]="BLD", 0.65*Table18[[#This Row],[LLD]], Table18[[#This Row],[Semi_total_radno]]) -> 7.5 | J207: 0.0025867883 | K207: 0.0033793366 | L207: =K207/J207 -> 1.3063831
A208: RF-47 | B208: CORE-346 | C208: 11-12 | D208: 11.5 | E208: PPM | F208: 0.1 | G208: Pb | H208: 5.4 | I208: =IF(Table18[[#This Row],[Semi_total_radno]]="BLD", 0.65*Table18[[#This Row],[LLD]], Table18[[#This Row],[Semi_total_radno]]) -> 5.4 | J208: 0.00090370938 | K208: 0.34518707 | L208: =K208/J208 -> 381.9669
A209: RF-48 | B209: CORE-346 | C209: 12-13 | D209: 12.5 | E209: PPM | F209: 0.1 | G209: Pb | H209: 4.4 | I209: =IF(Table18[[#This Row],[Semi_total_radno]]="BLD", 0.65*Table18[[#This Row],[LLD]], Table18[[#This Row],[Semi_total_radno]]) -> 4.4 | J209: 0.0022553734 | K209: 0.0018333044 | L209: =K209/J209 -> 0.81286071
A210: RF-49 | B210: CORE-346 | C210: 13-14 | D210: 13.5 | E210: PPM | F210: 0.1 | G210: Pb | H210: 2.6 | I210: =IF(Table18[[#This Row],[Semi_total_radno]]="BLD", 0.65*Table18[[#This Row],[LLD]], Table18[[#This Row],[Semi_total_radno]]) -> 2.6 | J210: 0.0020753995 | K210: 0 | L210: =K210/J210 -> 0
A211: RF-50 | B211: CORE-346 | C211: 14-15 | D211: 14.5 | E211: PPM | F211: 0.1 | G211: Pb | H211: 2.5 | I211: =IF(Table18[[#This Row],[Semi_total_radno]]="BLD", 0.65*Table18[[#This Row],[LLD]], Table18[[#This Row],[Semi_total_radno]]) -> 2.5 | J211: 0.00060549 | K211: 0.0024608949 | L211: =K211/J211 -> 4.0643031
A212: RF-51 | B212: CORE-334 | C212: 0-1 | D212: 0.5 | E212: PPM | F212: 0.1 | G212: Pb | H212: 13.7 | I212: =IF(Table18[[#This Row],[Semi_total_radno]]="BLD", 0.65*Table18[[#This Row],[LLD]], Table18[[#This Row],[Semi_total_radno]]) -> 13.7 | J212: 0.2122917 | K212: 1.7695252 | L212: 8.3353478
A213: RF-52 | B213: CORE-334 | C213: 1-2 | D213: 1.5 | E213: PPM | F213: 0.1 | G213: Pb | H213: 13.8 | I213: =IF(Table18[[#This Row],[Semi_total_radno]]="BLD", 0.65*Table18[[#This Row],[LLD]], Table18[[#This Row],[Semi_total_radno]]) -> 13.8 | J213: 0.18038377 | K213: 1.537728 | L213: 8.5247577
A214: RF-53 | B214: CORE-334 | C214: 2-3 | D214: 2.5 | E214: PPM | F214: 0.1 | G214: Pb | H214: 14.9 | I214: =IF(Table18[[#This Row],[Semi_total_radno]]="BLD", 0.65*Table18[[#This Row],[LLD]], Table18[[#This Row],[Semi_total_radno]]) -> 14.9 | J214: 0.20040309 | K214: 1.67629 | L214: 8.3645916
A215: RF-54 | B215: CORE-334 | C215: 3-4 | D215: 3.5 | E215: PPM | F215: 0.1 | G215: Pb | H215: 13.9 | I215: =IF(Table18[[#This Row],[Semi_total_radno]]="BLD", 0.65*Table18[[#This Row],[LLD]], Table18[[#This Row],[Semi_total_radno]]) -> 13.9 | J215: 0.1831909 | K215: 1.5863311 | L215: 8.659443
A216: RF-55 | B216: CORE-334 | C216: 4-5 | D216: 4.5 | E216: PPM | F216: 0.1 | G216: Pb | H216: 14.5 | I216: =IF(Table18[[#This Row],[Semi_total_radno]]="BLD", 0.65*Table18[[#This Row],[LLD]], Table18[[#This Row],[Semi_total_radno]]) -> 14.5 | J216: 0.17950253 | K216: 1.4967481 | L216: 8.3383119
A217: RF-56 | B217: CORE-334 | C217: 5-6 | D217: 5.5 | E217: PPM | F217: 0.1 | G217: Pb | H217: 15.1 | I217: =IF(Table18[[#This Row],[Semi_total_radno]]="BLD", 0.65*Table18[[#This Row],[LLD]], Table18[[#This Row],[Semi_total_radno]]) -> 15.1 | J217: 0.21012133 | K217: 1.7805561 | L217: 8.4739424
A218: RF-57 | B218: CORE-334 | C218: 6-7 | D218: 6.5 | E218: PPM | F218: 0.1 | G218: Pb | H218: 14.8 | I218: =IF(Table18[[#This Row],[Semi_total_radno]]="BLD", 0.65*Table18[[#This Row],[LLD]], Table18[[#This Row],[Semi_total_radno]]) -> 14.8 | J218: 0.16531734 | K218: 1.3843391 | L218: 8.3738287
A219: RF-58 | B219: CORE-334 | C219: 7-8 | D219: 7.5 | E219: PPM | F219: 0.1 | G219: Pb | H219: 12.8 | I219: =IF(Table18[[#This Row],[Semi_total_radno]]="BLD", 0.65*Table18[[#This Row],[LLD]], Table18[[#This Row],[Semi_total_radno]]) -> 12.8 | J219: 0.15587628 | K219: 1.3395511 | L219: 8.5936815
A220: RF-59 | B220: CORE-334 | C220: 8-9 | D220: 8.5 | E220: PPM | F220: 0.1 | G220: Pb | H220: 12 | I220: =IF(Table18[[#This Row],[Semi_total_radno]]="BLD", 0.65*Table18[[#This Row],[LLD]], Table18[[#This Row],[Semi_total_radno]]) -> 12 | J220: 0.12354078 | K220: 1.0216147 | L220: 8.2694529
...

Sheet Semi_total_bulk
A1: Sample | B1: Mo | C1: Cu | D1: Pb | E1: Zn | F1: Ag | G1: Ni | H1: Co | I1: Mn | J1: Fe | K1: As | L1: U | M1: Th | N1: Sr | O1: Cd | P1: Sb | Q1: Bi | R1: V | S1: Ca | T1: P | U1: La | V1: Cr | W1: Mg | X1: Ba | Y1: Ti | Z1: Al | AA1: Na | AB1: K | AC1: W | AD1: Zr | AE1: Ce | AF1: Sn | AG1: Y | AH1: Nb | AI1: Ta | AJ1: Be | AK1: Sc | AL1: Li | AM1: S | AN1: Rb | AO1: Hf | AP1: In | AQ1: Re | AR1: Se | AS1: Te | AT1: Tl
A2: CAGE-22-1-HH-352-BC-A-0-1 | B2: 0.7 | C2: 150.2 | D2: 14.7 | E2: 47 | F2: 0.1 | G2: 30.9 | H2: 10 | I2: 308 | J2: 2.64 | K2: 7 | L2: 1.6 | M2: 6.1 | N2: 170 | O2: BLD | P2: 0.3 | Q2: 0.2 | R2: 64 | S2: 1.36 | T2: 0.067 | U2: 22.8 | V2: 110 | W2: 1.02 | X2: 549 | Y2: 0.3 | Z2: 5.16 | AA2: 2.868 | AB2: 1.86 | AC2: 0.6 | AD2: 51.6 | AE2: 47 | AF2: 1.4 | AG2: 15.7 | AH2: 7.2 | AI2: 0.5 | AJ2: 1 | AK2: 9 | AL2: 16.9 | AM2: 0.2 | AN2: 72.2 | AO2: 1.5 | AP2: BLD | AQ2: 0.008 | AR2: BLD | AS2: BLD | AT2: BLD
A3: CAGE-22-1-HH-352-BC-A-1-2 | B3: 0.7 | C3: 129.9 | D3: 13.9 | E3: 46 | F3: BLD | G3: 31.9 | H3: 9.6 | I3: 297 | J3: 2.63 | K3: 4 | L3: 1.8 | M3: 6 | N3: 166 | O3: BLD | P3: 0.3 | Q3: 0.2 | R3: 67 | S3: 1.38 | T3: 0.063 | U3: 23.2 | V3: 115 | W3: 1.05 | X3: 589 | Y3: 0.307 | Z3: 5.4 | AA3: 2.835 | AB3: 1.94 | AC3: 0.6 | AD3: 54.6 | AE3: 48 | AF3: 1.7 | AG3: 16.3 | AH3: 7.3 | AI3: 0.5 | AJ3: 1 | AK3: 9 | AL3: 17.7 | AM3: 0.2 | AN3: 75.1 | AO3: 1.5 | AP3: BLD | AQ3: 0.008 | AR3: BLD | AS3: BLD | AT3: BLD
A4: CAGE-22-1-HH-352-BC-A-2-3 | B4: 1.2 | C4: 145.4 | D4: 14.2 | E4: 47 | F4: BLD | G4: 33.8 | H4: 9.9 | I4: 296 | J4: 2.63 | K4: 5 | L4: 2 | M4: 6.3 | N4: 164 | O4: BLD | P4: 0.3 | Q4: 0.2 | R4: 70 | S4: 1.34 | T4: 0.056 | U4: 23.8 | V4: 119 | W4: 1.07 | X4: 622 | Y4: 0.314 | Z4: 5.43 | AA4: 2.739 | AB4: 2 | AC4: 0.5 | AD4: 53.1 | AE4: 49 | AF4: 1.5 | AG4: 16.1 | AH4: 7.2 | AI4: 0.4 | AJ4: 1 | AK4: 9 | AL4: 18.4 | AM4: 0.2 | AN4: 77.1 | AO4: 1.5 | AP4: BLD | AQ4: 0.008 | AR4: BLD | AS4: BLD | AT4: BLD
A5: CAGE-22-1-HH-352-BC-A-3-4 | B5: 3 | C5: 193.4 | D5: 14.4 | E5: 49 | F5: 0.1 | G5: 35.8 | H5: 10.2 | I5: 282 | J5: 2.67 | K5: 5 | L5: 2.5 | M5: 6.5 | N5: 154 | O5: BLD | P5: 0.3 | Q5: 0.2 | R5: 69 | S5: 1.25 | T5: 0.053 | U5: 23.7 | V5: 131 | W5: 1.08 | X5: 651 | Y5: 0.302 | Z5: 5.38 | AA5: 2.705 | AB5: 2 | AC5: 0.6 | AD5: 51.8 | AE5: 48 | AF5: 1.5 | AG5: 15.4 | AH5: 6.8 | AI5: 0.4 | AJ5: 1 | AK5: 9 | AL5: 18.8 | AM5: 0.3 | AN5: 78.1 | AO5: 1.5 | AP5: BLD | AQ5: 0.009 | AR5: BLD | AS5: BLD | AT5: BLD
A6: CAGE-22-1-HH-352-BC-A-4-5 | B6: 3.5 | C6: 215.5 | D6: 14.2 | E6: 48 | F6: 0.1 | G6: 37.1 | H6: 10.6 | I6: 285 | J6: 2.83 | K6: 6 | L6: 2.4 | M6: 6.6 | N6: 148 | O6: BLD | P6: 0.3 | Q6: 0.2 | R6: 72 | S6: 1.24 | T6: 0.055 | U6: 23.9 | V6: 157 | W6: 1.09 | X6: 693 | Y6: 0.292 | Z6: 5.49 | AA6: 2.663 | AB6: 2.1 | AC6: 0.6 | AD6: 49.7 | AE6: 49 | AF6: 1.5 | AG6: 14.6 | AH6: 6.6 | AI6: 0.4 | AJ6: 1 | AK6: 9 | AL6: 19 | AM6: 0.3 | AN6: 79.6 | AO6: 1.4 | AP6: BLD | AQ6: 0.009 | AR6: BLD | AS6: BLD | AT6: BLD
A7: CAGE-22-1-HH-352-BC-A-5-6 | B7: 3.6 | C7: 236.4 | D7: 13.9 | E7: 47 | F7: 0.1 | G7: 37.8 | H7: 10.5 | I7: 270 | J7: 2.86 | K7: 7 | L7: 2.4 | M7: 6.3 | N7: 145 | O7: BLD | P7: 0.3 | Q7: 0.2 | R7: 75 | S7: 1.2 | T7: 0.049 | U7: 23.2 | V7: 157 | W7: 1.1 | X7: 722 | Y7: 0.285 | Z7: 5.59 | AA7: 2.656 | AB7: 2.13 | AC7: 0.5 | AD7: 48.5 | AE7: 47 | AF7: 1.5 | AG7: 14.2 | AH7: 6.4 | AI7: 0.4 | AJ7: 1 | AK7: 9 | AL7: 18.8 | AM7: 0.3 | AN7: 79.4 | AO7: 1.4 | AP7: BLD | AQ7: 0.01 | AR7: BLD | AS7: BLD | AT7: BLD
A8: CAGE-22-1-HH-352-BC-A-6-7 | B8: 3.3 | C8: 292.5 | D8: 14.3 | E8: 47 | F8: 0.1 | G8: 39.3 | H8: 10.9 | I8: 265 | J8: 2.87 | K8: 8 | L8: 2.4 | M8: 6.5 | N8: 136 | O8: BLD | P8: 0.3 | Q8: 0.2 | R8: 75 | S8: 1.07 | T8: 0.048 | U8: 23.7 | V8: 176 | W8: 1.1 | X8: 787 | Y8: 0.284 | Z8: 5.76 | AA8: 2.625 | AB8: 2.18 | AC8: 0.5 | AD8: 49.1 | AE8: 48 | AF8: 1.5 | AG8: 13.9 | AH8: 6.1 | AI8: 0.4 | AJ8: 1 | AK8: 9 | AL8: 19.1 | AM8: 0.3 | AN8: 81.7 | AO8: 1.4 | AP8: BLD | AQ8: 0.013 | AR8: BLD | AS8: BLD | AT8: BLD
A9: CAGE-22-1-HH-352-BC-A-7-8 | B9: 3.2 | C9: 449.3 | D9: 13.3 | E9: 44 | F9: 0.1 | G9: 42.6 | H9: 11.4 | I9: 254 | J9: 3.02 | K9: 6 | L9: 2.3 | M9: 6.4 | N9: 125 | O9: BLD | P9: 0.3 | Q9: 0.3 | R9: 79 | S9: 0.91 | T9: 0.046 | U9: 22.8 | V9: 201 | W9: 1.08 | X9: 899 | Y9: 0.276 | Z9: 5.89 | AA9: 2.564 | AB9: 2.39 | AC9: 0.5 | AD9: 51.2 | AE9: 46 | AF9: 1.5 | AG9: 12.9 | AH9: 5.6 | AI9: 0.3 | AJ9: 1 | AK9: 9 | AL9: 18.8 | AM9: 0.3 | AN9: 84.7 | AO9: 1.5 | AP9: BLD | AQ9: 0.021 | AR9: BLD | AS9: BLD | AT9: BLD
A10: CAGE-22-1-HH-352-BC-A-8-9 | B10: 2.3 | C10: 700.4 | D10: 9.1 | E10: 36 | F10: 0.2 | G10: 46.2 | H10: 11.7 | I10: 211 | J10: 2.97 | K10: 7 | L10: 2.1 | M10: 6.2 | N10: 97 | O10: BLD | P10: 0.3 | Q10: 0.4 | R10: 79 | S10: 0.55 | T10: 0.034 | U10: 21 | V10: 277 | W10: 0.99 | X10: 1121 | Y10: 0.24 | Z10: 5.9 | AA10: 2.215 | AB10: 2.62 | AC10: 0.4 | AD10: 46.5 | AE10: 42 | AF10: 1.4 | AG10: 10 | AH10: 4.3 | AI10: 0.3 | AJ10: 1 | AK10: 8 | AL10: 16.9 | AM10: 0.2 | AN10: 86.8 | AO10: 1.3 | AP10: BLD | AQ10: 0.021 | AR10: BLD | AS10: BLD | AT10: BLD
A11: CAGE-22-1-HH-352-BC-A-9-10 | B11: 1.8 | C11: 719.8 | D11: 6.2 | E11: 32 | F11: 0.2 | G11: 50 | H11: 13 | I11: 224 | J11: 3.18 | K11: 3 | L11: 1.9 | M11: 5.9 | N11: 76 | O11: BLD | P11: 0.3 | Q11: 0.4 | R11: 82 | S11: 0.39 | T11: 0.029 | U11: 19.4 | V11: 321 | W11: 1.03 | X11: 1204 | Y11: 0.23 | Z11: 6.03 | AA11: 2.103 | AB11: 2.83 | AC11: 0.3 | AD11: 45.6 | AE11: 39 | AF11: 1.3 | AG11: 8.9 | AH11: 3.5 | AI11: 0.2 | AJ11: BLD | AK11: 9 | AL11: 16.7 | AM11: 0.2 | AN11: 88.9 | AO11: 1.3 | AP11: BLD | AQ11: 0.027 | AR11: BLD | AS11: BLD | AT11: BLD
A12: CAGE-22-1-HH-352-BC-A-10-11 | B12: 1.6 | C12: 670.9 | D12: 6.1 | E12: 30 | F12: 0.1 | G12: 50.4 | H12: 11.9 | I12: 190 | J12: 3.06 | K12: 3 | L12: 1.9 | M12: 6 | N12: 77 | O12: BLD | P12: 0.2 | Q12: 0.4 | R12: 81 | S12: 0.37 | T12: 0.028 | U12: 19.6 | V12: 307 | W12: 1 | X12: 1274 | Y12: 0.217 | Z12: 6.38 | AA12: 2.134 | AB12: 2.93 | AC12: 0.3 | AD12: 46.6 | AE12: 39 | AF12: 1.4 | AG12: 8.6 | AH12: 3.4 | AI12: 0.2 | AJ12: 1 | AK12: 8 | AL12: 16.7 | AM12: 0.2 | AN12: 92.7 | AO12: 1.3 | AP12: BLD | AQ12: 0.035 | AR12: BLD | AS12: BLD | AT12: BLD
A13: CAGE-22-1-HH-352-BC-A-11-12 | B13: 1.1 | C13: 594.7 | D13: 4.1 | E13: 24 | F13: BLD | G13: 50 | H13: 10.8 | I13: 165 | J13: 2.94 | K13: 3 | L13: 1.7 | M13: 6.1 | N13: 67 | O13: BLD | P13: 0.2 | Q13: 0.4 | R13: 80 | S13: 0.22 | T13: 0.025 | U13: 19.3 | V13: 309 | W13: 0.93 | X13: 1330 | Y13: 0.2 | Z13: 6.27 | AA13: 2.098 | AB13: 2.94 | AC13: 0.3 | AD13: 46 | AE13: 38 | AF13: 1.5 | AG13: 7.7 | AH13: 2.8 | AI13: 0.1 | AJ13: 1 | AK13: 8 | AL13: 15.5 | AM13: 0.1 | AN13: 92.3 | AO13: 1.3 | AP13: BLD | AQ13: 0.033 | AR13: BLD | AS13: BLD | AT13: BLD
A14: CAGE-22-1-HH-352-BC-A-12-13 | B14: 1.2 | C14: 558.1 | D14: 5.5 | E14: 24 | F14: BLD | G14: 51.2 | H14: 11 | I14: 164 | J14: 3.01 | K14: 2 | L14: 1.7 | M14: 5.9 | N14: 67 | O14: BLD | P14: 0.2 | Q14: 0.4 | R14: 79 | S14: 0.2 | T14: 0.025 | U14: 19 | V14: 323 | W14: 0.92 | X14: 1360 | Y14: 0.202 | Z14: 6.23 | AA14: 2.154 | AB14: 2.97 | AC14: 0.3 | AD14: 45.9 | AE14: 38 | AF14: 1.4 | AG14: 7.7 | AH14: 2.7 | AI14: 0.1 | AJ14: 1 | AK14: 8 | AL14: 15.4 | AM14: 0.1 | AN14: 93.3 | AO14: 1.3 | AP14: BLD | AQ14: 0.035 | AR14: BLD | AS14: BLD | AT14: BLD
A15: CAGE-22-1-HH-352-BC-A-13-14 | B15: 1.1 | C15: 529.2 | D15: 3.5 | E15: 25 | F15: BLD | G15: 54.5 | H15: 12.2 | I15: 181 | J15: 3.17 | K15: 2 | L15: 1.7 | M15: 6.4 | N15: 65 | O15: BLD | P15: 0.2 | Q15: 0.4 | R15: 82 | S15: 0.18 | T15: 0.025 | U15: 19.5 | V15: 343 | W15: 1.03 | X15: 1476 | Y15: 0.208 | Z15: 6.52 | AA15: 2.152 | AB15: 3.09 | AC15: 0.3 | AD15: 47.7 | AE15: 39 | AF15: 1.5 | AG15: 7.8 | AH15: 2.7 | AI15: 0.1 | AJ15: 1 | AK15: 8 | AL15: 16.5 | AM15: 0.1 | AN15: 95.4 | AO15: 1.3 | AP15: BLD | AQ15: 0.036 | AR15: BLD | AS15: BLD | AT15: BLD
A16: CAGE-22-1-HH-352-BC-A-14-15 | B16: 1.2 | C16: 651.9 | D16: 3.4 | E16: 24 | F16: 0.1 | G16: 53.9 | H16: 12 | I16: 180 | J16: 3.18 | K16: 2 | L16: 1.6 | M16: 6 | N16: 66 | O16: BLD | P16: 0.2 | Q16: 0.4 | R16: 84 | S16: 0.21 | T16: 0.025 | U16: 19.1 | V16: 331 | W16: 1.01 | X16: 1472 | Y16: 0.2 | Z16: 6.46 | AA16: 2.222 | AB16: 3.05 | AC16: 0.4 | AD16: 46.2 | AE16: 38 | AF16: 1.3 | AG16: 7.4 | AH16: 2.6 | AI16: 0.1 | AJ16: BLD | AK16: 8 | AL16: 16.3 | AM16: 0.1 | AN16: 93.3 | AO16: 1.3 | AP16: BLD | AQ16: 0.032 | AR16: BLD | AS16: BLD | AT16: BLD
A17: CAGE-22-1-HH-352-BC-A-15-16 | B17: 1.4 | C17: 638.5 | D17: 3.8 | E17: 26 | F17: 0.1 | G17: 54.2 | H17: 12.6 | I17: 186 | J17: 3.18 | K17: 1 | L17: 1.7 | M17: 6.1 | N17: 65 | O17: BLD | P17: 0.2 | Q17: 0.4 | R17: 84 | S17: 0.23 | T17: 0.025 | U17: 19.1 | V17: 339 | W17: 1.06 | X17: 1500 | Y17: 0.204 | Z17: 6.47 | AA17: 2.201 | AB17: 2.99 | AC17: 0.4 | AD17: 45.7 | AE17: 38 | AF17: 1.4 | AG17: 7.3 | AH17: 2.7 | AI17: 0.1 | AJ17: 1 | AK17: 8 | AL17: 16.7 | AM17: 0.1 | AN17: 92.7 | AO17: 1.3 | AP17: BLD | AQ17: 0.04 | AR17: BLD | AS17: BLD | AT17: BLD
A18: CAGE-22-1-HH-352-BC-A-16-17 | B18: 1.3 | C18: 747 | D18: 3.5 | E18: 25 | F18: BLD | G18: 55.4 | H18: 12.6 | I18: 187 | J18: 3.19 | K18: 2 | L18: 1.6 | M18: 6 | N18: 66 | O18: BLD | P18: 0.2 | Q18: 0.4 | R18: 83 | S18: 0.23 | T18: 0.025 | U18: 18.8 | V18: 356 | W18: 1.06 | X18: 1549 | Y18: 0.207 | Z18: 6.5 | AA18: 2.288 | AB18: 3.04 | AC18: 0.4 | AD18: 46 | AE18: 37 | AF18: 1.3 | AG18: 7.2 | AH18: 2.7 | AI18: 0.1 | AJ18: BLD | AK18: 8 | AL18: 16.9 | AM18: 0.1 | AN18: 92.2 | AO18: 1.3 | AP18: BLD | AQ18: 0.031 | AR18: BLD | AS18: BLD | AT18: BLD
A19: CAGE-22-1-HH-352-BC-A-17-18 | B19: 0.8 | C19: 815.6 | D19: 2.8 | E19: 24 | F19: 0.1 | G19: 54.8 | H19: 12.4 | I19: 190 | J19: 3.08 | K19: 1 | L19: 1.5 | M19: 5.6 | N19: 64 | O19: BLD | P19: 0.2 | Q19: 0.4 | R19: 77 | S19: 0.24 | T19: 0.024 | U19: 18.2 | V19: 331 | W19: 1.03 | X19: 1451 | Y19: 0.191 | Z19: 6.28 | AA19: 2.466 | AB19: 2.76 | AC19: 0.6 | AD19: 44.5 | AE19: 37 | AF19: 1.2 | AG19: 6.9 | AH19: 2.5 | AI19: 0.1 | AJ19: BLD | AK19: 8 | AL19: 16.2 | AM19: 0.1 | AN19: 83.2 | AO19: 1.2 | AP19: BLD | AQ19: 0.014 | AR19: BLD | AS19: BLD | AT19: BLD
A20: CAGE-22-1-HH-352-BC-A-18-19 | B20: 0.4 | C20: 1033.1 | D20: 2.4 | E20: 23 | F20: 0.1 | G20: 52.6 | H20: 12.2 | I20: 183 | J20: 2.88 | K20: 2 | L20: 1.4 | M20: 5.4 | N20: 64 | O20: BLD | P20: 0.2 | Q20: 0.4 | R20: 72 | S20: 0.21 | T20: 0.022 | U20: 19.2 | V20: 309 | W20: 0.96 | X20: 1536 | Y20: 0.186 | Z20: 6.04 | AA20: 2.521 | AB20: 2.54 | AC20: 0.5 | AD20: 45.8 | AE20: 38 | AF20: 1.1 | AG20: 6.8 | AH20: 2.3 | AI20: 0.1 | AJ20: BLD | AK20: 7 | AL20: 15.4 | AM20: BLD | AN20: 78.7 | AO20: 1.3 | AP20: BLD | AQ20: 0.009 | AR20: BLD | AS20: BLD | AT20: BLD
A21: CAGE-22-1-HH-352-BC-A-19-20 | B21: 0.6 | C21: 1195.6 | D21: 2.3 | E21: 22 | F21: 0.1 | G21: 49.3 | H21: 12 | I21: 164 | J21: 2.8 | K21: BLD | L21: 1.3 | M21: 5.1 | N21: 61 | O21: BLD | P21: 0.2 | Q21: 0.4 | R21: 70 | S21: 0.19 | T21: 0.021 | U21: 18.1 | V21: 283 | W21: 0.9 | X21: 1449 | Y21: 0.175 | Z21: 5.77 | AA21: 2.411 | AB21: 2.41 | AC21: 0.5 | AD21: 44.8 | AE21: 35 | AF21: 1.1 | AG21: 6.6 | AH21: 2.1 | AI21: 0.1 | AJ21: BLD | AK21: 7 | AL21: 14.4 | AM21: 0.2 | AN21: 73.1 | AO21: 1.3 | AP21: BLD | AQ21: 0.01 | AR21: BLD | AS21: BLD | AT21: BLD
A22: CAGE-22-1-HH-352-BC-A-20-21 | B22: 0.8 | C22: 1614.9 | D22: 2.7 | E22: 26 | F22: 0.2 | G22: 52.5 | H22: 13 | I22: 194 | J22: 3.15 | K22: 1 | L22: 1.4 | M22: 5.3 | N22: 63 | O22: BLD | P22: 0.2 | Q22: 0.6 | R22: 81 | S22: 0.27 | T22: 0.025 | U22: 18 | V22: 295 | W22: 1.03 | X22: 1211 | Y22: 0.184 | Z22: 6.15 | AA22: 2.494 | AB22: 2.6 | AC22: 0.5 | AD22: 44.5 | AE22: 35 | AF22: 1.1 | AG22: 7 | AH22: 2.3 | AI22: 0.1 | AJ22: BLD | AK22: 8 | AL22: 15.6 | AM22: 0.2 | AN22: 78.2 | AO22: 1.2 | AP22: BLD | AQ22: 0.014 | AR22: BLD | AS22: BLD | AT22: BLD
A23: CAGE-22-1-HH-352-BC-A-21-22 | B23: 0.7 | C23: 1476 | D23: 4.1 | E23: 30 | F23: 0.2 | G23: 54.7 | H23: 13.3 | I23: 202 | J23: 3.1 | K23: 2 | L23: 1.4 | M23: 5.3 | N23: 58 | O23: BLD | P23: 0.3 | Q23: 0.5 | R23: 80 | S23: 0.24 | T23: 0.025 | U23: 17.4 | V23: 293 | W23: 1.04 | X23: 1088 | Y23: 0.182 | Z23: 5.93 | AA23: 2.191 | AB23: 2.62 | AC23: 0.7 | AD23: 42.7 | AE23: 35 | AF23: 1.2 | AG23: 6.9 | AH23: 2.4 | AI23: 0.1 | AJ23: BLD | AK23: 8 | AL23: 16.2 | AM23: 0.1 | AN23: 79.7 | AO23: 1.2 | AP23: BLD | AQ23: 0.013 | AR23: BLD | AS23: BLD | AT23: BLD
A24: CAGE-22-1-HH-352-BC-A-22-23 | B24: 0.4 | C24: 838.9 | D24: 3.2 | E24: 31 | F24: 0.1 | G24: 60.9 | H24: 14.8 | I24: 255 | J24: 3.25 | K24: BLD | L24: 1.5 | M24: 5.6 | N24: 53 | O24: BLD | P24: 0.2 | Q24: 0.4 | R24: 88 | S24: 0.33 | T24: 0.027 | U24: 17.5 | V24: 312 | W24: 1.27 | X24: 945 | Y24: 0.194 | Z24: 6.33 | AA24: 2.186 | AB24: 2.66 | AC24: 0.8 | AD24: 43.1 | AE24: 35 | AF24: 1.1 | AG24: 7.6 | AH24: 2.6 | AI24: 0.2 | AJ24: BLD | AK24: 9 | AL24: 18.1 | AM24: BLD | AN24: 80.5 | AO24: 1.2 | AP24: BLD | AQ24: 0.011 | AR24: BLD | AS24: BLD | AT24: BLD
A25: CAGE-22-1-HH-352-BC-A-23-24 | B25: 0.5 | C25: 703.8 | D25: 2.9 | E25: 30 | F25: BLD | G25: 61.1 | H25: 14.8 | I25: 264 | J25: 3.36 | K25: 1 | L25: 1.5 | M25: 5.7 | N25: 56 | O25: BLD | P25: 0.2 | Q25: 0.4 | R25: 89 | S25: 0.37 | T25: 0.028 | U25: 18 | V25: 325 | W25: 1.28 | X25: 973 | Y25: 0.199 | Z25: 6.38 | AA25: 2.217 | AB25: 2.73 | AC25: 0.6 | AD25: 44.7 | AE25: 36 | AF25: 1.1 | AG25: 8 | AH25: 2.6 | AI25: 0.2 | AJ25: BLD | AK25: 9 | AL25: 18.5 | AM25: BLD | AN25: 83.7 | AO25: 1.3 | AP25: BLD | AQ25: 0.009 | AR25: BLD | AS25: BLD | AT25: BLD
A26: CAGE-22-1-HH-357-BC-0-1 | B26: 0.6 | C26: 23.2 | D26: 12.5 | E26: 35 | F26: BLD | G26: 23.4 | H26: 7.3 | I26: 324 | J26: 2.1 | K26: 1 | L26: 1.8 | M26: 7.3 | N26: 182 | O26: BLD | P26: 0.2 | Q26: 0.1 | R26: 54 | S26: 1.77 | T26: 0.062 | U26: 21.6 | V26: 67 | W26: 0.81 | X26: 379 | Y26: 0.314 | Z26: 4.63 | AA26: 2.198 | AB26: 1.46 | AC26: 0.4 | AD26: 64.1 | AE26: 45 | AF26: 1.2 | AG26: 17.7 | AH26: 7.3 | AI26: 0.5 | AJ26: 1 | AK26: 9 | AL26: 13 | AM26: 0.1 | AN26: 52.7 | AO26: 1.9 | AP26: BLD | AQ26: BLD | AR26: 1 | AS26: BLD | AT26: BLD
A27: CAGE-22-1-HH-357-BC-1-2 | B27: 0.6 | C27: 25.1 | D27: 12.1 | E27: 33 | F27: BLD | G27: 22.6 | H27: 7 | I27: 309 | J27: 1.97 | K27: 2 | L27: 1.8 | M27: 5.1 | N27: 172 | O27: BLD | P27: 0.2 | Q27: 0.1 | R27: 53 | S27: 1.73 | T27: 0.054 | U27: 23.2 | V27: 71 | W27: 0.77 | X27: 357 | Y27: 0.301 | Z27: 4.4 | AA27: 2.066 | AB27: 1.36 | AC27: 0.4 | AD27: 59.3 | AE27: 48 | AF27: 1.2 | AG27: 17.1 | AH27: 7 | AI27: 0.5 | AJ27: BLD | AK27: 8 | AL27: 12.6 | AM27: 0.1 | AN27: 50.7 | AO27: 1.7 | AP27: BLD | AQ27: BLD | AR27: BLD | AS27: BLD | AT27: BLD
A28: CAGE-22-1-HH-357-BC-2-3 | B28: 0.6 | C28: 25.4 | D28: 12.6 | E28: 34 | F28: BLD | G28: 22.9 | H28: 7.3 | I28: 314 | J28: 2.05 | K28: BLD | L28: 1.8 | M28: 5.4 | N28: 183 | O28: BLD | P28: 0.2 | Q28: 0.1 | R28: 54 | S28: 1.83 | T28: 0.058 | U28: 23.4 | V28: 68 | W28: 0.79 | X28: 373 | Y28: 0.319 | Z28: 4.66 | AA28: 2.232 | AB28: 1.44 | AC28: 0.4 | AD28: 69.4 | AE28: 48 | AF28: 1.2 | AG28: 17.9 | AH28: 7.7 | AI28: 0.5 | AJ28: 1 | AK28: 9 | AL28: 13 | AM28: 0.1 | AN28: 52.7 | AO28: 2 | AP28: BLD | AQ28: BLD | AR28: BLD | AS28: BLD | AT28: BLD
A29: CAGE-22-1-HH-357-BC-3-4 | B29: 0.7 | C29: 24.1 | D29: 12.8 | E29: 35 | F29: BLD | G29: 23.5 | H29: 7.4 | I29: 325 | J29: 2.05 | K29: 2 | L29: 1.8 | M29: 5.1 | N29: 187 | O29: BLD | P29: 0.2 | Q29: 0.1 | R29: 54 | S29: 1.88 | T29: 0.058 | U29: 22.6 | V29: 70 | W29: 0.8 | X29: 370 | Y29: 0.319 | Z29: 4.71 | AA29: 2.28 | AB29: 1.42 | AC29: 0.4 | AD29: 64.7 | AE29: 47 | AF29: 1.3 | AG29: 18.2 | AH29: 7.8 | AI29: 0.5 | AJ29: 1 | AK29: 9 | AL29: 12.6 | AM29: 0.1 | AN29: 51.9 | AO29: 1.8 | AP29: BLD | AQ29: BLD | AR29: BLD | AS29: BLD | AT29: BLD
A30: CAGE-22-1-HH-357-BC-4-5 | B30: 0.9 | C30: 25.9 | D30: 13.1 | E30: 34 | F30: BLD | G30: 23.2 | H30: 7.2 | I30: 324 | J30: 2.06 | K30: 2 | L30: 1.8 | M30: 5.6 | N30: 183 | O30: BLD | P30: 0.2 | Q30: 0.1 | R30: 53 | S30: 1.77 | T30: 0.055 | U30: 23.3 | V30: 71 | W30: 0.8 | X30: 378 | Y30: 0.314 | Z30: 4.57 | AA30: 2.16 | AB30: 1.43 | AC30: 0.4 | AD30: 66.1 | AE30: 48 | AF30: 1.2 | AG30: 18.1 | AH30: 7.6 | AI30: 0.5 | AJ30: 2 | AK30: 9 | AL30: 12.6 | AM30: 0.1 | AN30: 52.6 | AO30: 2 | AP30: BLD | AQ30: BLD | AR30: BLD | AS30: BLD | AT30: BLD
A31: CAGE-22-1-HH-357-BC-5-6 | B31: 0.7 | C31: 25.4 | D31: 12.3 | E31: 31 | F31: BLD | G31: 21.4 | H31: 6.8 | I31: 322 | J31: 1.94 | K31: 1 | L31: 1.6 | M31: 5 | N31: 177 | O31: BLD | P31: 0.2 | Q31: BLD | R31: 50 | S31: 1.68 | T31: 0.058 | U31: 22.5 | V31: 61 | W31: 0.73 | X31: 350 | Y31: 0.302 | Z31: 4.46 | AA31: 2.089 | AB31: 1.34 | AC31: 0.4 | AD31: 57 | AE31: 46 | AF31: 1.1 | AG31: 16.9 | AH31: 7.2 | AI31: 0.5 | AJ31: 1 | AK31: 8 | AL31: 11.3 | AM31: 0.1 | AN31: 48.9 | AO31: 1.6 | AP31: BLD | AQ31: BLD | AR31: BLD | AS31: BLD | AT31: BLD
A32: CAGE-22-1-HH-357-BC-6-7 | B32: 0.8 | C32: 26.7 | D32: 12.6 | E32: 34 | F32: BLD | G32: 22.6 | H32: 7.3 | I32: 322 | J32: 2.04 | K32: 1 | L32: 1.9 | M32: 5.4 | N32: 183 | O32: BLD | P32: 0.3 | Q32: 0.1 | R32: 53 | S32: 1.94 | T32: 0.054 | U32: 22.5 | V32: 68 | W32: 0.78 | X32: 367 | Y32: 0.315 | Z32: 4.66 | AA32: 2.107 | AB32: 1.41 | AC32: 0.4 | AD32: 66.3 | AE32: 47 | AF32: 1.2 | AG32: 18.5 | AH32: 7.8 | AI32: 0.5 | AJ32: 1 | AK32: 9 | AL32: 12.4 | AM32: 0.1 | AN32: 52.1 | AO32: 1.9 | AP32: BLD | AQ32: BLD | AR32: 1 | AS32: BLD | AT32: BLD
A33: CAGE-22-1-HH-357-BC-7-8 | B33: 0.8 | C33: 27.8 | D33: 12.1 | E33: 30 | F33: BLD | G33: 21.1 | H33: 6.6 | I33: 298 | J33: 1.9 | K33: 3 | L33: 1.8 | M33: 5.4 | N33: 195 | O33: BLD | P33: 0.2 | Q33: 0.1 | R33: 48 | S33: 1.89 | T33: 0.054 | U33: 23.8 | V33: 63 | W33: 0.71 | X33: 354 | Y33: 0.308 | Z33: 4.44 | AA33: 2.064 | AB33: 1.35 | AC33: 0.4 | AD33: 64.2 | AE33: 49 | AF33: 1.1 | AG33: 17.2 | AH33: 7.4 | AI33: 0.5 | AJ33: 1 | AK33: 8 | AL33: 11.1 | AM33: 0.1 | AN33: 48.6 | AO33: 1.9 | AP33: BLD | AQ33: BLD | AR33: BLD | AS33: BLD | AT33: BLD
A34: CAGE-22-1-HH-357-BC-8-9 | B34: 0.9 | C34: 23.7 | D34: 12.2 | E34: 32 | F34: BLD | G34: 22.1 | H34: 7.1 | I34: 322 | J34: 2.01 | K34: 3 | L34: 1.8 | M34: 4.9 | N34: 178 | O34: BLD | P34: 0.2 | Q34: BLD | R34: 51 | S34: 1.68 | T34: 0.051 | U34: 21.6 | V34: 62 | W34: 0.76 | X34: 357 | Y34: 0.306 | Z34: 4.62 | AA34: 2.15 | AB34: 1.39 | AC34: 0.4 | AD34: 61.3 | AE34: 45 | AF34: 1.1 | AG34: 17.6 | AH34: 7.2 | AI34: 0.5 | AJ34: 1 | AK34: 9 | AL34: 11.9 | AM34: 0.1 | AN34: 51 | AO34: 1.8 | AP34: BLD | AQ34: BLD | AR34: 1 | AS34: BLD | AT34: BLD
A35: CAGE-22-1-HH-357-BC-9-10 | B35: 0.9 | C35: 19 | D35: 11.3 | E35: 31 | F35: BLD | G35: 22 | H35: 6.9 | I35: 310 | J35: 1.95 | K35: 2 | L35: 1.9 | M35: 5.1 | N35: 175 | O35: BLD | P35: 0.3 | Q35: BLD | R35: 50 | S35: 1.68 | T35: 0.05 | U35: 22.8 | V35: 57 | W35: 0.76 | X35: 346 | Y35: 0.301 | Z35: 4.44 | AA35: 2.058 | AB35: 1.35 | AC35: 0.4 | AD35: 55.8 | AE35: 47 | AF35: 1.1 | AG35: 17.1 | AH35: 7.3 | AI35: 0.5 | AJ35: 1 | AK35: 8 | AL35: 11.8 | AM35: 0.1 | AN35: 49.4 | AO35: 1.5 | AP35: BLD | AQ35: BLD | AR35: 1 | AS35: BLD | AT35: BLD
A36: CAGE-22-1-HH-357-BC-10-11 | B36: 1 | C36: 17.4 | D36: 11.3 | E36: 30 | F36: BLD | G36: 21.7 | H36: 6.8 | I36: 302 | J36: 1.93 | K36: 3 | L36: 1.9 | M36: 4.7 | N36: 184 | O36: BLD | P36: 0.2 | Q36: BLD | R36: 50 | S36: 2.05 | T36: 0.048 | U36: 20.8 | V36: 63 | W36: 0.72 | X36: 343 | Y36: 0.294 | Z36: 4.42 | AA36: 2.071 | AB36: 1.32 | AC36: 0.4 | AD36: 61.2 | AE36: 44 | AF36: 1 | AG36: 16.5 | AH36: 6.9 | AI36: 0.5 | AJ36: 1 | AK36: 8 | AL36: 11.5 | AM36: 0.2 | AN36: 49 | AO36: 1.7 | AP36: BLD | AQ36: 0.006 | AR36: BLD | AS36: BLD | AT36: BLD
A37: CAGE-22-1-HH-346-BC-A-0-1 | B37: 0.7 | C37: 131 | D37: 11.3 | E37: 42 | F37: BLD | G37: 32.4 | H37: 9.7 | I37: 273 | J37: 2.49 | K37: 4 | L37: 1.6 | M37: 5.6 | N37: 145 | O37: BLD | P37: 0.3 | Q37: 0.1 | R37: 61 | S37: 1.03 | T37: 0.06 | U37: 22.3 | V37: 129 | W37: 0.97 | X37: 542 | Y37: 0.289 | Z37: 5.21 | AA37: 2.748 | AB37: 1.82 | AC37: 0.5 | AD37: 52.1 | AE37: 45 | AF37: 1.3 | AG37: 14.9 | AH37: 6.6 | AI37: 0.4 | AJ37: 1 | AK37: 8 | AL37: 16.6 | AM37: 0.2 | AN37: 70.6 | AO37: 1.5 | AP37: BLD | AQ37: 0.016 | AR37: BLD | AS37: BLD | AT37: BLD
A38: CAGE-22-1-HH-346-BC-A-1-2 | B38: 1.2 | C38: 143.8 | D38: 11.5 | E38: 44 | F38: 0.1 | G38: 32.3 | H38: 9.7 | I38: 267 | J38: 2.5 | K38: 5 | L38: 2 | M38: 6.1 | N38: 143 | O38: BLD | P38: 0.3 | Q38: 0.2 | R38: 65 | S38: 0.99 | T38: 0.049 | U38: 23.1 | V38: 138 | W38: 0.98 | X38: 568 | Y38: 0.276 | Z38: 4.99 | AA38: 2.605 | AB38: 1.82 | AC38: 0.4 | AD38: 52.3 | AE38: 46 | AF38: 1.3 | AG38: 14.5 | AH38: 6.5 | AI38: 0.4 | AJ38: 1 | AK38: 8 | AL38: 16.6 | AM38: 0.2 | AN38: 74 | AO38: 1.4 | AP38: BLD | AQ38: 0.015 | AR38: BLD | AS38: BLD | AT38: BLD
A39: CAGE-22-1-HH-346-BC-A-2-3 | B39: 2.2 | C39: 157.5 | D39: 11.4 | E39: 42 | F39: 0.1 | G39: 32.9 | H39: 9.8 | I39: 273 | J39: 2.46 | K39: 5 | L39: 2.3 | M39: 5.9 | N39: 141 | O39: BLD | P39: 0.3 | Q39: 0.2 | R39: 64 | S39: 1.01 | T39: 0.047 | U39: 22.1 | V39: 146 | W39: 0.95 | X39: 593 | Y39: 0.27 | Z39: 5.08 | AA39: 2.527 | AB39: 1.87 | AC39: 0.4 | AD39: 50.3 | AE39: 44 | AF39: 1.3 | AG39: 14.5 | AH39: 6.4 | AI39: 0.4 | AJ39: 1 | AK39: 8 | AL39: 16.6 | AM39: 0.2 | AN39: 74.2 | AO39: 1.4 | AP39: BLD | AQ39: 0.022 | AR39: 1 | AS39: BLD | AT39: BLD
A40: CAGE-22-1-HH-346-BC-A-3-4 | B40: 3.1 | C40: 167.7 | D40: 11.7 | E40: 44 | F40: 0.1 | G40: 33.7 | H40: 9.9 | I40: 253 | J40: 2.49 | K40: 6 | L40: 2.7 | M40: 5.9 | N40: 147 | O40: BLD | P40: 0.3 | Q40: 0.2 | R40: 65 | S40: 1.06 | T40: 0.075 | U40: 23.7 | V40: 152 | W40: 0.95 | X40: 614 | Y40: 0.28 | Z40: 5.14 | AA40: 2.488 | AB40: 1.87 | AC40: 0.4 | AD40: 53.1 | AE40: 47 | AF40: 1.4 | AG40: 15.1 | AH40: 6.7 | AI40: 0.4 | AJ40: 1 | AK40: 8 | AL40: 16.6 | AM40: 0.2 | AN40: 75.1 | AO40: 1.5 | AP40: BLD | AQ40: 0.02 | AR40: 1 | AS40: BLD | AT40: BLD
A41: CAGE-22-1-HH-346-BC-A-4-5 | B41: 4.4 | C41: 206.4 | D41: 11.6 | E41: 43 | F41: 0.1 | G41: 35.5 | H41: 10.3 | I41: 257 | J41: 2.6 | K41: 6 | L41: 2.5 | M41: 5.7 | N41: 133 | O41: BLD | P41: 0.3 | Q41: 0.6 | R41: 66 | S41: 0.86 | T41: 0.044 | U41: 22.2 | V41: 170 | W41: 0.96 | X41: 642 | Y41: 0.26 | Z41: 5.2 | AA41: 2.482 | AB41: 1.94 | AC41: 0.4 | AD41: 49.8 | AE41: 44 | AF41: 1.4 | AG41: 13.7 | AH41: 5.8 | AI41: 0.3 | AJ41: 1 | AK41: 8 | AL41: 16.6 | AM41: 0.3 | AN41: 76.1 | AO41: 1.4 | AP41: BLD | AQ41: 0.03 | AR41: BLD | AS41: BLD | AT41: BLD
A42: CAGE-22-1-HH-346-BC-A-5-6 | B42: 3.4 | C42: 190.9 | D42: 10.1 | E42: 38 | F42: 0.1 | G42: 32.6 | H42: 9.4 | I42: 222 | J42: 2.34 | K42: 6 | L42: 2.2 | M42: 5.1 | N42: 114 | O42: BLD | P42: 0.3 | Q42: 0.2 | R42: 60 | S42: 0.82 | T42: 0.039 | U42: 20.7 | V42: 155 | W42: 0.86 | X42: 580 | Y42: 0.235 | Z42: 4.68 | AA42: 2.14 | AB42: 1.72 | AC42: 0.3 | AD42: 46 | AE42: 41 | AF42: 1.2 | AG42: 12.1 | AH42: 5.2 | AI42: 0.3 | AJ42: BLD | AK42: 7 | AL42: 14.6 | AM42: 0.2 | AN42: 67.3 | AO42: 1.3 | AP42: BLD | AQ42: 0.023 | AR42: 1 | AS42: BLD | AT42: BLD
A43: CAGE-22-1-HH-346-BC-A-6-7 | B43: 3.8 | C43: 253.3 | D43: 10.7 | E43: 41 | F43: 0.1 | G43: 37.3 | H43: 10.5 | I43: 238 | J43: 2.65 | K43: 7 | L43: 2.3 | M43: 5.6 | N43: 122 | O43: BLD | P43: 0.3 | Q43: 0.2 | R43: 67 | S43: 0.75 | T43: 0.042 | U43: 22.4 | V43: 188 | W43: 0.96 | X43: 671 | Y43: 0.254 | Z43: 5.26 | AA43: 2.387 | AB43: 1.92 | AC43: 0.4 | AD43: 48.2 | AE43: 45 | AF43: 1.3 | AG43: 13 | AH43: 5.5 | AI43: 0.3 | AJ43: 1 | AK43: 8 | AL43: 16 | AM43: 0.3 | AN43: 74.5 | AO43: 1.3 | AP43: BLD | AQ43: 0.035 | AR43: BLD | AS43: BLD | AT43: BLD
A44: CAGE-22-1-HH-346-BC-A-7-8 | B44: 3.6 | C44: 252.5 | D44: 10.2 | E44: 39 | F44: 0.1 | G44: 36.2 | H44: 10.2 | I44: 223 | J44: 2.56 | K44: 6 | L44: 2.2 | M44: 5.6 | N44: 115 | O44: BLD | P44: 0.3 | Q44: 0.2 | R44: 67 | S44: 0.73 | T44: 0.04 | U44: 21.4 | V44: 181 | W44: 0.91 | X44: 655 | Y44: 0.238 | Z44: 5.05 | AA44: 2.274 | AB44: 1.87 | AC44: 0.4 | AD44: 47.6 | AE44: 43 | AF44: 1.2 | AG44: 12 | AH44: 5 | AI44: 0.3 | AJ44: 1 | AK44: 7 | AL44: 15.4 | AM44: 0.3 | AN44: 71.9 | AO44: 1.4 | AP44: BLD | AQ44: 0.032 | AR44: BLD | AS44: BLD | AT44: BLD
A45: CAGE-22-1-HH-346-BC-A-8-9 | B45: 3.3 | C45: 272.1 | D45: 9.1 | E45: 36 | F45: 0.1 | G45: 37.6 | H45: 10.3 | I45: 211 | J45: 2.55 | K45: 6 | L45: 2 | M45: 5.3 | N45: 105 | O45: BLD | P45: 0.3 | Q45: 0.2 | R45: 63 | S45: 0.58 | T45: 0.035 | U45: 20.3 | V45: 195 | W45: 0.9 | X45: 688 | Y45: 0.224 | Z45: 5.09 | AA45: 2.226 | AB45: 1.91 | AC45: 0.4 | AD45: 44.8 | AE45: 40 | AF45: 1.2 | AG45: 11.1 | AH45: 4.6 | AI45: 0.3 | AJ45: BLD | AK45: 7 | AL45: 14.7 | AM45: 0.2 | AN45: 70.4 | AO45: 1.3 | AP45: BLD | AQ45: 0.042 | AR45: BLD | AS45: BLD | AT45: BLD
A46: CAGE-22-1-HH-346-BC-A-9-10 | B46: 2.7 | C46: 284.4 | D46: 7.6 | E46: 33 | F46: BLD | G46: 39.8 | H46: 10.6 | I46: 197 | J46: 2.55 | K46: 5 | L46: 1.8 | M46: 5.1 | N46: 97 | O46: BLD | P46: 0.3 | Q46: 0.2 | R46: 63 | S46: 0.47 | T46: 0.031 | U46: 19.6 | V46: 228 | W46: 0.89 | X46: 712 | Y46: 0.207 | Z46: 5.15 | AA46: 2.176 | AB46: 1.95 | AC46: 0.3 | AD46: 47 | AE46: 39 | AF46: 1.2 | AG46: 10.3 | AH46: 4 | AI46: 0.2 | AJ46: BLD | AK46: 7 | AL46: 14.1 | AM46: 0.2 | AN46: 69.6 | AO46: 1.3 | AP46: BLD | AQ46: 0.047 | AR46: BLD | AS46: BLD | AT46: BLD
A47: CAGE-22-1-HH-346-BC-A-10-11 | B47: 2.5 | C47: 297.6 | D47: 7.5 | E47: 33 | F47: 0.1 | G47: 39.8 | H47: 10.5 | I47: 198 | J47: 2.52 | K47: 4 | L47: 1.8 | M47: 5 | N47: 96 | O47: BLD | P47: 0.2 | Q47: 0.2 | R47: 62 | S47: 0.45 | T47: 0.032 | U47: 20 | V47: 234 | W47: 0.88 | X47: 732 | Y47: 0.208 | Z47: 5.18 | AA47: 2.168 | AB47: 1.98 | AC47: 0.3 | AD47: 46.8 | AE47: 40 | AF47: 1.2 | AG47: 10.3 | AH47: 4 | AI47: 0.3 | AJ47: BLD | AK47: 7 | AL47: 14 | AM47: 0.2 | AN47: 69.5 | AO47: 1.3 | AP47: BLD | AQ47: 0.051 | AR47: BLD | AS47: BLD | AT47: BLD
A48: CAGE-22-1-HH-346-BC-A-11-12 | B48: 2.2 | C48: 323.3 | D48: 5.4 | E48: 30 | F48: BLD | G48: 46.3 | H48: 11.9 | I48: 191 | J48: 2.67 | K48: 4 | L48: 1.8 | M48: 5 | N48: 81 | O48: BLD | P48: 0.2 | Q48: 0.2 | R48: 65 | S48: 0.3 | T48: 0.028 | U48: 18.8 | V48: 266 | W48: 0.96 | X48: 842 | Y48: 0.188 | Z48: 5.43 | AA48: 2.178 | AB48: 2.17 | AC48: 0.2 | AD48: 47 | AE48: 37 | AF48: 1.3 | AG48: 8.9 | AH48: 3.2 | AI48: 0.2 | AJ48: BLD | AK48: 7 | AL48: 13.9 | AM48: 0.1 | AN48: 71.6 | AO48: 1.3 | AP48: BLD | AQ48: 0.085 | AR48: BLD | AS48: BLD | AT48: BLD
A49: CAGE-22-1-HH-346-BC-A-12-13 | B49: 1.9 | C49: 310.8 | D49: 4.4 | E49: 28 | F49: BLD | G49: 47.3 | H49: 11.9 | I49: 180 | J49: 2.6 | K49: 4 | L49: 1.8 | M49: 4.9 | N49: 76 | O49: BLD | P49: 0.2 | Q49: 0.2 | R49: 63 | S49: 0.24 | T49: 0.026 | U49: 18.7 | V49: 271 | W49: 0.93 | X49: 874 | Y49: 0.173 | Z49: 5.26 | AA49: 2.095 | AB49: 2.15 | AC49: 0.2 | AD49: 45.4 | AE49: 36 | AF49: 1.3 | AG49: 8.3 | AH49: 2.8 | AI49: 0.2 | AJ49: BLD | AK49: 7 | AL49: 13.4 | AM49: 0.1 | AN49: 71.1 | AO49: 1.2 | AP49: BLD | AQ49: 0.081 | AR49: BLD | AS49: BLD | AT49: BLD
A50: CAGE-22-1-HH-346-BC-A-13-14 | B50: 1.3 | C50: 294.5 | D50: 2.6 | E50: 22 | F50: BLD | G50: 44 | H50: 10.6 | I50: 146 | J50: 2.39 | K50: 2 | L50: 1.4 | M50: 4.2 | N50: 66 | O50: BLD | P50: 0.2 | Q50: 0.2 | R50: 55 | S50: 0.14 | T50: 0.02 | U50: 17.7 | V50: 247 | W50: 0.82 | X50: 759 | Y50: 0.154 | Z50: 4.95 | AA50: 2.013 | AB50: 1.94 | AC50: 0.2 | AD50: 43.2 | AE50: 34 | AF50: 1 | AG50: 6.9 | AH50: 2.1 | AI50: 0.1 | AJ50: BLD | AK50: 6 | AL50: 11 | AM50: BLD | AN50: 62.9 | AO50: 1.2 | AP50: BLD | AQ50: 0.081 | AR50: BLD | AS50: BLD | AT50: BLD
A51: CAGE-22-1-HH-346-BC-A-14-15 | B51: 1.1 | C51: 319.8 | D51: 2.5 | E51: 23 | F51: BLD | G51: 51.9 | H51: 11.9 | I51: 166 | J51: 2.72 | K51: 3 | L51: 1.4 | M51: 4.6 | N51: 66 | O51: BLD | P51: 0.2 | Q51: 0.2 | R51: 64 | S51: 0.13 | T51: 0.022 | U51: 17.8 | V51: 312 | W51: 0.94 | X51: 883 | Y51: 0.164 | Z51: 5.72 | AA51: 2.056 | AB51: 2.4 | AC51: 0.2 | AD51: 43.1 | AE51: 34 | AF51: 1.3 | AG51: 7.2 | AH51: 2.1 | AI51: 0.1 | AJ51: BLD | AK51: 7 | AL51: 12.8 | AM51: BLD | AN51: 74.4 | AO51: 1.2 | AP51: BLD | AQ51: 0.092 | AR51: BLD | AS51: BLD | AT51: BLD
A52: CAGE-22-1-HH-334-MC-B-0-1 | B52: 1 | C52: 69.8 | D52: 13.7 | E52: 44 | F52: BLD | G52: 29.9 | H52: 9.3 | I52: 341 | J52: 2.59 | K52: 7 | L52: 1.6 | M52: 6 | N52: 176 | O52: BLD | P52: 0.3 | Q52: 0.1 | R52: 65 | S52: 1.55 | T52: 0.082 | U52: 24.1 | V52: 110 | W52: 0.99 | X52: 494 | Y52: 0.315 | Z52: 4.94 | AA52: 2.642 | AB52: 1.76 | AC52: 0.5 | AD52: 53.4 | AE52: 48 | AF52: 1.3 | AG52: 16.8 | AH52: 7.7 | AI52: 0.5 | AJ52: 1 | AK52: 9 | AL52: 16.6 | AM52: 0.2 | AN52: 70.6 | AO52: 1.5 | AP52: BLD | AQ52: 0.005 | AR52: 1 | AS52: BLD | AT52: BLD
A53: CAGE-22-1-HH-334-MC-B-1-2 | B53: 0.5 | C53: 74.4 | D53: 13.8 | E53: 45 | F53: BLD | G53: 31.5 | H53: 9.6 | I53: 308 | J53: 2.57 | K53: 5 | L53: 1.7 | M53: 6.7 | N53: 176 | O53: BLD | P53: 0.2 | Q53: 0.1 | R53: 67 | S53: 1.52 | T53: 0.067 | U53: 25.5 | V53: 113 | W53: 1.02 | X53: 524 | Y53: 0.333 | Z53: 5.18 | AA53: 2.628 | AB53: 1.85 | AC53: 0.5 | AD53: 57.6 | AE53: 51 | AF53: 1.5 | AG53: 17.5 | AH53: 8 | AI53: 0.5 | AJ53: 1 | AK53: 9 | AL53: 17.4 | AM53: 0.2 | AN53: 74.3 | AO53: 1.6 | AP53: BLD | AQ53: BLD | AR53: 1 | AS53: BLD | AT53: BLD
A54: CAGE-22-1-HH-334-MC-B-2-3 | B54: 1 | C54: 77.7 | D54: 14.9 | E54: 80 | F54: BLD | G54: 31.6 | H54: 9.7 | I54: 299 | J54: 2.46 | K54: 5 | L54: 2 | M54: 6 | N54: 174 | O54: BLD | P54: 0.3 | Q54: 0.2 | R54: 66 | S54: 1.48 | T54: 0.059 | U54: 24.5 | V54: 110 | W54: 0.98 | X54: 526 | Y54: 0.328 | Z54: 5.16 | AA54: 2.526 | AB54: 1.85 | AC54: 0.6 | AD54: 55.9 | AE54: 49 | AF54: 1.4 | AG54: 17.2 | AH54: 7.9 | AI54: 0.5 | AJ54: 1 | AK54: 9 | AL54: 17.8 | AM54: 0.2 | AN54: 74.6 | AO54: 1.6 | AP54: BLD | AQ54: 0.009 | AR54: 1 | AS54: BLD | AT54: BLD
A55: CAGE-22-1-HH-334-MC-B-3-4 | B55: 1.6 | C55: 84.7 | D55: 13.9 | E55: 45 | F55: BLD | G55: 32.2 | H55: 9.8 | I55: 300 | J55: 2.47 | K55: 5 | L55: 2.3 | M55: 6.2 | N55: 171 | O55: BLD | P55: 0.3 | Q55: 0.1 | R55: 68 | S55: 1.54 | T55: 0.057 | U55: 24.7 | V55: 116 | W55: 0.99 | X55: 527 | Y55: 0.327 | Z55: 5.23 | AA55: 2.536 | AB55: 1.83 | AC55: 0.5 | AD55: 56.4 | AE55: 49 | AF55: 1.4 | AG55: 17.1 | AH55: 7.9 | AI55: 0.5 | AJ55: 1 | AK55: 9 | AL55: 17.5 | AM55: 0.2 | AN55: 74 | AO55: 1.6 | AP55: BLD | AQ55: 0.006 | AR55: 1 | AS55: BLD | AT55: BLD
A56: CAGE-22-1-HH-334-MC-B-4-5 | B56: 2.8 | C56: 95 | D56: 14.5 | E56: 47 | F56: BLD | G56: 32.9 | H56: 10 | I56: 300 | J56: 2.58 | K56: 6 | L56: 2.5 | M56: 6.2 | N56: 171 | O56: BLD | P56: 0.3 | Q56: 0.2 | R56: 71 | S56: 1.5 | T56: 0.058 | U56: 25 | V56: 121 | W56: 1 | X56: 549 | Y56: 0.322 | Z56: 5.22 | AA56: 2.409 | AB56: 1.89 | AC56: 0.5 | AD56: 54 | AE56: 50 | AF56: 1.4 | AG56: 17.1 | AH56: 7.8 | AI56: 0.5 | AJ56: 1 | AK56: 9 | AL56: 17.7 | AM56: 0.3 | AN56: 75.4 | AO56: 1.5 | AP56: BLD | AQ56: 0.007 | AR56: 2 | AS56: BLD | AT56: BLD
A57: CAGE-22-1-HH-334-MC-B-5-6 | B57: 3.2 | C57: 109.6 | D57: 15.1 | E57: 49 | F57: 0.1 | G57: 33.9 | H57: 10.3 | I57: 301 | J57: 2.71 | K57: 6 | L57: 2.4 | M57: 6.6 | N57: 176 | O57: BLD | P57: 0.3 | Q57: 0.2 | R57: 71 | S57: 1.65 | T57: 0.059 | U57: 25.4 | V57: 138 | W57: 1.06 | X57: 583 | Y57: 0.322 | Z57: 5.4 | AA57: 2.588 | AB57: 1.94 | AC57: 0.5 | AD57: 53.7 | AE57: 51 | AF57: 1.5 | AG57: 16.9 | AH57: 7.7 | AI57: 0.5 | AJ57: 1 | AK57: 9 | AL57: 18.7 | AM57: 0.3 | AN57: 78.9 | AO57: 1.6 | AP57: BLD | AQ57: 0.006 | AR57: 1 | AS57: BLD | AT57: BLD
A58: CAGE-22-1-HH-334-MC-B-6-7 | B58: 3.3 | C58: 150.5 | D58: 14.8 | E58: 48 | F58: BLD | G58: 35.2 | H58: 10.3 | I58: 295 | J58: 2.75 | K58: 8 | L58: 2.5 | M58: 6.3 | N58: 161 | O58: BLD | P58: 0.3 | Q58: 0.2 | R58: 73 | S58: 1.33 | T58: 0.054 | U58: 24.6 | V58: 144 | W58: 1.03 | X58: 639 | Y58: 0.32 | Z58: 5.42 | AA58: 2.394 | AB58: 2.07 | AC58: 0.5 | AD58: 53.5 | AE58: 49 | AF58: 1.4 | AG58: 16.2 | AH58: 7.5 | AI58: 0.5 | AJ58: 1 | AK58: 9 | AL58: 17.8 | AM58: 0.3 | AN58: 79.6 | AO58: 1.5 | AP58: BLD | AQ58: 0.015 | AR58: 1 | AS58: BLD | AT58: BLD
A59: CAGE-22-1-HH-334-MC-B-7-8 | B59: 3.1 | C59: 212 | D59: 12.8 | E59: 41 | F59: 0.1 | G59: 33.2 | H59: 9.3 | I59: 248 | J59: 2.52 | K59: 8 | L59: 2.2 | M59: 5.7 | N59: 132 | O59: BLD | P59: 0.3 | Q59: 0.2 | R59: 69 | S59: 1 | T59: 0.043 | U59: 21.5 | V59: 153 | W59: 0.9 | X59: 694 | Y59: 0.282 | Z59: 5.14 | AA59: 2.127 | AB59: 2.08 | AC59: 0.5 | AD59: 46.7 | AE59: 44 | AF59: 1.3 | AG59: 14.2 | AH59: 6.4 | AI59: 0.4 | AJ59: 1 | AK59: 8 | AL59: 15.8 | AM59: 0.3 | AN59: 74.7 | AO59: 1.3 | AP59: BLD | AQ59: 0.014 | AR59: 1 | AS59: BLD | AT59: BLD
A60: CAGE-22-1-HH-334-MC-B-8-9 | B60: 3.4 | C60: 373.7 | D60: 12 | E60: 42 | F60: 0.1 | G60: 43.3 | H60: 11.3 | I60: 247 | J60: 2.92 | K60: 8 | L60: 2.3 | M60: 6.2 | N60: 117 | O60: BLD | P60: 0.3 | Q60: 0.3 | R60: 81 | S60: 0.82 | T60: 0.041 | U60: 22.1 | V60: 234 | W60: 1.03 | X60: 912 | Y60: 0.27 | Z60: 5.92 | AA60: 2.201 | AB60: 2.46 | AC60: 0.4 | AD60: 48.8 | AE60: 44 | AF60: 1.5 | AG60: 12.8 | AH60: 5.5 | AI60: 0.3 | AJ60: 1 | AK60: 9 | AL60: 17.2 | AM60: 0.3 | AN60: 86.5 | AO60: 1.4 | AP60: BLD | AQ60: 0.018 | AR60: BLD | AS60: BLD | AT60: BLD
A61: CAGE-22-1-HH-334-MC-B-9-10 | B61: 2.9 | C61: 457.9 | D61: 10.2 | E61: 38 | F61: 0.1 | G61: 46.9 | H61: 11.9 | I61: 235 | J61: 3 | K61: 7 | L61: 2.2 | M61: 6.3 | N61: 106 | O61: BLD | P61: 0.3 | Q61: 0.3 | R61: 85 | S61: 0.68 | T61: 0.037 | U61: 21.8 | V61: 273 | W61: 1.05 | X61: 1076 | Y61: 0.258 | Z61: 6.14 | AA61: 2.181 | AB61: 2.66 | AC61: 0.3 | AD61: 48.8 | AE61: 43 | AF61: 1.4 | AG61: 11.6 | AH61: 4.9 | AI61: 0.3 | AJ61: 1 | AK61: 9 | AL61: 17.4 | AM61: 0.3 | AN61: 90.5 | AO61: 1.4 | AP61: BLD | AQ61: 0.021 | AR61: BLD | AS61: BLD | AT61: BLD
A62: CAGE-22-1-HH-334-MC-B-10-11 | B62: 2.3 | C62: 577.8 | D62: 8.4 | E62: 45 | F62: 0.1 | G62: 50.2 | H62: 12.1 | I62: 216 | J62: 3.05 | K62: 5 | L62: 2 | M62: 6.1 | N62: 89 | O62: BLD | P62: 0.2 | Q62: 0.4 | R62: 84 | S62: 0.51 | T62: 0.031 | U62: 20.4 | V62: 319 | W62: 1.05 | X62: 1202 | Y62: 0.235 | Z62: 6.17 | AA62: 2.103 | AB62: 2.79 | AC62: 0.4 | AD62: 47.1 | AE62: 40 | AF62: 1.3 | AG62: 10 | AH62: 4.1 | AI62: 0.2 | AJ62: 1 | AK62: 9 | AL62: 16.6 | AM62: 0.2 | AN62: 91.8 | AO62: 1.3 | AP62: BLD | AQ62: 0.019 | AR62: BLD | AS62: BLD | AT62: BLD
A63: CAGE-22-1-HH-334-MC-B-11-12 | B63: 1.9 | C63: 684.3 | D63: 6.4 | E63: 32 | F63: 0.1 | G63: 52.8 | H63: 12.9 | I63: 213 | J63: 3.11 | K63: 5 | L63: 1.8 | M63: 5.9 | N63: 78 | O63: BLD | P63: 0.2 | Q63: 0.4 | R63: 89 | S63: 0.48 | T63: 0.029 | U63: 19.5 | V63: 323 | W63: 1.08 | X63: 1198 | Y63: 0.223 | Z63: 6.15 | AA63: 2.075 | AB63: 2.82 | AC63: 0.3 | AD63: 45.3 | AE63: 39 | AF63: 1.2 | AG63: 9.1 | AH63: 3.6 | AI63: 0.2 | AJ63: BLD | AK63: 9 | AL63: 16.9 | AM63: 0.2 | AN63: 90.7 | AO63: 1.2 | AP63: BLD | AQ63: 0.02 | AR63: BLD | AS63: BLD | AT63: BLD
A64: CAGE-22-1-HH-334-MC-B-12-13 | B64: 1.5 | C64: 683.7 | D64: 5.9 | E64: 32 | F64: BLD | G64: 54 | H64: 13.3 | I64: 221 | J64: 3.12 | K64: 4 | L64: 1.7 | M64: 5.9 | N64: 74 | O64: BLD | P64: 0.2 | Q64: 0.4 | R64: 85 | S64: 0.45 | T64: 0.029 | U64: 19.2 | V64: 315 | W64: 1.12 | X64: 1131 | Y64: 0.221 | Z64: 6.12 | AA64: 2.028 | AB64: 2.76 | AC64: 0.3 | AD64: 45.8 | AE64: 38 | AF64: 1.2 | AG64: 9 | AH64: 3.4 | AI64: 0.2 | AJ64: BLD | AK64: 9 | AL64: 16.9 | AM64: 0.2 | AN64: 89 | AO64: 1.3 | AP64: BLD | AQ64: 0.017 | AR64: BLD | AS64: BLD | AT64: BLD
A65: CAGE-22-1-HH-334-MC-B-13-14 | B65: 0.8 | C65: 920.4 | D65: 4.2 | E65: 30 | F65: 0.1 | G65: 58.1 | H65: 14.6 | I65: 233 | J65: 3.3 | K65: 3 | L65: 1.7 | M65: 5.9 | N65: 62 | O65: BLD | P65: 0.1 | Q65: 0.4 | R65: 91 | S65: 0.42 | T65: 0.027 | U65: 19.5 | V65: 316 | W65: 1.23 | X65: 1030 | Y65: 0.216 | Z65: 6.42 | AA65: 2.035 | AB65: 2.8 | AC65: 0.3 | AD65: 47 | AE65: 38 | AF65: 1 | AG65: 8.9 | AH65: 3.2 | AI65: 0.2 | AJ65: 1 | AK65: 9 | AL65: 17.8 | AM65: 0.2 | AN65: 88.7 | AO65: 1.3 | AP65: BLD | AQ65: 0.014 | AR65: BLD | AS65: BLD | AT65: BLD
A66: CAGE-22-1-HH-334-MC-B-14-15 | B66: 0.9 | C66: 847.7 | D66: 4.2 | E66: 26 | F66: 0.1 | G66: 55 | H66: 13.8 | I66: 201 | J66: 3.16 | K66: 3 | L66: 1.7 | M66: 6 | N66: 61 | O66: BLD | P66: 0.1 | Q66: 0.5 | R66: 86 | S66: 0.4 | T66: 0.027 | U66: 20.6 | V66: 311 | W66: 1.12 | X66: 1017 | Y66: 0.218 | Z66: 6.33 | AA66: 1.945 | AB66: 2.89 | AC66: 0.2 | AD66: 49.1 | AE66: 41 | AF66: 1 | AG66: 9.3 | AH66: 3.3 | AI66: 0.2 | AJ66: 1 | AK66: 9 | AL66: 17.3 | AM66: 0.2 | AN66: 91.7 | AO66: 1.3 | AP66: BLD | AQ66: 0.024 | AR66: BLD | AS66: BLD | AT66: BLD
A67: CAGE-22-1-HH-334-MC-B-15-16 | B67: 1 | C67: 628.4 | D67: 6.2 | E67: 30 | F67: 0.1 | G67: 49.1 | H67: 13.1 | I67: 226 | J67: 3.05 | K67: 3 | L67: 1.6 | M67: 5.8 | N67: 84 | O67: BLD | P67: 0.2 | Q67: 0.3 | R67: 83 | S67: 0.6 | T67: 0.032 | U67: 21 | V67: 270 | W67: 1.07 | X67: 920 | Y67: 0.246 | Z67: 6.04 | AA67: 1.975 | AB67: 2.64 | AC67: 0.3 | AD67: 48.3 | AE67: 42 | AF67: 1 | AG67: 11.1 | AH67: 4.4 | AI67: 0.3 | AJ67: 1 | AK67: 9 | AL67: 16.9 | AM67: 0.2 | AN67: 86.1 | AO67: 1.3 | AP67: BLD | AQ67: 0.013 | AR67: BLD | AS67: BLD | AT67: BLD
A68: CAGE-22-1-HH-334-MC-B-16-17 | B68: 1 | C68: 374.5 | D68: 9.7 | E68: 34 | F68: 0.1 | G68: 42.2 | H68: 11.6 | I68: 262 | J68: 2.88 | K68: 4 | L68: 1.9 | M68: 6.7 | N68: 132 | O68: BLD | P68: 0.2 | Q68: 0.2 | R68: 75 | S68: 1.33 | T68: 0.042 | U68: 24.3 | V68: 202 | W68: 1.01 | X68: 765 | Y68: 0.294 | Z68: 5.85 | AA68: 2.088 | AB68: 2.36 | AC68: 0.4 | AD68: 51.8 | AE68: 49 | AF68: 1.2 | AG68: 15 | AH68: 6.3 | AI68: 0.4 | AJ68: 1 | AK68: 9 | AL68: 17 | AM68: 0.3 | AN68: 82.3 | AO68: 1.5 | AP68: BLD | AQ68: 0.014 | AR68: 1 | AS68: BLD | AT68: BLD
A69: CAGE-22-1-HH-334-MC-B-17-18 | B69: 1.2 | C69: 79.7 | D69: 13.7 | E69: 40 | F69: BLD | G69: 28.5 | H69: 8.7 | I69: 302 | J69: 2.42 | K69: 4 | L69: 1.9 | M69: 5.9 | N69: 167 | O69: BLD | P69: 0.2 | Q69: 0.1 | R69: 62 | S69: 1.24 | T69: 0.052 | U69: 24.3 | V69: 100 | W69: 0.84 | X69: 476 | Y69: 0.348 | Z69: 5.02 | AA69: 2.127 | AB69: 1.74 | AC69: 0.4 | AD69: 56 | AE69: 50 | AF69: 1.2 | AG69: 18.8 | AH69: 8.4 | AI69: 0.5 | AJ69: 1 | AK69: 9 | AL69: 15.6 | AM69: 0.3 | AN69: 67.6 | AO69: 1.6 | AP69: BLD | AQ69: BLD | AR69: 1 | AS69: BLD | AT69: BLD
A70: CAGE-22-1-HH-334-MC-B-18-19 | B70: 1.5 | C70: 39.4 | D70: 13.3 | E70: 37 | F70: BLD | G70: 26.7 | H70: 8 | I70: 294 | J70: 2.24 | K70: 3 | L70: 2 | M70: 5.7 | N70: 167 | O70: BLD | P70: 0.3 | Q70: 0.1 | R70: 58 | S70: 1.21 | T70: 0.05 | U70: 23.4 | V70: 85 | W70: 0.8 | X70: 440 | Y70: 0.337 | Z70: 4.92 | AA70: 2.096 | AB70: 1.65 | AC70: 0.5 | AD70: 58.6 | AE70: 48 | AF70: 1.3 | AG70: 18.2 | AH70: 8.3 | AI70: 0.5 | AJ70: 1 | AK70: 9 | AL70: 14.7 | AM70: 0.3 | AN70: 64.1 | AO70: 1.6 | AP70: BLD | AQ70: BLD | AR70: 1 | AS70: BLD | AT70: BLD
A71: CAGE-22-1-HH-334-MC-B-19-20 | B71: 1 | C71: 14.5 | D71: 11.7 | E71: 32 | F71: BLD | G71: 22 | H71: 6.8 | I71: 257 | J71: 1.86 | K71: 3 | L71: 1.7 | M71: 4.4 | N71: 158 | O71: BLD | P71: 0.2 | Q71: BLD | R71: 51 | S71: 1.16 | T71: 0.043 | U71: 19.7 | V71: 66 | W71: 0.68 | X71: 377 | Y71: 0.289 | Z71: 4.48 | AA71: 2.044 | AB71: 1.44 | AC71: 0.4 | AD71: 47.6 | AE71: 40 | AF71: 1 | AG71: 15.8 | AH71: 7.3 | AI71: 0.5 | AJ71: 1 | AK71: 8 | AL71: 11.9 | AM71: 0.2 | AN71: 53.6 | AO71: 1.4 | AP71: BLD | AQ71: BLD | AR71: 1 | AS71: BLD | AT71: BLD
A72: CAGE-22-1-HH-334-MC-B-20-21 | B72: 1.3 | C72: 14.5 | D72: 12.6 | E72: 36 | F72: BLD | G72: 25.5 | H72: 7.8 | I72: 304 | J72: 2.19 | K72: 5 | L72: 2.1 | M72: 5.5 | N72: 173 | O72: BLD | P72: 0.2 | Q72: BLD | R72: 60 | S72: 1.32 | T72: 0.053 | U72: 23.7 | V72: 79 | W72: 0.78 | X72: 416 | Y72: 0.347 | Z72: 4.83 | AA72: 2.104 | AB72: 1.61 | AC72: 0.4 | AD72: 58.7 | AE72: 48 | AF72: 1.2 | AG72: 19.2 | AH72: 8.7 | AI72: 0.6 | AJ72: 1 | AK72: 9 | AL72: 14.1 | AM72: 0.2 | AN72: 62.6 | AO72: 1.7 | AP72: BLD | AQ72: BLD | AR72: 1 | AS72: BLD | AT72: BLD
A73: CAGE-22-1-HH-334-MC-B-21-22 | B73: 1.3 | C73: 20 | D73: 12.3 | E73: 35 | F73: BLD | G73: 24.6 | H73: 7.7 | I73: 301 | J73: 2.14 | K73: 3 | L73: 2 | M73: 5.3 | N73: 175 | O73: BLD | P73: 0.2 | Q73: BLD | R73: 59 | S73: 1.3 | T73: 0.052 | U73: 22.9 | V73: 80 | W73: 0.76 | X73: 418 | Y73: 0.345 | Z73: 4.88 | AA73: 2.071 | AB73: 1.6 | AC73: 0.4 | AD73: 54.1 | AE73: 46 | AF73: 1.2 | AG73: 18.6 | AH73: 8.5 | AI73: 0.5 | AJ73: 1 | AK73: 9 | AL73: 13.9 | AM73: 0.2 | AN73: 61.4 | AO73: 1.5 | AP73: BLD | AQ73: BLD | AR73: BLD | AS73: BLD | AT73: BLD
A74: CAGE-22-1-HH-334-MC-B-22-23 | B74: 0.9 | C74: 12.4 | D74: 12.9 | E74: 34 | F74: BLD | G74: 21.4 | H74: 7.9 | I74: 313 | J74: 2.13 | K74: 5 | L74: 2.3 | M74: 6.1 | N74: 194 | O74: BLD | P74: 0.3 | Q74: 0.2 | R74: 62 | S74: 1.28 | T74: 0.053 | U74: 23.7 | V74: 64 | W74: 0.77 | X74: 450 | Y74: 0.375 | Z74: 4.91 | AA74: 2.055 | AB74: 1.64 | AC74: 0.6 | AD74: 69.8 | AE74: 50 | AF74: 1.2 | AG74: 21 | AH74: 7.7 | AI74: 0.6 | AJ74: 1 | AK74: 9 | AL74: 18.1 | AM74: 0.2 | AN74: 60.3 | AO74: 2.1 | AP74: 0.06 | AQ74: BLD | AR74: BLD | AS74: BLD | AT74: BLD
A75: CAGE-22-1-HH-334-MC-B-23-24 | B75: 1.1 | C75: 11.3 | D75: 11.2 | E75: 32 | F75: BLD | G75: 20.1 | H75: 6.5 | I75: 275 | J75: 2.03 | K75: 4 | L75: 2.1 | M75: 5.5 | N75: 180 | O75: 0.1 | P75: 0.3 | Q75: 0.2 | R75: 58 | S75: 1.22 | T75: 0.055 | U75: 22.3 | V75: 50 | W75: 0.71 | X75: 408 | Y75: 0.331 | Z75: 4.47 | AA75: 1.834 | AB75: 1.61 | AC75: 0.5 | AD75: 61 | AE75: 47 | AF75: 0.9 | AG75: 18.7 | AH75: 7.2 | AI75: 0.5 | AJ75: 1 | AK75: 9 | AL75: 13.5 | AM75: 0.2 | AN75: 56.4 | AO75: 2 | AP75: BLD | AQ75: BLD | AR75: 6 | AS75: BLD | AT75: BLD
A76: CAGE-22-1-HH-334-MC-B-24-25 | B76: 1.1 | C76: 9.7 | D76: 11 | E76: 30 | F76: BLD | G76: 21.8 | H76: 7.5 | I76: 295 | J76: 2.03 | K76: 4 | L76: 2.1 | M76: 5.9 | N76: 177 | O76: BLD | P76: 0.2 | Q76: 0.2 | R76: 59 | S76: 1.27 | T76: 0.051 | U76: 21.7 | V76: 58 | W76: 0.74 | X76: 425 | Y76: 0.338 | Z76: 4.77 | AA76: 2.001 | AB76: 1.67 | AC76: 0.3 | AD76: 57.5 | AE76: 47 | AF76: 1.1 | AG76: 18.5 | AH76: 7.2 | AI76: 0.5 | AJ76: 2 | AK76: 9 | AL76: 15.1 | AM76: 0.2 | AN76: 57.1 | AO76: 1.7 | AP76: BLD | AQ76: BLD | AR76: BLD | AS76: BLD | AT76: BLD
A77: CAGE-22-1-HH-334-MC-B-25-26 | B77: 1.4 | C77: 10.6 | D77: 12.2 | E77: 32 | F77: BLD | G77: 22.4 | H77: 7.5 | I77: 293 | J77: 2.03 | K77: 3 | L77: 2.1 | M77: 6.1 | N77: 191 | O77: BLD | P77: 0.2 | Q77: BLD | R77: 59 | S77: 1.25 | T77: 0.057 | U77: 23.3 | V77: 60 | W77: 0.75 | X77: 452 | Y77: 0.338 | Z77: 4.84 | AA77: 2.04 | AB77: 1.6 | AC77: 0.5 | AD77: 59.6 | AE77: 49 | AF77: 1 | AG77: 19.3 | AH77: 7.3 | AI77: 0.5 | AJ77: BLD | AK77: 9 | AL77: 16.6 | AM77: 0.2 | AN77: 59.2 | AO77: 1.7 | AP77: BLD | AQ77: 0.006 | AR77: BLD | AS77: BLD | AT77: BLD
A78: CAGE-22-1-HH-334-MC-B-26-27 | B78: 1.4 | C78: 10.5 | D78: 11.5 | E78: 30 | F78: BLD | G78: 21.5 | H78: 7.3 | I78: 287 | J78: 2.05 | K78: 5 | L78: 2.1 | M78: 6.4 | N78: 184 | O78: BLD | P78: 0.3 | Q78: BLD | R78: 60 | S78: 1.18 | T78: 0.049 | U78: 23.1 | V78: 60 | W78: 0.74 | X78: 442 | Y78: 0.339 | Z78: 4.8 | AA78: 1.989 | AB78: 1.7 | AC78: 0.4 | AD78: 59.9 | AE78: 49 | AF78: 0.9 | AG78: 18.5 | AH78: 7.5 | AI78: 0.6 | AJ78: 1 | AK78: 9 | AL78: 15.6 | AM78: 0.2 | AN78: 60 | AO78: 1.6 | AP78: BLD | AQ78: BLD | AR78: BLD | AS78: BLD | AT78: BLD
A79: CAGE-22-1-HH-334-MC-B-27-28 | B79: 1.4 | C79: 13.7 | D79: 10.9 | E79: 31 | F79: BLD | G79: 23.1 | H79: 7.7 | I79: 287 | J79: 2.11 | K79: 4 | L79: 1.9 | M79: 5.4 | N79: 173 | O79: BLD | P79: 0.2 | Q79: BLD | R79: 59 | S79: 1.22 | T79: 0.048 | U79: 23.1 | V79: 67 | W79: 0.74 | X79: 407 | Y79: 0.324 | Z79: 4.89 | AA79: 1.959 | AB79: 1.59 | AC79: 0.4 | AD79: 50.5 | AE79: 47 | AF79: 1.1 | AG79: 17.3 | AH79: 7.8 | AI79: 0.5 | AJ79: 1 | AK79: 9 | AL79: 14.1 | AM79: 0.2 | AN79: 59.9 | AO79: 1.5 | AP79: BLD | AQ79: BLD | AR79: BLD | AS79: BLD | AT79: BLD
A80: CAGE-22-1-HH-334-MC-B-28-29 | B80: 1.3 | C80: 10.9 | D80: 10.8 | E80: 30 | F80: BLD | G80: 23.3 | H80: 7.6 | I80: 277 | J80: 2.06 | K80: 4 | L80: 2 | M80: 5.5 | N80: 169 | O80: BLD | P80: 0.2 | Q80: BLD | R80: 57 | S80: 1.19 | T80: 0.049 | U80: 22.9 | V80: 64 | W80: 0.72 | X80: 405 | Y80: 0.327 | Z80: 4.73 | AA80: 1.905 | AB80: 1.58 | AC80: 0.4 | AD80: 54.9 | AE80: 46 | AF80: 1.2 | AG80: 17.3 | AH80: 7.7 | AI80: 0.5 | AJ80: 1 | AK80: 8 | AL80: 13.6 | AM80: 0.2 | AN80: 58.6 | AO80: 1.6 | AP80: BLD | AQ80: BLD | AR80: BLD | AS80: BLD | AT80: BLD
A81: CAGE-22-1-HH-334-MC-B-29-30 | B81: 1.1 | C81: 11.4 | D81: 10.8 | E81: 29 | F81: BLD | G81: 22.8 | H81: 7.5 | I81: 273 | J81: 2 | K81: 3 | L81: 2 | M81: 5.4 | N81: 171 | O81: BLD | P81: 0.2 | Q81: BLD | R81: 56 | S81: 1.2 | T81: 0.046 | U81: 22.8 | V81: 66 | W81: 0.7 | X81: 398 | Y81: 0.319 | Z81: 4.72 | AA81: 1.885 | AB81: 1.54 | AC81: 0.4 | AD81: 58 | AE81: 46 | AF81: 1.1 | AG81: 17.2 | AH81: 7.6 | AI81: 0.5 | AJ81: 1 | AK81: 8 | AL81: 13.2 | AM81: 0.2 | AN81: 58.1 | AO81: 1.7 | AP81: BLD | AQ81: BLD | AR81: BLD | AS81: BLD | AT81: BLD
A82: CAGE-22-1-HH-334-MC-B-30-31 | B82: 1.1 | C82: 10.2 | D82: 10.5 | E82: 29 | F82: BLD | G82: 24.6 | H82: 7.6 | I82: 286 | J82: 2.04 | K82: 3 | L82: 1.9 | M82: 5.5 | N82: 169 | O82: BLD | P82: 0.2 | Q82: BLD | R82: 57 | S82: 1.21 | T82: 0.049 | U82: 22.3 | V82: 61 | W82: 0.74 | X82: 397 | Y82: 0.33 | Z82: 4.66 | AA82: 1.896 | AB82: 1.53 | AC82: 0.4 | AD82: 58.2 | AE82: 45 | AF82: 1.1 | AG82: 17.7 | AH82: 7.9 | AI82: 0.6 | AJ82: 1 | AK82: 8 | AL82: 13.2 | AM82: 0.2 | AN82: 57.3 | AO82: 1.7 | AP82: BLD | AQ82: BLD | AR82: BLD | AS82: BLD | AT82: BLD
A83: CAGE-22-1-HH-334-MC-B-31-32 | B83: 1 | C83: 9.5 | D83: 10.4 | E83: 28 | F83: BLD | G83: 22.3 | H83: 7.3 | I83: 287 | J83: 2 | K83: 3 | L83: 1.9 | M83: 5.9 | N83: 173 | O83: BLD | P83: 0.2 | Q83: BLD | R83: 56 | S83: 1.25 | T83: 0.051 | U83: 23.3 | V83: 63 | W83: 0.69 | X83: 389 | Y83: 0.33 | Z83: 4.68 | AA83: 1.898 | AB83: 1.49 | AC83: 0.4 | AD83: 60.2 | AE83: 47 | AF83: 1.1 | AG83: 18.1 | AH83: 8 | AI83: 0.6 | AJ83: 1 | AK83: 9 | AL83: 12.5 | AM83: 0.2 | AN83: 55.1 | AO83: 1.7 | AP83: BLD | AQ83: BLD | AR83: BLD | AS83: BLD | AT83: BLD
A84: CAGE-22-1-HH-334-MC-B-32-33 | B84: 0.8 | C84: 10.1 | D84: 10.5 | E84: 28 | F84: BLD | G84: 21.6 | H84: 7.1 | I84: 271 | J84: 1.93 | K84: 2 | L84: 1.8 | M84: 4.9 | N84: 169 | O84: BLD | P84: 0.2 | Q84: BLD | R84: 53 | S84: 1.24 | T84: 0.05 | U84: 21.6 | V84: 65 | W84: 0.67 | X84: 384 | Y84: 0.322 | Z84: 4.55 | AA84: 1.837 | AB84: 1.44 | AC84: 0.4 | AD84: 55.3 | AE84: 44 | AF84: 1.1 | AG84: 17.3 | AH84: 7.5 | AI84: 0.5 | AJ84: 1 | AK84: 8 | AL84: 12.5 | AM84: 0.2 | AN84: 53.9 | AO84: 1.6 | AP84: BLD | AQ84: BLD | AR84: BLD | AS84: BLD | AT84: BLD
A85: CAGE-22-1-HH-334-MC-B-33-34 | B85: 0.8 | C85: 9.8 | D85: 10.7 | E85: 29 | F85: BLD | G85: 21.7 | H85: 7.3 | I85: 301 | J85: 2.01 | K85: 2 | L85: 1.8 | M85: 4.9 | N85: 175 | O85: BLD | P85: 0.2 | Q85: BLD | R85: 56 | S85: 1.36 | T85: 0.05 | U85: 22.2 | V85: 62 | W85: 0.7 | X85: 382 | Y85: 0.331 | Z85: 4.66 | AA85: 1.918 | AB85: 1.48 | AC85: 0.4 | AD85: 61.2 | AE85: 45 | AF85: 1.1 | AG85: 17.9 | AH85: 7.9 | AI85: 0.5 | AJ85: 1 | AK85: 9 | AL85: 12.6 | AM85: 0.2 | AN85: 54.8 | AO85: 1.7 | AP85: BLD | AQ85: BLD | AR85: BLD | AS85: BLD | AT85: BLD
A86: CAGE-22-1-HH-334-MC-B-34-35 | B86: 0.7 | C86: 9.4 | D86: 10.7 | E86: 29 | F86: BLD | G86: 21.6 | H86: 7.3 | I86: 304 | J86: 2.01 | K86: 3 | L86: 2 | M86: 5.5 | N86: 175 | O86: BLD | P86: 0.2 | Q86: BLD | R86: 56 | S86: 1.3 | T86: 0.05 | U86: 24.1 | V86: 65 | W86: 0.69 | X86: 389 | Y86: 0.337 | Z86: 4.67 | AA86: 1.88 | AB86: 1.46 | AC86: 0.4 | AD86: 69.9 | AE86: 49 | AF86: 1.1 | AG86: 19.1 | AH86: 8.1 | AI86: 0.6 | AJ86: 1 | AK86: 9 | AL86: 12.6 | AM86: 0.2 | AN86: 54.7 | AO86: 2 | AP86: BLD | AQ86: BLD | AR86: BLD | AS86: BLD | AT86: BLD
A87: CAGE-22-1-HH-334-MC-B-35-36 | B87: 0.7 | C87: 9.7 | D87: 10.8 | E87: 29 | F87: BLD | G87: 21.9 | H87: 7.3 | I87: 307 | J87: 1.99 | K87: 2 | L87: 1.9 | M87: 5.2 | N87: 169 | O87: BLD | P87: 0.2 | Q87: BLD | R87: 55 | S87: 1.26 | T87: 0.048 | U87: 24.9 | V87: 66 | W87: 0.69 | X87: 382 | Y87: 0.33 | Z87: 4.61 | AA87: 1.882 | AB87: 1.43 | AC87: 0.4 | AD87: 61.6 | AE87: 50 | AF87: 1.1 | AG87: 18.3 | AH87: 7.8 | AI87: 0.6 | AJ87: 1 | AK87: 9 | AL87: 12.6 | AM87: 0.2 | AN87: 54 | AO87: 1.8 | AP87: BLD | AQ87: BLD | AR87: BLD | AS87: BLD | AT87: BLD
A88: CAGE-22-1-HH-334-MC-B-36-37 | B88: 0.6 | C88: 10.3 | D88: 11 | E88: 30 | F88: BLD | G88: 22.1 | H88: 7.5 | I88: 281 | J88: 2 | K88: 3 | L88: 1.9 | M88: 5.9 | N88: 173 | O88: BLD | P88: 0.2 | Q88: BLD | R88: 57 | S88: 1.26 | T88: 0.047 | U88: 22.9 | V88: 63 | W88: 0.7 | X88: 394 | Y88: 0.325 | Z88: 4.67 | AA88: 1.909 | AB88: 1.5 | AC88: 0.4 | AD88: 56.8 | AE88: 46 | AF88: 1.1 | AG88: 17.6 | AH88: 7.8 | AI88: 0.6 | AJ88: 1 | AK88: 9 | AL88: 13.2 | AM88: 0.2 | AN88: 56.9 | AO88: 1.6 | AP88: BLD | AQ88: BLD | AR88: BLD | AS88: BLD | AT88: BLD
A89: CAGE-22-1-HH-334-MC-B-37-38 | B89: 0.4 | C89: 8.7 | D89: 10.5 | E89: 29 | F89: BLD | G89: 20.1 | H89: 6.9 | I89: 270 | J89: 1.84 | K89: 4 | L89: 1.9 | M89: 5.3 | N89: 187 | O89: BLD | P89: 0.3 | Q89: BLD | R89: 52 | S89: 1.19 | T89: 0.049 | U89: 22.2 | V89: 47 | W89: 0.62 | X89: 397 | Y89: 0.333 | Z89: 4.21 | AA89: 1.729 | AB89: 1.47 | AC89: 0.4 | AD89: 61.7 | AE89: 47 | AF89: 0.7 | AG89: 19 | AH89: 7.3 | AI89: 0.4 | AJ89: 3 | AK89: 8 | AL89: 12.4 | AM89: 0.1 | AN89: 51.4 | AO89: 1.7 | AP89: BLD | AQ89: BLD | AR89: 5 | AS89: BLD | AT89: BLD
A90: CAGE-22-1-HH-334-MC-B-38-39 | B90: 0.6 | C90: 8.7 | D90: 9.8 | E90: 28 | F90: BLD | G90: 17.8 | H90: 6.3 | I90: 277 | J90: 1.87 | K90: 4 | L90: 2 | M90: 6.5 | N90: 186 | O90: 0.2 | P90: 0.3 | Q90: BLD | R90: 55 | S90: 1.32 | T90: 0.051 | U90: 22.2 | V90: 53 | W90: 0.65 | X90: 392 | Y90: 0.332 | Z90: 4.47 | AA90: 1.87 | AB90: 1.4 | AC90: 0.3 | AD90: 61.3 | AE90: 48 | AF90: 0.8 | AG90: 19.8 | AH90: 7.4 | AI90: 0.5 | AJ90: BLD | AK90: 9 | AL90: 13.6 | AM90: 0.2 | AN90: 48.2 | AO90: 1.7 | AP90: BLD | AQ90: BLD | AR90: 2 | AS90: BLD | AT90: BLD
A91: CAGE-22-1-HH-334-MC-B-39-40 | B91: 1 | C91: 8.5 | D91: 10 | E91: 27 | F91: BLD | G91: 21 | H91: 7.1 | I91: 276 | J91: 1.93 | K91: 2 | L91: 2 | M91: 5.1 | N91: 174 | O91: BLD | P91: 0.2 | Q91: BLD | R91: 55 | S91: 1.31 | T91: 0.048 | U91: 23.4 | V91: 58 | W91: 0.66 | X91: 377 | Y91: 0.336 | Z91: 4.58 | AA91: 1.906 | AB91: 1.41 | AC91: 0.4 | AD91: 62 | AE91: 47 | AF91: 1.1 | AG91: 18 | AH91: 7.8 | AI91: 0.6 | AJ91: 1 | AK91: 8 | AL91: 12.5 | AM91: 0.2 | AN91: 52.6 | AO91: 1.8 | AP91: BLD | AQ91: BLD | AR91: BLD | AS91: BLD | AT91: BLD
A92: CAGE-22-1-HH-334-MC-B-40-40,5 | B92: 1.1 | C92: 16 | D92: 10.2 | E92: 27 | F92: BLD | G92: 21.3 | H92: 7.1 | I92: 269 | J92: 1.91 | K92: 3 | L92: 1.9 | M92: 5 | N92: 170 | O92: BLD | P92: 0.2 | Q92: BLD | R92: 54 | S92: 1.25 | T92: 0.044 | U92: 23 | V92: 58 | W92: 0.68 | X92: 379 | Y92: 0.313 | Z92: 4.52 | AA92: 1.947 | AB92: 1.44 | AC92: 0.4 | AD92: 56.5 | AE92: 45 | AF92: 1.1 | AG92: 16.7 | AH92: 7.4 | AI92: 0.5 | AJ92: 1 | AK92: 8 | AL92: 12.6 | AM92: 0.2 | AN92: 52.2 | AO92: 1.6 | AP92: BLD | AQ92: BLD | AR92: BLD | AS92: BLD | AT92: BLD

Sheet Semi_total_bulk (2)
A1: Sample | B1: Mo | C1: Cu | D1: Pb | E1: Zn | F1: Ag | G1: Ni | H1: Co | I1: Mn | J1: Fe | K1: As | L1: U | M1: Th | N1: Sr | O1: Cd | P1: Sb | Q1: Bi | R1: V | S1: Ca | T1: P | U1: La | V1: Cr | W1: Mg | X1: Ba | Y1: Ti | Z1: Al | AA1: Na | AB1: K | AC1: W | AD1: Zr | AE1: Ce | AF1: Sn | AG1: Y | AH1: Nb | AI1: Ta | AJ1: Sc | AK1: Li | AL1: S | AM1: Rb | AN1: Hf | AO1: Be
A2: CAGE-22-1-HH-352-BC-A-0-1 | B2: 0.7 | C2: 150.2 | D2: 14.7 | E2: 47 | F2: =IF(Semi_total_bulk!F2="BLD", 0.65*0.1, Semi_total_bulk!F2) -> 0.1 | G2: 30.9 | H2: 10 | I2: 308 | J2: =Semi_total_bulk!J2*10000 -> 26400 | K2: =IF(Semi_total_bulk!K2="BLD", 0.65*1, Semi_total_bulk!K2) -> 7 | L2: 1.6 | M2: 6.1 | N2: 170 | O2: =IF(Semi_total_bulk!O2="BLD", 0.65*0.1, Semi_total_bulk!O2) -> 0.065 | P2: 0.3 | Q2: =IF(Semi_total_bulk!Q2="BLD", 0.65*0.1, Semi_total_bulk!Q2) -> 0.2 | R2: 64 | S2: =Semi_total_bulk!S2*10000 -> 13600 | T2: =Semi_total_bulk!T2*10000 -> 670 | U2: 22.8 | V2: 110 | W2: =Semi_total_bulk!W2*10000 -> 10200 | X2: 549 | Y2: =Semi_total_bulk!Y2*10000 -> 3000 | Z2: =Semi_total_bulk!Z2*10000 -> 51600 | AA2: =Semi_total_bulk!AA2*10000 -> 28680 | AB2: =Semi_total_bulk!AB2*10000 -> 18600 | AC2: 0.6 | AD2: 51.6 | AE2: 47 | AF2: 1.4 | AG2: 15.7 | AH2: 7.2 | AI2: 0.5 | AJ2: 9 | AK2: 16.9 | AL2: =IF(Semi_total_bulk!AM2="BLD",0.65*0.1,Semi_total_bulk!AM2)*10000 -> 2000 | AM2: 72.2 | AN2: 1.5 | AO2: =IF(Semi_total_bulk!AJ2="BLD", 0.65*0.1, Semi_total_bulk!AJ2) -> 1
A3: CAGE-22-1-HH-352-BC-A-1-2 | B3: 0.7 | C3: 129.9 | D3: 13.9 | E3: 46 | F3: =IF(Semi_total_bulk!F3="BLD", 0.65*0.1, Semi_total_bulk!F3) -> 0.065 | G3: 31.9 | H3: 9.6 | I3: 297 | J3: =Semi_total_bulk!J3*10000 -> 26300 | K3: =IF(Semi_total_bulk!K3="BLD", 0.65*1, Semi_total_bulk!K3) -> 4 | L3: 1.8 | M3: 6 | N3: 166 | O3: =IF(Semi_total_bulk!O3="BLD", 0.65*0.1, Semi_total_bulk!O3) -> 0.065 | P3: 0.3 | Q3: =IF(Semi_total_bulk!Q3="BLD", 0.65*0.1, Semi_total_bulk!Q3) -> 0.2 | R3: 67 | S3: =Semi_total_bulk!S3*10000 -> 13800 | T3: =Semi_total_bulk!T3*10000 -> 630 | U3: 23.2 | V3: 115 | W3: =Semi_total_bulk!W3*10000 -> 10500 | X3: 589 | Y3: =Semi_total_bulk!Y3*10000 -> 3070 | Z3: =Semi_total_bulk!Z3*10000 -> 54000 | AA3: =Semi_total_bulk!AA3*10000 -> 28350 | AB3: =Semi_total_bulk!AB3*10000 -> 19400 | AC3: 0.6 | AD3: 54.6 | AE3: 48 | AF3: 1.7 | AG3: 16.3 | AH3: 7.3 | AI3: 0.5 | AJ3: 9 | AK3: 17.7 | AL3: =IF(Semi_total_bulk!AM3="BLD",0.65*0.1,Semi_total_bulk!AM3)*10000 -> 2000 | AM3: 75.1 | AN3: 1.5 | AO3: =IF(Semi_total_bulk!AJ3="BLD", 0.65*0.1, Semi_total_bulk!AJ3) -> 1
A4: CAGE-22-1-HH-352-BC-A-2-3 | B4: 1.2 | C4: 145.4 | D4: 14.2 | E4: 47 | F4: =IF(Semi_total_bulk!F4="BLD", 0.65*0.1, Semi_total_bulk!F4) -> 0.065 | G4: 33.8 | H4: 9.9 | I4: 296 | J4: =Semi_total_bulk!J4*10000 -> 26300 | K4: =IF(Semi_total_bulk!K4="BLD", 0.65*1, Semi_total_bulk!K4) -> 5 | L4: 2 | M4: 6.3 | N4: 164 | O4: =IF(Semi_total_bulk!O4="BLD", 0.65*0.1, Semi_total_bulk!O4) -> 0.065 | P4: 0.3 | Q4: =IF(Semi_total_bulk!Q4="BLD", 0.65*0.1, Semi_total_bulk!Q4) -> 0.2 | R4: 70 | S4: =Semi_total_bulk!S4*10000 -> 13400 | T4: =Semi_total_bulk!T4*10000 -> 560 | U4: 23.8 | V4: 119 | W4: =Semi_total_bulk!W4*10000 -> 10700 | X4: 622 | Y4: =Semi_total_bulk!Y4*10000 -> 3140 | Z4: =Semi_total_bulk!Z4*10000 -> 54300 | AA4: =Semi_total_bulk!AA4*10000 -> 27390 | AB4: =Semi_total_bulk!AB4*10000 -> 20000 | AC4: 0.5 | AD4: 53.1 | AE4: 49 | AF4: 1.5 | AG4: 16.1 | AH4: 7.2 | AI4: 0.4 | AJ4: 9 | AK4: 18.4 | AL4: =IF(Semi_total_bulk!AM4="BLD",0.65*0.1,Semi_total_bulk!AM4)*10000 -> 2000 | AM4: 77.1 | AN4: 1.5 | AO4: =IF(Semi_total_bulk!AJ4="BLD", 0.65*0.1, Semi_total_bulk!AJ4) -> 1
A5: CAGE-22-1-HH-352-BC-A-3-4 | B5: 3 | C5: 193.4 | D5: 14.4 | E5: 49 | F5: =IF(Semi_total_bulk!F5="BLD", 0.65*0.1, Semi_total_bulk!F5) -> 0.1 | G5: 35.8 | H5: 10.2 | I5: 282 | J5: =Semi_total_bulk!J5*10000 -> 26700 | K5: =IF(Semi_total_bulk!K5="BLD", 0.65*1, Semi_total_bulk!K5) -> 5 | L5: 2.5 | M5: 6.5 | N5: 154 | O5: =IF(Semi_total_bulk!O5="BLD", 0.65*0.1, Semi_total_bulk!O5) -> 0.065 | P5: 0.3 | Q5: =IF(Semi_total_bulk!Q5="BLD", 0.65*0.1, Semi_total_bulk!Q5) -> 0.2 | R5: 69 | S5: =Semi_total_bulk!S5*10000 -> 12500 | T5: =Semi_total_bulk!T5*10000 -> 530 | U5: 23.7 | V5: 131 | W5: =Semi_total_bulk!W5*10000 -> 10800 | X5: 651 | Y5: =Semi_total_bulk!Y5*10000 -> 3020 | Z5: =Semi_total_bulk!Z5*10000 -> 53800 | AA5: =Semi_total_bulk!AA5*10000 -> 27050 | AB5: =Semi_total_bulk!AB5*10000 -> 20000 | AC5: 0.6 | AD5: 51.8 | AE5: 48 | AF5: 1.5 | AG5: 15.4 | AH5: 6.8 | AI5: 0.4 | AJ5: 9 | AK5: 18.8 | AL5: =IF(Semi_total_bulk!AM5="BLD",0.65*0.1,Semi_total_bulk!AM5)*10000 -> 3000 | AM5: 78.1 | AN5: 1.5 | AO5: =IF(Semi_total_bulk!AJ5="BLD", 0.65*0.1, Semi_total_bulk!AJ5) -> 1
A6: CAGE-22-1-HH-352-BC-A-4-5 | B6: 3.5 | C6: 215.5 | D6: 14.2 | E6: 48 | F6: =IF(Semi_total_bulk!F6="BLD", 0.65*0.1, Semi_total_bulk!F6) -> 0.1 | G6: 37.1 | H6: 10.6 | I6: 285 | J6: =Semi_total_bulk!J6*10000 -> 28300 | K6: =IF(Semi_total_bulk!K6="BLD", 0.65*1, Semi_total_bulk!K6) -> 6 | L6: 2.4 | M6: 6.6 | N6: 148 | O6: =IF(Semi_total_bulk!O6="BLD", 0.65*0.1, Semi_total_bulk!O6) -> 0.065 | P6: 0.3 | Q6: =IF(Semi_total_bulk!Q6="BLD", 0.65*0.1, Semi_total_bulk!Q6) -> 0.2 | R6: 72 | S6: =Semi_total_bulk!S6*10000 -> 12400 | T6: =Semi_total_bulk!T6*10000 -> 550 | U6: 23.9 | V6: 157 | W6: =Semi_total_bulk!W6*10000 -> 10900 | X6: 693 | Y6: =Semi_total_bulk!Y6*10000 -> 2920 | Z6: =Semi_total_bulk!Z6*10000 -> 54900 | AA6: =Semi_total_bulk!AA6*10000 -> 26630 | AB6: =Semi_total_bulk!AB6*10000 -> 21000 | AC6: 0.6 | AD6: 49.7 | AE6: 49 | AF6: 1.5 | AG6: 14.6 | AH6: 6.6 | AI6: 0.4 | AJ6: 9 | AK6: 19 | AL6: =IF(Semi_total_bulk!AM6="BLD",0.65*0.1,Semi_total_bulk!AM6)*10000 -> 3000 | AM6: 79.6 | AN6: 1.4 | AO6: =IF(Semi_total_bulk!AJ6="BLD", 0.65*0.1, Semi_total_bulk!AJ6) -> 1
A7: CAGE-22-1-HH-352-BC-A-5-6 | B7: 3.6 | C7: 236.4 | D7: 13.9 | E7: 47 | F7: =IF(Semi_total_bulk!F7="BLD", 0.65*0.1, Semi_total_bulk!F7) -> 0.1 | G7: 37.8 | H7: 10.5 | I7: 270 | J7: =Semi_total_bulk!J7*10000 -> 28600 | K7: =IF(Semi_total_bulk!K7="BLD", 0.65*1, Semi_total_bulk!K7) -> 7 | L7: 2.4 | M7: 6.3 | N7: 145 | O7: =IF(Semi_total_bulk!O7="BLD", 0.65*0.1, Semi_total_bulk!O7) -> 0.065 | P7: 0.3 | Q7: =IF(Semi_total_bulk!Q7="BLD", 0.65*0.1, Semi_total_bulk!Q7) -> 0.2 | R7: 75 | S7: =Semi_total_bulk!S7*10000 -> 12000 | T7: =Semi_total_bulk!T7*10000 -> 490 | U7: 23.2 | V7: 157 | W7: =Semi_total_bulk!W7*10000 -> 11000 | X7: 722 | Y7: =Semi_total_bulk!Y7*10000 -> 2850 | Z7: =Semi_total_bulk!Z7*10000 -> 55900 | AA7: =Semi_total_bulk!AA7*10000 -> 26560 | AB7: =Semi_total_bulk!AB7*10000 -> 21300 | AC7: 0.5 | AD7: 48.5 | AE7: 47 | AF7: 1.5 | AG7: 14.2 | AH7: 6.4 | AI7: 0.4 | AJ7: 9 | AK7: 18.8 | AL7: =IF(Semi_total_bulk!AM7="BLD",0.65*0.1,Semi_total_bulk!AM7)*10000 -> 3000 | AM7: 79.4 | AN7: 1.4 | AO7: =IF(Semi_total_bulk!AJ7="BLD", 0.65*0.1, Semi_total_bulk!AJ7) -> 1
A8: CAGE-22-1-HH-352-BC-A-6-7 | B8: 3.3 | C8: 292.5 | D8: 14.3 | E8: 47 | F8: =IF(Semi_total_bulk!F8="BLD", 0.65*0.1, Semi_total_bulk!F8) -> 0.1 | G8: 39.3 | H8: 10.9 | I8: 265 | J8: =Semi_total_bulk!J8*10000 -> 28700 | K8: =IF(Semi_total_bulk!K8="BLD", 0.65*1, Semi_total_bulk!K8) -> 8 | L8: 2.4 | M8: 6.5 | N8: 136 | O8: =IF(Semi_total_bulk!O8="BLD", 0.65*0.1, Semi_total_bulk!O8) -> 0.065 | P8: 0.3 | Q8: =IF(Semi_total_bulk!Q8="BLD", 0.65*0.1, Semi_total_bulk!Q8) -> 0.2 | R8: 75 | S8: =Semi_total_bulk!S8*10000 -> 10700 | T8: =Semi_total_bulk!T8*10000 -> 480 | U8: 23.7 | V8: 176 | W8: =Semi_total_bulk!W8*10000 -> 11000 | X8: 787 | Y8: =Semi_total_bulk!Y8*10000 -> 2840 | Z8: =Semi_total_bulk!Z8*10000 -> 57600 | AA8: =Semi_total_bulk!AA8*10000 -> 26250 | AB8: =Semi_total_bulk!AB8*10000 -> 21800 | AC8: 0.5 | AD8: 49.1 | AE8: 48 | AF8: 1.5 | AG8: 13.9 | AH8: 6.1 | AI8: 0.4 | AJ8: 9 | AK8: 19.1 | AL8: =IF(Semi_total_bulk!AM8="BLD",0.65*0.1,Semi_total_bulk!AM8)*10000 -> 3000 | AM8: 81.7 | AN8: 1.4 | AO8: =IF(Semi_total_bulk!AJ8="BLD", 0.65*0.1, Semi_total_bulk!AJ8) -> 1
A9: CAGE-22-1-HH-352-BC-A-7-8 | B9: 3.2 | C9: 449.3 | D9: 13.3 | E9: 44 | F9: =IF(Semi_total_bulk!F9="BLD", 0.65*0.1, Semi_total_bulk!F9) -> 0.1 | G9: 42.6 | H9: 11.4 | I9: 254 | J9: =Semi_total_bulk!J9*10000 -> 30200 | K9: =IF(Semi_total_bulk!K9="BLD", 0.65*1, Semi_total_bulk!K9) -> 6 | L9: 2.3 | M9: 6.4 | N9: 125 | O9: =IF(Semi_total_bulk!O9="BLD", 0.65*0.1, Semi_total_bulk!O9) -> 0.065 | P9: 0.3 | Q9: =IF(Semi_total_bulk!Q9="BLD", 0.65*0.1, Semi_total_bulk!Q9) -> 0.3 | R9: 79 | S9: =Semi_total_bulk!S9*10000 -> 9100 | T9: =Semi_total_bulk!T9*10000 -> 460 | U9: 22.8 | V9: 201 | W9: =Semi_total_bulk!W9*10000 -> 10800 | X9: 899 | Y9: =Semi_total_bulk!Y9*10000 -> 2760 | Z9: =Semi_total_bulk!Z9*10000 -> 58900 | AA9: =Semi_total_bulk!AA9*10000 -> 25640 | AB9: =Semi_total_bulk!AB9*10000 -> 23900 | AC9: 0.5 | AD9: 51.2 | AE9: 46 | AF9: 1.5 | AG9: 12.9 | AH9: 5.6 | AI9: 0.3 | AJ9: 9 | AK9: 18.8 | AL9: =IF(Semi_total_bulk!AM9="BLD",0.65*0.1,Semi_total_bulk!AM9)*10000 -> 3000 | AM9: 84.7 | AN9: 1.5 | AO9: =IF(Semi_total_bulk!AJ9="BLD", 0.65*0.1, Semi_total_bulk!AJ9) -> 1
A10: CAGE-22-1-HH-352-BC-A-8-9 | B10: 2.3 | C10: 700.4 | D10: 9.1 | E10: 36 | F10: =IF(Semi_total_bulk!F10="BLD", 0.65*0.1, Semi_total_bulk!F10) -> 0.2 | G10: 46.2 | H10: 11.7 | I10: 211 | J10: =Semi_total_bulk!J10*10000 -> 29700 | K10: =IF(Semi_total_bulk!K10="BLD", 0.65*1, Semi_total_bulk!K10) -> 7 | L10: 2.1 | M10: 6.2 | N10: 97 | O10: =IF(Semi_total_bulk!O10="BLD", 0.65*0.1, Semi_total_bulk!O10) -> 0.065 | P10: 0.3 | Q10: =IF(Semi_total_bulk!Q10="BLD", 0.65*0.1, Semi_total_bulk!Q10) -> 0.4 | R10: 79 | S10: =Semi_total_bulk!S10*10000 -> 5500 | T10: =Semi_total_bulk!T10*10000 -> 340 | U10: 21 | V10: 277 | W10: =Semi_total_bulk!W10*10000 -> 9900 | X10: 1121 | Y10: =Semi_total_bulk!Y10*10000 -> 2400 | Z10: =Semi_total_bulk!Z10*10000 -> 59000 | AA10: =Semi_total_bulk!AA10*10000 -> 22150 | AB10: =Semi_total_bulk!AB10*10000 -> 26200 | AC10: 0.4 | AD10: 46.5 | AE10: 42 | AF10: 1.4 | AG10: 10 | AH10: 4.3 | AI10: 0.3 | AJ10: 8 | AK10: 16.9 | AL10: =IF(Semi_total_bulk!AM10="BLD",0.65*0.1,Semi_total_bulk!AM10)*10000 -> 2000 | AM10: 86.8 | AN10: 1.3 | AO10: =IF(Semi_total_bulk!AJ10="BLD", 0.65*0.1, Semi_total_bulk!AJ10) -> 1
A11: CAGE-22-1-HH-352-BC-A-9-10 | B11: 1.8 | C11: 719.8 | D11: 6.2 | E11: 32 | F11: =IF(Semi_total_bulk!F11="BLD", 0.65*0.1, Semi_total_bulk!F11) -> 0.2 | G11: 50 | H11: 13 | I11: 224 | J11: =Semi_total_bulk!J11*10000 -> 31800 | K11: =IF(Semi_total_bulk!K11="BLD", 0.65*1, Semi_total_bulk!K11) -> 3 | L11: 1.9 | M11: 5.9 | N11: 76 | O11: =IF(Semi_total_bulk!O11="BLD", 0.65*0.1, Semi_total_bulk!O11) -> 0.065 | P11: 0.3 | Q11: =IF(Semi_total_bulk!Q11="BLD", 0.65*0.1, Semi_total_bulk!Q11) -> 0.4 | R11: 82 | S11: =Semi_total_bulk!S11*10000 -> 3900 | T11: =Semi_total_bulk!T11*10000 -> 290 | U11: 19.4 | V11: 321 | W11: =Semi_total_bulk!W11*10000 -> 10300 | X11: 1204 | Y11: =Semi_total_bulk!Y11*10000 -> 2300 | Z11: =Semi_total_bulk!Z11*10000 -> 60300 | AA11: =Semi_total_bulk!AA11*10000 -> 21030 | AB11: =Semi_total_bulk!AB11*10000 -> 28300 | AC11: 0.3 | AD11: 45.6 | AE11: 39 | AF11: 1.3 | AG11: 8.9 | AH11: 3.5 | AI11: 0.2 | AJ11: 9 | AK11: 16.7 | AL11: =IF(Semi_total_bulk!AM11="BLD",0.65*0.1,Semi_total_bulk!AM11)*10000 -> 2000 | AM11: 88.9 | AN11: 1.3 | AO11: =IF(Semi_total_bulk!AJ11="BLD", 0.65*0.1, Semi_total_bulk!AJ11) -> 0.065
A12: CAGE-22-1-HH-352-BC-A-10-11 | B12: 1.6 | C12: 670.9 | D12: 6.1 | E12: 30 | F12: =IF(Semi_total_bulk!F12="BLD", 0.65*0.1, Semi_total_bulk!F12) -> 0.1 | G12: 50.4 | H12: 11.9 | I12: 190 | J12: =Semi_total_bulk!J12*10000 -> 30600 | K12: =IF(Semi_total_bulk!K12="BLD", 0.65*1, Semi_total_bulk!K12) -> 3 | L12: 1.9 | M12: 6 | N12: 77 | O12: =IF(Semi_total_bulk!O12="BLD", 0.65*0.1, Semi_total_bulk!O12) -> 0.065 | P12: 0.2 | Q12: =IF(Semi_total_bulk!Q12="BLD", 0.65*0.1, Semi_total_bulk!Q12) -> 0.4 | R12: 81 | S12: =Semi_total_bulk!S12*10000 -> 3700 | T12: =Semi_total_bulk!T12*10000 -> 280 | U12: 19.6 | V12: 307 | W12: =Semi_total_bulk!W12*10000 -> 10000 | X12: 1274 | Y12: =Semi_total_bulk!Y12*10000 -> 2170 | Z12: =Semi_total_bulk!Z12*10000 -> 63800 | AA12: =Semi_total_bulk!AA12*10000 -> 21340 | AB12: =Semi_total_bulk!AB12*10000 -> 29300 | AC12: 0.3 | AD12: 46.6 | AE12: 39 | AF12: 1.4 | AG12: 8.6 | AH12: 3.4 | AI12: 0.2 | AJ12: 8 | AK12: 16.7 | AL12: =IF(Semi_total_bulk!AM12="BLD",0.65*0.1,Semi_total_bulk!AM12)*10000 -> 2000 | AM12: 92.7 | AN12: 1.3 | AO12: =IF(Semi_total_bulk!AJ12="BLD", 0.65*0.1, Semi_total_bulk!AJ12) -> 1
A13: CAGE-22-1-HH-352-BC-A-11-12 | B13: 1.1 | C13: 594.7 | D13: 4.1 | E13: 24 | F13: =IF(Semi_total_bulk!F13="BLD", 0.65*0.1, Semi_total_bulk!F13) -> 0.065 | G13: 50 | H13: 10.8 | I13: 165 | J13: =Semi_total_bulk!J13*10000 -> 29400 | K13: =IF(Semi_total_bulk!K13="BLD", 0.65*1, Semi_total_bulk!K13) -> 3 | L13: 1.7 | M13: 6.1 | N13: 67 | O13: =IF(Semi_total_bulk!O13="BLD", 0.65*0.1, Semi_total_bulk!O13) -> 0.065 | P13: 0.2 | Q13: =IF(Semi_total_bulk!Q13="BLD", 0.65*0.1, Semi_total_bulk!Q13) -> 0.4 | R13: 80 | S13: =Semi_total_bulk!S13*10000 -> 2200 | T13: =Semi_total_bulk!T13*10000 -> 250 | U13: 19.3 | V13: 309 | W13: =Semi_total_bulk!W13*10000 -> 9300 | X13: 1330 | Y13: =Semi_total_bulk!Y13*10000 -> 2000 | Z13: =Semi_total_bulk!Z13*10000 -> 62700 | AA13: =Semi_total_bulk!AA13*10000 -> 20980 | AB13: =Semi_total_bulk!AB13*10000 -> 29400 | AC13: 0.3 | AD13: 46 | AE13: 38 | AF13: 1.5 | AG13: 7.7 | AH13: 2.8 | AI13: 0.1 | AJ13: 8 | AK13: 15.5 | AL13: =IF(Semi_total_bulk!AM13="BLD",0.65*0.1,Semi_total_bulk!AM13)*10000 -> 1000 | AM13: 92.3 | AN13: 1.3 | AO13: =IF(Semi_total_bulk!AJ13="BLD", 0.65*0.1, Semi_total_bulk!AJ13) -> 1
... A92: CAGE-22-1-HH-334-MC-B-40-40,5 | B92: 1.1 | C92: 16 | D92: 10.2 | E92: 27 | F92: =IF(Semi_total_bulk!F92="BLD", 0.65*0.1, Semi_total_bulk!F92) -> 0.065 | G92: 21.3 | H92: 7.1 | I92: 269 | J92: =Semi_total_bulk!J92*10000 -> 19100 | K92: =IF(Semi_total_bulk!K92="BLD", 0.65*1, Semi_total_bulk!K92) -> 3 | L92: 1.9 | M92: 5 | N92: 170 | O92: =IF(Semi_total_bulk!O92="BLD", 0.65*0.1, Semi_total_bulk!O92) -> 0.065 | P92: 0.2 | Q92: =IF(Semi_total_bulk!Q92="BLD", 0.65*0.1, Semi_total_bulk!Q92) -> 0.065 | R92: 54 | S92: =Semi_total_bulk!S92*10000 -> 12500 | T92: =Semi_total_bulk!T92*10000 -> 440 | U92: 23 | V92: 58 | W92: =Semi_total_bulk!W92*10000 -> 6800 | X92: 379 | Y92: =Semi_total_bulk!Y92*10000 -> 3130 | Z92: =Semi_total_bulk!Z92*10000 -> 45200 | AA92: =Semi_total_bulk!AA92*10000 -> 19470 | AB92: =Semi_total_bulk!AB92*10000 -> 14400 | AC92: 0.4 | AD92: 56.5 | AE92: 45 | AF92: 1.1 | AG92: 16.7 | AH92: 7.4 | AI92: 0.5 | AJ92: 8 | AK92: 12.6 | AL92: =IF(Semi_total_bulk!AM92="BLD",0.65*0.1,Semi_total_bulk!AM92)*10000 -> 2000 | AM92: 52.2 | AN92: 1.6 | AO92: =IF(Semi_total_bulk!AJ92="BLD", 0.65*0.1, Semi_total_bulk!AJ92) -> 1

Sheet PCA_TAIL_NE
A1: Sample | B1: Type.of.sediment | C1: O2.zone | D1: Mo | E1: Cu | F1: Pb | G1: Zn | H1: Ag | I1: Ni | J1: Co | K1: Mn | L1: As | M1: Sr | N1: Sb | O1: Bi | P1: Ca | Q1: Cr | R1: Al | S1: K | T1: Sc | U1: TOC | V1: TN | W1: TOC_TN | X1: CORE name | Y1: Sample ID
A2: 0-1 | B2: sediment | C2: Fe-Mn reduction zone | D2: 0.7 | E2: 150.2 | F2: 14.7 | G2: 47 | H2: =IF(Semi_total_bulk!F2="BLD", 0.65*0.1, Semi_total_bulk!F2) -> 0.1 | I2: 30.9 | J2: 10 | K2: 308 | L2: =IF(Semi_total_bulk!K2="BLD", 0.65*1, Semi_total_bulk!K2) -> 7 | M2: 170 | N2: 0.3 | O2: =IF(Semi_total_bulk!Q2="BLD", 0.65*0.1, Semi_total_bulk!Q2) -> 0.2 | P2: =Semi_total_bulk!S2*10000 -> 13600 | Q2: 110 | R2: =Semi_total_bulk!Z2*10000 -> 51600 | S2: =Semi_total_bulk!AB2*10000 -> 18600 | T2: 9 | U2: 0.2130086 | V2: 1.5581344 | W2: 7.3148899 | X2: HH-352 | Y2: CAGE-22-1-HH-352-BC-A-0-1
A3: 1-2 | B3: sediment | C3: Fe-Mn reduction zone | D3: 0.7 | E3: 129.9 | F3: 13.9 | G3: 46 | H3: =IF(Semi_total_bulk!F3="BLD", 0.65*0.1, Semi_total_bulk!F3) -> 0.065 | I3: 31.9 | J3: 9.6 | K3: 297 | L3: =IF(Semi_total_bulk!K3="BLD", 0.65*1, Semi_total_bulk!K3) -> 4 | M3: 166 | N3: 0.3 | O3: =IF(Semi_total_bulk!Q3="BLD", 0.65*0.1, Semi_total_bulk!Q3) -> 0.2 | P3: =Semi_total_bulk!S3*10000 -> 13800 | Q3: 115 | R3: =Semi_total_bulk!Z3*10000 -> 54000 | S3: =Semi_total_bulk!AB3*10000 -> 19400 | T3: 9 | U3: 0.24476093 | V3: 1.8220783 | W3: 7.4443186 | X3: HH-352 | Y3: CAGE-22-1-HH-352-BC-A-1-2
A4: 2-3 | B4: sediment | C4: Fe-Mn reduction zone | D4: 1.2 | E4: 145.4 | F4: 14.2 | G4: 47 | H4: =IF(Semi_total_bulk!F4="BLD", 0.65*0.1, Semi_total_bulk!F4) -> 0.065 | I4: 33.8 | J4: 9.9 | K4: 296 | L4: =IF(Semi_total_bulk!K4="BLD", 0.65*1, Semi_total_bulk!K4) -> 5 | M4: 164 | N4: 0.3 | O4: =IF(Semi_total_bulk!Q4="BLD", 0.65*0.1, Semi_total_bulk!Q4) -> 0.2 | P4: =Semi_total_bulk!S4*10000 -> 13400 | Q4: 119 | R4: =Semi_total_bulk!Z4*10000 -> 54300 | S4: =Semi_total_bulk!AB4*10000 -> 20000 | T4: 9 | U4: 0.20878421 | V4: 1.5988929 | W4: 7.6581124 | X4: HH-352 | Y4: CAGE-22-1-HH-352-BC-A-2-3
A5: 3-4 | B5: sediment | C5: Fe-Mn reduction zone | D5: 3 | E5: 193.4 | F5: 14.4 | G5: 49 | H5: =IF(Semi_total_bulk!F5="BLD", 0.65*0.1, Semi_total_bulk!F5) -> 0.1 | I5: 35.8 | J5: 10.2 | K5: 282 | L5: =IF(Semi_total_bulk!K5="BLD", 0.65*1, Semi_total_bulk!K5) -> 5 | M5: 154 | N5: 0.3 | O5: =IF(Semi_total_bulk!Q5="BLD", 0.65*0.1, Semi_total_bulk!Q5) -> 0.2 | P5: =Semi_total_bulk!S5*10000 -> 12500 | Q5: 131 | R5: =Semi_total_bulk!Z5*10000 -> 53800 | S5: =Semi_total_bulk!AB5*10000 -> 20000 | T5: 9 | U5: 0.26063022 | V5: 1.7546206 | W5: 6.7322222 | X5: HH-352 | Y5: CAGE-22-1-HH-352-BC-A-3-4
A6: 4-5 | B6: sediment | C6: Fe-Mn reduction zone | D6: 3.5 | E6: 215.5 | F6: 14.2 | G6: 48 | H6: =IF(Semi_total_bulk!F6="BLD", 0.65*0.1, Semi_total_bulk!F6) -> 0.1 | I6: 37.1 | J6: 10.6 | K6: 285 | L6: =IF(Semi_total_bulk!K6="BLD", 0.65*1, Semi_total_bulk!K6) -> 6 | M6: 148 | N6: 0.3 | O6: =IF(Semi_total_bulk!Q6="BLD", 0.65*0.1, Semi_total_bulk!Q6) -> 0.2 | P6: =Semi_total_bulk!S6*10000 -> 12400 | Q6: 157 | R6: =Semi_total_bulk!Z6*10000 -> 54900 | S6: =Semi_total_bulk!AB6*10000 -> 21000 | T6: 9 | U6: 0.2609995 | V6: 1.7825639 | W6: 6.8297599 | X6: HH-352 | Y6: CAGE-22-1-HH-352-BC-A-4-5
A7: 5-6 | B7: tailings | C7: Fe-Mn reduction zone | D7: 3.6 | E7: 236.4 | F7: 13.9 | G7: 47 | H7: =IF(Semi_total_bulk!F7="BLD", 0.65*0.1, Semi_total_bulk!F7) -> 0.1 | I7: 37.8 | J7: 10.5 | K7: 270 | L7: =IF(Semi_total_bulk!K7="BLD", 0.65*1, Semi_total_bulk!K7) -> 7 | M7: 145 | N7: 0.3 | O7: =IF(Semi_total_bulk!Q7="BLD", 0.65*0.1, Semi_total_bulk!Q7) -> 0.2 | P7: =Semi_total_bulk!S7*10000 -> 12000 | Q7: 157 | R7: =Semi_total_bulk!Z7*10000 -> 55900 | S7: =Semi_total_bulk!AB7*10000 -> 21300 | T7: 9 | U7: 0.20869255 | V7: 1.6111051 | W7: 7.7199933 | X7: HH-352 | Y7: CAGE-22-1-HH-352-BC-A-5-6
A8: 6-7 | B8: tailings | C8: Fe-Mn reduction zone | D8: 3.3 | E8: 292.5 | F8: 14.3 | G8: 47 | H8: =IF(Semi_total_bulk!F8="BLD", 0.65*0.1, Semi_total_bulk!F8) -> 0.1 | I8: 39.3 | J8: 10.9 | K8: 265 | L8: =IF(Semi_total_bulk!K8="BLD", 0.65*1, Semi_total_bulk!K8) -> 8 | M8: 136 | N8: 0.3 | O8: =IF(Semi_total_bulk!Q8="BLD", 0.65*0.1, Semi_total_bulk!Q8) -> 0.2 | P8: =Semi_total_bulk!S8*10000 -> 10700 | Q8: 176 | R8: =Semi_total_bulk!Z8*10000 -> 57600 | S8: =Semi_total_bulk!AB8*10000 -> 21800 | T8: 9 | U8: 0.25640079 | V8: 1.6978488 | W8: 6.6218547 | X8: HH-352 | Y8: CAGE-22-1-HH-352-BC-A-6-7
A9: 7-8 | B9: tailings | C9: Fe-Mn reduction zone | D9: 3.2 | E9: 449.3 | F9: 13.3 | G9: 44 | H9: =IF(Semi_total_bulk!F9="BLD", 0.65*0.1, Semi_total_bulk!F9) -> 0.1 | I9: 42.6 | J9: 11.4 | K9: 254 | L9: =IF(Semi_total_bulk!K9="BLD", 0.65*1, Semi_total_bulk!K9) -> 6 | M9: 125 | N9: 0.3 | O9: =IF(Semi_total_bulk!Q9="BLD", 0.65*0.1, Semi_total_bulk!Q9) -> 0.3 | P9: =Semi_total_bulk!S9*10000 -> 9100 | Q9: 201 | R9: =Semi_total_bulk!Z9*10000 -> 58900 | S9: =Semi_total_bulk!AB9*10000 -> 23900 | T9: 9 | U9: 0.16514252 | V9: 1.2323353 | W9: 7.4622533 | X9: HH-352 | Y9: CAGE-22-1-HH-352-BC-A-7-8
A10: 8-9 | B10: tailings | C10: Sulfate reduction zone | D10: 2.3 | E10: 700.4 | F10: 9.1 | G10: 36 | H10: =IF(Semi_total_bulk!F10="BLD", 0.65*0.1, Semi_total_bulk!F10) -> 0.2 | I10: 46.2 | J10: 11.7 | K10: 211 | L10: =IF(Semi_total_bulk!K10="BLD", 0.65*1, Semi_total_bulk!K10) -> 7 | M10: 97 | N10: 0.3 | O10: =IF(Semi_total_bulk!Q10="BLD", 0.65*0.1, Semi_total_bulk!Q10) -> 0.4 | P10: =Semi_total_bulk!S10*10000 -> 5500 | Q10: 277 | R10: =Semi_total_bulk!Z10*10000 -> 59000 | S10: =Semi_total_bulk!AB10*10000 -> 26200 | T10: 8 | U10: 0.004902815 | V10: 0.75896835 | W10: 154.80257 | X10: HH-352 | Y10: CAGE-22-1-HH-352-BC-A-8-9
A11: 9-10 | B11: tailings | C11: Sulfate reduction zone | D11: 1.8 | E11: 719.8 | F11: 6.2 | G11: 32 | H11: =IF(Semi_total_bulk!F11="BLD", 0.65*0.1, Semi_total_bulk!F11) -> 0.2 | I11: 50 | J11: 13 | K11: 224 | L11: =IF(Semi_total_bulk!K11="BLD", 0.65*1, Semi_total_bulk!K11) -> 3 | M11: 76 | N11: 0.3 | O11: =IF(Semi_total_bulk!Q11="BLD", 0.65*0.1, Semi_total_bulk!Q11) -> 0.4 | P11: =Semi_total_bulk!S11*10000 -> 3900 | Q11: 321 | R11: =Semi_total_bulk!Z11*10000 -> 60300 | S11: =Semi_total_bulk!AB11*10000 -> 28300 | T11: 9 | U11: 0.0030738597 | V11: 0.47719088 | W11: 155.24159 | X11: HH-352 | Y11: CAGE-22-1-HH-352-BC-A-9-10
A12: 10-11 | B12: tailings | C12: Sulfate reduction zone | D12: 1.6 | E12: 670.9 | F12: 6.1 | G12: 30 | H12: =IF(Semi_total_bulk!F12="BLD", 0.65*0.1, Semi_total_bulk!F12) -> 0.1 | I12: 50.4 | J12: 11.9 | K12: 190 | L12: =IF(Semi_total_bulk!K12="BLD", 0.65*1, Semi_total_bulk!K12) -> 3 | M12: 77 | N12: 0.2 | O12: =IF(Semi_total_bulk!Q12="BLD", 0.65*0.1, Semi_total_bulk!Q12) -> 0.4 | P12: =Semi_total_bulk!S12*10000 -> 3700 | Q12: 307 | R12: =Semi_total_bulk!Z12*10000 -> 63800 | S12: =Semi_total_bulk!AB12*10000 -> 29300 | T12: 8 | U12: 0.23008806 | V12: 0.85805011 | W12: 3.7292249 | X12: HH-352 | Y12: CAGE-22-1-HH-352-BC-A-10-11
A13: 11-12 | B13: tailings | C13: Sulfate reduction zone | D13: 1.1 | E13: 594.7 | F13: 4.1 | G13: 24 | H13: =IF(Semi_total_bulk!F13="BLD", 0.65*0.1, Semi_total_bulk!F13) -> 0.065 | I13: 50 | J13: 10.8 | K13: 165 | L13: =IF(Semi_total_bulk!K13="BLD", 0.65*1, Semi_total_bulk!K13) -> 3 | M13: 67 | N13: 0.2 | O13: =IF(Semi_total_bulk!Q13="BLD", 0.65*0.1, Semi_total_bulk!Q13) -> 0.4 | P13: =Semi_total_bulk!S13*10000 -> 2200 | Q13: 309 | R13: =Semi_total_bulk!Z13*10000 -> 62700 | S13: =Semi_total_bulk!AB13*10000 -> 29400 | T13: 8 | U13: 0.30633134 | V13: 0.88174587 | W13: 2.8784057 | X13: HH-352 | Y13: CAGE-22-1-HH-352-BC-A-11-12
... A25: 23-24 | B25: sediment | C25: NA | D25: 0.5 | E25: 703.8 | F25: 2.9 | G25: 30 | H25: =IF(Semi_total_bulk!F25="BLD", 0.65*0.1, Semi_total_bulk!F25) -> 0.065 | I25: 61.1 | J25: 14.8 | K25: 264 | L25: =IF(Semi_total_bulk!K25="BLD", 0.65*1, Semi_total_bulk!K25) -> 1 | M25: 56 | N25: 0.2 | O25: =IF(Semi_total_bulk!Q25="BLD", 0.65*0.1, Semi_total_bulk!Q25) -> 0.4 | P25: =Semi_total_bulk!S25*10000 -> 3700 | Q25: 325 | R25: =Semi_total_bulk!Z25*10000 -> 63800 | S25: =Semi_total_bulk!AB25*10000 -> 27300 | T25: 9 | U25: 0.2551713 | V25: 0.80598986 | W25: 3.1586227 | X25: HH-352 | Y25: CAGE-22-1-HH-352-BC-A-23-24
A26: 0-1 | B26: sediment | C26: Fe-Mn reduction zone | D26: 0.7 | E26: 131 | F26: 11.3 | G26: 42 | H26: =IF(Semi_total_bulk!F37="BLD", 0.65*0.1, Semi_total_bulk!F37) -> 0.065 | I26: 32.4 | J26: 9.7 | K26: 273 | L26: =IF(Semi_total_bulk!K37="BLD", 0.65*1, Semi_total_bulk!K37) -> 4 | M26: 145 | N26: 0.3 | O26: =IF(Semi_total_bulk!Q37="BLD", 0.65*0.1, Semi_total_bulk!Q37) -> 0.1 | P26: =Semi_total_bulk!S37*10000 -> 10300 | Q26: 129 | R26: =Semi_total_bulk!Z37*10000 -> 52100 | S26: =Semi_total_bulk!AB37*10000 -> 18200 | T26: 8 | U26: 0.16807576 | V26: 1.5302047 | W26: 9.1042557 | X26: HH-346 | Y26: CAGE-22-1-HH-346-BC-A-0-1
A27: 1-2 | B27: sediment | C27: Fe-Mn reduction zone | D27: 1.2 | E27: 143.8 | F27: 11.5 | G27: 44 | H27: =IF(Semi_total_bulk!F38="BLD", 0.65*0.1, Semi_total_bulk!F38) -> 0.1 | I27: 32.3 | J27: 9.7 | K27: 267 | L27: =IF(Semi_total_bulk!K38="BLD", 0.65*1, Semi_total_bulk!K38) -> 5 | M27: 143 | N27: 0.3 | O27: =IF(Semi_total_bulk!Q38="BLD", 0.65*0.1, Semi_total_bulk!Q38) -> 0.2 | P27: =Semi_total_bulk!S38*10000 -> 9900 | Q27: 138 | R27: =Semi_total_bulk!Z38*10000 -> 49900 | S27: =Semi_total_bulk!AB38*10000 -> 18200 | T27: 8 | U27: 0.16324836 | V27: 1.5245854 | W27: 9.3390547 | X27: HH-346 | Y27: CAGE-22-1-HH-346-BC-A-1-2
A28: 2-3 | B28: sediment | C28: Fe-Mn reduction zone | D28: 2.2 | E28: 157.5 | F28: 11.4 | G28: 42 | H28: =IF(Semi_total_bulk!F39="BLD", 0.65*0.1, Semi_total_bulk!F39) -> 0.1 | I28: 32.9 | J28: 9.8 | K28: 273 | L28: =IF(Semi_total_bulk!K39="BLD", 0.65*1, Semi_total_bulk!K39) -> 5 | M28: 141 | N28: 0.3 | O28: =IF(Semi_total_bulk!Q39="BLD", 0.65*0.1, Semi_total_bulk!Q39) -> 0.2 | P28: =Semi_total_bulk!S39*10000 -> 10100 | Q28: 146 | R28: =Semi_total_bulk!Z39*10000 -> 50800 | S28: =Semi_total_bulk!AB39*10000 -> 18700 | T28: 8 | U28: 0.15263675 | V28: 1.3331742 | W28: 8.7342938 | X28: HH-346 | Y28: CAGE-22-1-HH-346-BC-A-2-3
A29: 3-4 | B29: sediment | C29: Fe-Mn reduction zone | D29: 3.1 | E29: 167.7 | F29: 11.7 | G29: 44 | H29: =IF(Semi_total_bulk!F40="BLD", 0.65*0.1, Semi_total_bulk!F40) -> 0.1 | I29: 33.7 | J29: 9.9 | K29: 253 | L29: =IF(Semi_total_bulk!K40="BLD", 0.65*1, Semi_total_bulk!K40) -> 6 | M29: 147 | N29: 0.3 | O29: =IF(Semi_total_bulk!Q40="BLD", 0.65*0.1, Semi_total_bulk!Q40) -> 0.2 | P29: =Semi_total_bulk!S40*10000 -> 10600 | Q29: 152 | R29: =Semi_total_bulk!Z40*10000 -> 51400 | S29: =Semi_total_bulk!AB40*10000 -> 18700 | T29: 8 | U29: 0.16178781 | V29: 1.3450558 | W29: 8.3137032 | X29: HH-346 | Y29: CAGE-22-1-HH-346-BC-A-3-4
A30: 4-5 | B30: sediment | C30: Fe-Mn reduction zone | D30: 4.4 | E30: 206.4 | F30: 11.6 | G30: 43 | H30: =IF(Semi_total_bulk!F41="BLD", 0.65*0.1, Semi_total_bulk!F41) -> 0.1 | I30: 35.5 | J30: 10.3 | K30: 257 | L30: =IF(Semi_total_bulk!K41="BLD", 0.65*1, Semi_total_bulk!K41) -> 6 | M30: 133 | N30: 0.3 | O30: =IF(Semi_total_bulk!Q41="BLD", 0.65*0.1, Semi_total_bulk!Q41) -> 0.6 | P30: =Semi_total_bulk!S41*10000 -> 8600 | Q30: 170 | R30: =Semi_total_bulk!Z41*10000 -> 52000 | S30: =Semi_total_bulk!AB41*10000 -> 19400 | T30: 8 | U30: 0.15010448 | V30: 1.3260058 | W30: 8.8338858 | X30: HH-346 | Y30: CAGE-22-1-HH-346-BC-A-4-5
A31: 5-6 | B31: tailings | C31: Fe-Mn reduction zone | D31: 3.4 | E31: 190.9 | F31: 10.1 | G31: 38 | H31: =IF(Semi_total_bulk!F42="BLD", 0.65*0.1, Semi_total_bulk!F42) -> 0.1 | I31: 32.6 | J31: 9.4 | K31: 222 | L31: =IF(Semi_total_bulk!K42="BLD", 0.65*1, Semi_total_bulk!K42) -> 6 | M31: 114 | N31: 0.3 | O31: =IF(Semi_total_bulk!Q42="BLD", 0.65*0.1, Semi_total_bulk!Q42) -> 0.2 | P31: =Semi_total_bulk!S42*10000 -> 8200 | Q31: 155 | R31: =Semi_total_bulk!Z42*10000 -> 46800 | S31: =Semi_total_bulk!AB42*10000 -> 17200 | T31: 7 | U31: 0.14570627 | V31: 1.3029922 | W31: 8.9425957 | X31: HH-346 | Y31: CAGE-22-1-HH-346-BC-A-5-6
A32: 6-7 | B32: tailings | C32: Sulfate reduction zone | D32: 3.8 | E32: 253.3 | F32: 10.7 | G32: 41 | H32: =IF(Semi_total_bulk!F43="BLD", 0.65*0.1, Semi_total_bulk!F43) -> 0.1 | I32: 37.3 | J32: 10.5 | K32: 238 | L32: =IF(Semi_total_bulk!K43="BLD", 0.65*1, Semi_total_bulk!K43) -> 7 | M32: 122 | N32: 0.3 | O32: =IF(Semi_total_bulk!Q43="BLD", 0.65*0.1, Semi_total_bulk!Q43) -> 0.2 | P32: =Semi_total_bulk!S43*10000 -> 7500 | Q32: 188 | R32: =Semi_total_bulk!Z43*10000 -> 52600 | S32: =Semi_total_bulk!AB43*10000 -> 19200 | T32: 8 | U32: 0.0049335267 | V32: 1.0768021 | W32: 218.26215 | X32: HH-346 | Y32: CAGE-22-1-HH-346-BC-A-6-7
A33: 7-8 | B33: tailings | C33: Sulfate reduction zone | D33: 3.6 | E33: 252.5 | F33: 10.2 | G33: 39 | H33: =IF(Semi_total_bulk!F44="BLD", 0.65*0.1, Semi_total_bulk!F44) -> 0.1 | I33: 36.2 | J33: 10.2 | K33: 223 | L33: =IF(Semi_total_bulk!K44="BLD", 0.65*1, Semi_total_bulk!K44) -> 6 | M33: 115 | N33: 0.3 | O33: =IF(Semi_total_bulk!Q44="BLD", 0.65*0.1, Semi_total_bulk!Q44) -> 0.2 | P33: =Semi_total_bulk!S44*10000 -> 7300 | Q33: 181 | R33: =Semi_total_bulk!Z44*10000 -> 50500 | S33: =Semi_total_bulk!AB44*10000 -> 18700 | T33: 7 | X33: HH-346 | Y33: CAGE-22-1-HH-346-BC-A-7-8
A34: 8-9 | B34: tailings | C34: Sulfate reduction zone | D34: 3.3 | E34: 272.1 | F34: 9.1 | G34: 36 | H34: =IF(Semi_total_bulk!F45="BLD", 0.65*0.1, Semi_total_bulk!F45) -> 0.1 | I34: 37.6 | J34: 10.3 | K34: 211 | L34: =IF(Semi_total_bulk!K45="BLD", 0.65*1, Semi_total_bulk!K45) -> 6 | M34: 105 | N34: 0.3 | O34: =IF(Semi_total_bulk!Q45="BLD", 0.65*0.1, Semi_total_bulk!Q45) -> 0.2 | P34: =Semi_total_bulk!S45*10000 -> 5800 | Q34: 195 | R34: =Semi_total_bulk!Z45*10000 -> 50900 | S34: =Semi_total_bulk!AB45*10000 -> 19100 | T34: 7 | U34: 0.0030030957 | V34: 0.83362019 | W34: 277.58695 | X34: HH-346 | Y34: CAGE-22-1-HH-346-BC-A-8-9
A35: 9-10 | B35: tailings | C35: Sulfate reduction zone | D35: 2.7 | E35: 284.4 | F35: 7.6 | G35: 33 | H35: =IF(Semi_total_bulk!F46="BLD", 0.65*0.1, Semi_total_bulk!F46) -> 0.065 | I35: 39.8 | J35: 10.6 | K35: 197 | L35: =IF(Semi_total_bulk!K46="BLD", 0.65*1, Semi_total_bulk!K46) -> 5 | M35: 97 | N35: 0.3 | O35: =IF(Semi_total_bulk!Q46="BLD", 0.65*0.1, Semi_total_bulk!Q46) -> 0.2 | P35: =Semi_total_bulk!S46*10000 -> 4700 | Q35: 228 | R35: =Semi_total_bulk!Z46*10000 -> 51500 | S35: =Semi_total_bulk!AB46*10000 -> 19500 | T35: 7 | U35: 0.0020532638 | V35: 0.66615409 | W35: 324.43667 | X35: HH-346 | Y35: CAGE-22-1-HH-346-BC-A-9-10
A36: 10-11 | B36: tailings | C36: Sulfate reduction zone | D36: 2.5 | E36: 297.6 | F36: 7.5 | G36: 33 | H36: =IF(Semi_total_bulk!F47="BLD", 0.65*0.1, Semi_total_bulk!F47) -> 0.1 | I36: 39.8 | J36: 10.5 | K36: 198 | L36: =IF(Semi_total_bulk!K47="BLD", 0.65*1, Semi_total_bulk!K47) -> 4 | M36: 96 | N36: 0.2 | O36: =IF(Semi_total_bulk!Q47="BLD", 0.65*0.1, Semi_total_bulk!Q47) -> 0.2 | P36: =Semi_total_bulk!S47*10000 -> 4500 | Q36: 234 | R36: =Semi_total_bulk!Z47*10000 -> 51800 | S36: =Semi_total_bulk!AB47*10000 -> 19800 | T36: 7 | U36: 0.0025867883 | V36: 0.0033793366 | W36: 1.3063831 | X36: HH-346 | Y36: CAGE-22-1-HH-346-BC-A-10-11
A37: 11-12 | B37: tailings | C37: NA | D37: 2.2 | E37: 323.3 | F37: 5.4 | G37: 30 | H37: =IF(Semi_total_bulk!F48="BLD", 0.65*0.1, Semi_total_bulk!F48) -> 0.065 | I37: 46.3 | J37: 11.9 | K37: 191 | L37: =IF(Semi_total_bulk!K48="BLD", 0.65*1, Semi_total_bulk!K48) -> 4 | M37: 81 | N37: 0.2 | O37: =IF(Semi_total_bulk!Q48="BLD", 0.65*0.1, Semi_total_bulk!Q48) -> 0.2 | P37: =Semi_total_bulk!S48*10000 -> 3000 | Q37: 266 | R37: =Semi_total_bulk!Z48*10000 -> 54300 | S37: =Semi_total_bulk!AB48*10000 -> 21700 | T37: 7 | U37: 0.00090370938 | V37: 0.34518707 | W37: 381.9669 | X37: HH-346 | Y37: CAGE-22-1-HH-346-BC-A-11-12
A38: 12-13 | B38: tailings | C38: NA | D38: 1.9 | E38: 310.8 | F38: 4.4 | G38: 28 | H38: =IF(Semi_total_bulk!F49="BLD", 0.65*0.1, Semi_total_bulk!F49) -> 0.065 | I38: 47.3 | J38: 11.9 | K38: 180 | L38: =IF(Semi_total_bulk!K49="BLD", 0.65*1, Semi_total_bulk!K49) -> 4 | M38: 76 | N38: 0.2 | O38: =IF(Semi_total_bulk!Q49="BLD", 0.65*0.1, Semi_total_bulk!Q49) -> 0.2 | P38: =Semi_total_bulk!S49*10000 -> 2400 | Q38: 271 | R38: =Semi_total_bulk!Z49*10000 -> 52600 | S38: =Semi_total_bulk!AB49*10000 -> 21500 | T38: 7 | U38: 0.0022553734 | V38: 0.0018333044 | W38: 0.81286071 | X38: HH-346 | Y38: CAGE-22-1-HH-346-BC-A-12-13
A39: 13-14 | B39: sediment | C39: NA | D39: 1.3 | E39: 294.5 | F39: 2.6 | G39: 22 | H39: =IF(Semi_total_bulk!F50="BLD", 0.65*0.1, Semi_total_bulk!F50) -> 0.065 | I39: 44 | J39: 10.6 | K39: 146 | L39: =IF(Semi_total_bulk!K50="BLD", 0.65*1, Semi_total_bulk!K50) -> 2 | M39: 66 | N39: 0.2 | O39: =IF(Semi_total_bulk!Q50="BLD", 0.65*0.1, Semi_total_bulk!Q50) -> 0.2 | P39: =Semi_total_bulk!S50*10000 -> 1400 | Q39: 247 | R39: =Semi_total_bulk!Z50*10000 -> 49500 | S39: =Semi_total_bulk!AB50*10000 -> 19400 | T39: 6 | U39: 0.0020753995 | V39: 0 | W39: 0 | X39: HH-346 | Y39: CAGE-22-1-HH-346-BC-A-13-14
A40: 14-15 | B40: sediment | C40: NA | D40: 1.1 | E40: 319.8 | F40: 2.5 | G40: 23 | H40: =IF(Semi_total_bulk!F51="BLD", 0.65*0.1, Semi_total_bulk!F51) -> 0.065 | I40: 51.9 | J40: 11.9 | K40: 166 | L40: =IF(Semi_total_bulk!K51="BLD", 0.65*1, Semi_total_bulk!K51) -> 3 | M40: 66 | N40: 0.2 | O40: =IF(Semi_total_bulk!Q51="BLD", 0.65*0.1, Semi_total_bulk!Q51) -> 0.2 | P40: =Semi_total_bulk!S51*10000 -> 1300 | Q40: 312 | R40: =Semi_total_bulk!Z51*10000 -> 57200 | S40: =Semi_total_bulk!AB51*10000 -> 24000 | T40: 7 | U40: 0.00060549 | V40: 0.0024608949 | W40: 4.0643031 | X40: HH-346 | Y40: CAGE-22-1-HH-346-BC-A-14-15
A41: 0-1 | B41: sediment | C41: Fe-Mn reduction zone | D41: 1 | E41: 69.8 | F41: 13.7 | G41: 44 | H41: =IF(Semi_total_bulk!F52="BLD", 0.65*0.1, Semi_total_bulk!F52) -> 0.065 | I41: 29.9 | J41: 9.3 | K41: 341 | L41: =IF(Semi_total_bulk!K52="BLD", 0.65*1, Semi_total_bulk!K52) -> 7 | M41: 176 | N41: 0.3 | O41: =IF(Semi_total_bulk!Q52="BLD", 0.65*0.1, Semi_total_bulk!Q52) -> 0.1 | P41: =Semi_total_bulk!S52*10000 -> 15500 | Q41: 110 | R41: =Semi_total_bulk!Z52*10000 -> 49400 | S41: =Semi_total_bulk!AB52*10000 -> 17600 | T41: 9 | U41: 0.2122917 | V41: 1.7695252 | W41: 8.3353478 | X41: HH-334 | Y41: CAGE-22-1-HH-334-MC-B-0-1
A42: 1-2 | B42: sediment | C42: Fe-Mn reduction zone | D42: 0.5 | E42: 74.4 | F42: 13.8 | G42: 45 | H42: =IF(Semi_total_bulk!F53="BLD", 0.65*0.1, Semi_total_bulk!F53) -> 0.065 | I42: 31.5 | J42: 9.6 | K42: 308 | L42: =IF(Semi_total_bulk!K53="BLD", 0.65*1, Semi_total_bulk!K53) -> 5 | M42: 176 | N42: 0.2 | O42: =IF(Semi_total_bulk!Q53="BLD", 0.65*0.1, Semi_total_bulk!Q53) -> 0.1 | P42: =Semi_total_bulk!S53*10000 -> 15200 | Q42: 113 | R42: =Semi_total_bulk!Z53*10000 -> 51800 | S42: =Semi_total_bulk!AB53*10000 -> 18500 | T42: 9 | U42: 0.18038377 | V42: 1.537728 | W42: 8.5247577 | X42: HH-334 | Y42: CAGE-22-1-HH-334-MC-B-1-2
A43: 2-3 | B43: sediment | C43: Fe-Mn reduction zone | D43: 1 | E43: 77.7 | F43: 14.9 | G43: 80 | H43: =IF(Semi_total_bulk!F54="BLD", 0.65*0.1, Semi_total_bulk!F54) -> 0.065 | I43: 31.6 | J43: 9.7 | K43: 299 | L43: =IF(Semi_total_bulk!K54="BLD", 0.65*1, Semi_total_bulk!K54) -> 5 | M43: 174 | N43: 0.3 | O43: =IF(Semi_total_bulk!Q54="BLD", 0.65*0.1, Semi_total_bulk!Q54) -> 0.2 | P43: =Semi_total_bulk!S54*10000 -> 14800 | Q43: 110 | R43: =Semi_total_bulk!Z54*10000 -> 51600 | S43: =Semi_total_bulk!AB54*10000 -> 18500 | T43: 9 | U43: 0.20040309 | V43: 1.67629 | W43: 8.3645916 | X43: HH-334 | Y43: CAGE-22-1-HH-334-MC-B-2-3
A44: 3-4 | B44: sediment | C44: Fe-Mn reduction zone | D44: 1.6 | E44: 84.7 | F44: 13.9 | G44: 45 | H44: =IF(Semi_total_bulk!F55="BLD", 0.65*0.1, Semi_total_bulk!F55) -> 0.065 | I44: 32.2 | J44: 9.8 | K44: 300 | L44: =IF(Semi_total_bulk!K55="BLD", 0.65*1, Semi_total_bulk!K55) -> 5 | M44: 171 | N44: 0.3 | O44: =IF(Semi_total_bulk!Q55="BLD", 0.65*0.1, Semi_total_bulk!Q55) -> 0.1 | P44: =Semi_total_bulk!S55*10000 -> 15400 | Q44: 116 | R44: =Semi_total_bulk!Z55*10000 -> 52300 | S44: =Semi_total_bulk!AB55*10000 -> 18300 | T44: 9 | U44: 0.1831909 | V44: 1.5863311 | W44: 8.659443 | X44: HH-334 | Y44: CAGE-22-1-HH-334-MC-B-3-4
A45: 4-5 | B45: sediment | C45: Fe-Mn reduction zone | D45: 2.8 | E45: 95 | F45: 14.5 | G45: 47 | H45: =IF(Semi_total_bulk!F56="BLD", 0.65*0.1, Semi_total_bulk!F56) -> 0.065 | I45: 32.9 | J45: 10 | K45: 300 | L45: =IF(Semi_total_bulk!K56="BLD", 0.65*1, Semi_total_bulk!K56) -> 6 | M45: 171 | N45: 0.3 | O45: =IF(Semi_total_bulk!Q56="BLD", 0.65*0.1, Semi_total_bulk!Q56) -> 0.2 | P45: =Semi_total_bulk!S56*10000 -> 15000 | Q45: 121 | R45: =Semi_total_bulk!Z56*10000 -> 52200 | S45: =Semi_total_bulk!AB56*10000 -> 18900 | T45: 9 | U45: 0.17950253 | V45: 1.4967481 | W45: 8.3383119 | X45: HH-334 | Y45: CAGE-22-1-HH-334-MC-B-4-5
... A81: 40-40,5 | B81: sediment | C81: NA | D81: 1.1 | E81: 16 | F81: 10.2 | G81: 27 | H81: =IF(Semi_total_bulk!F92="BLD", 0.65*0.1, Semi_total_bulk!F92) -> 0.065 | I81: 21.3 | J81: 7.1 | K81: 269 | L81: =IF(Semi_total_bulk!K92="BLD", 0.65*1, Semi_total_bulk!K92) -> 3 | M81: 170 | N81: 0.2 | O81: =IF(Semi_total_bulk!Q92="BLD", 0.65*0.1, Semi_total_bulk!Q92) -> 0.065 | P81: =Semi_total_bulk!S92*10000 -> 12500 | Q81: 58 | R81: =Semi_total_bulk!Z92*10000 -> 45200 | S81: =Semi_total_bulk!AB92*10000 -> 14400 | T81: 8 | U81: 0.13278423 | V81: 0.83045554 | W81: 6.2541728 | X81: HH-334 | Y81: CAGE-22-1-HH-334-MC-B-40-40,5

Sheet PCA_TAILINGS (2)
A1: Sample | B1: Type.of.sediment | C1: O2.zone | D1: Ag | E1: Cu | F1: Ni | G1: Sc | H1: Zn | I1: As | J1: Co | K1: Cr | L1: Mn | M1: Mo | N1: Pb | O1: Sb | P1: Bi | Q1: Al | R1: Ca | S1: K | T1: Sr | U1: TOC | V1: TN | W1: TOC_TN | X1: CORE name | Y1: Sample ID
A2: 0-1 | B2: sediment | C2: Fe-Mn reduction zone | D2: 0.1 | E2: 150.2 | F2: 30.9 | G2: 9 | H2: 47 | I2: 7 | J2: 10 | K2: 110 | L2: 308 | M2: 0.7 | N2: 14.7 | O2: 0.3 | P2: 0.2 | Q2: 51600 | R2: 13600 | S2: 18600 | T2: 170 | U2: 0.2130086 | V2: 1.5581344 | W2: 7.3148899 | X2: HH-352 | Y2: CAGE-22-1-HH-352-BC-A-0-1
A3: 1-2 | B3: sediment | C3: Fe-Mn reduction zone | D3: 0.065 | E3: 129.9 | F3: 31.9 | G3: 9 | H3: 46 | I3: 4 | J3: 9.6 | K3: 115 | L3: 297 | M3: 0.7 | N3: 13.9 | O3: 0.3 | P3: 0.2 | Q3: 54000 | R3: 13800 | S3: 19400 | T3: 166 | U3: 0.24476093 | V3: 1.8220783 | W3: 7.4443186 | X3: HH-352 | Y3: CAGE-22-1-HH-352-BC-A-1-2
A4: 2-3 | B4: sediment | C4: Fe-Mn reduction zone | D4: 0.065 | E4: 145.4 | F4: 33.8 | G4: 9 | H4: 47 | I4: 5 | J4: 9.9 | K4: 119 | L4: 296 | M4: 1.2 | N4: 14.2 | O4: 0.3 | P4: 0.2 | Q4: 54300 | R4: 13400 | S4: 20000 | T4: 164 | U4: 0.20878421 | V4: 1.5988929 | W4: 7.6581124 | X4: HH-352 | Y4: CAGE-22-1-HH-352-BC-A-2-3
A5: 3-4 | B5: sediment | C5: Fe-Mn reduction zone | D5: 0.1 | E5: 193.4 | F5: 35.8 | G5: 9 | H5: 49 | I5: 5 | J5: 10.2 | K5: 131 | L5: 282 | M5: 3 | N5: 14.4 | O5: 0.3 | P5: 0.2 | Q5: 53800 | R5: 12500 | S5: 20000 | T5: 154 | U5: 0.26063022 | V5: 1.7546206 | W5: 6.7322222 | X5: HH-352 | Y5: CAGE-22-1-HH-352-BC-A-3-4
A6: 4-5 | B6: sediment | C6: Fe-Mn reduction zone | D6: 0.1 | E6: 215.5 | F6: 37.1 | G6: 9 | H6: 48 | I6: 6 | J6: 10.6 | K6: 157 | L6: 285 | M6: 3.5 | N6: 14.2 | O6: 0.3 | P6: 0.2 | Q6: 54900 | R6: 12400 | S6: 21000 | T6: 148 | U6: 0.2609995 | V6: 1.7825639 | W6: 6.8297599 | X6: HH-352 | Y6: CAGE-22-1-HH-352-BC-A-4-5
A7: 5-6 | B7: tailings | C7: Fe-Mn reduction zone | D7: 0.1 | E7: 236.4 | F7: 37.8 | G7: 9 | H7: 47 | I7: 7 | J7: 10.5 | K7: 157 | L7: 270 | M7: 3.6 | N7: 13.9 | O7: 0.3 | P7: 0.2 | Q7: 55900 | R7: 12000 | S7: 21300 | T7: 145 | U7: 0.20869255 | V7: 1.6111051 | W7: 7.7199933 | X7: HH-352 | Y7: CAGE-22-1-HH-352-BC-A-5-6
A8: 6-7 | B8: tailings | C8: Fe-Mn reduction zone | D8: 0.1 | E8: 292.5 | F8: 39.3 | G8: 9 | H8: 47 | I8: 8 | J8: 10.9 | K8: 176 | L8: 265 | M8: 3.3 | N8: 14.3 | O8: 0.3 | P8: 0.2 | Q8: 57600 | R8: 10700 | S8: 21800 | T8: 136 | U8: 0.25640079 | V8: 1.6978488 | W8: 6.6218547 | X8: HH-352 | Y8: CAGE-22-1-HH-352-BC-A-6-7
A9: 7-8 | B9: tailings | C9: Fe-Mn reduction zone | D9: 0.1 | E9: 449.3 | F9: 42.6 | G9: 9 | H9: 44 | I9: 6 | J9: 11.4 | K9: 201 | L9: 254 | M9: 3.2 | N9: 13.3 | O9: 0.3 | P9: 0.3 | Q9: 58900 | R9: 9100 | S9: 23900 | T9: 125 | U9: 0.16514252 | V9: 1.2323353 | W9: 7.4622533 | X9: HH-352 | Y9: CAGE-22-1-HH-352-BC-A-7-8
A10: 8-9 | B10: tailings | C10: Sulfate reduction zone | D10: 0.2 | E10: 700.4 | F10: 46.2 | G10: 8 | H10: 36 | I10: 7 | J10: 11.7 | K10: 277 | L10: 211 | M10: 2.3 | N10: 9.1 | O10: 0.3 | P10: 0.4 | Q10: 59000 | R10: 5500 | S10: 26200 | T10: 97 | U10: 0.004902815 | V10: 0.75896835 | W10: 154.80257 | X10: HH-352 | Y10: CAGE-22-1-HH-352-BC-A-8-9
A11: 9-10 | B11: tailings | C11: Sulfate reduction zone | D11: 0.2 | E11: 719.8 | F11: 50 | G11: 9 | H11: 32 | I11: 3 | J11: 13 | K11: 321 | L11: 224 | M11: 1.8 | N11: 6.2 | O11: 0.3 | P11: 0.4 | Q11: 60300 | R11: 3900 | S11: 28300 | T11: 76 | U11: 0.0030738597 | V11: 0.47719088 | W11: 155.24159 | X11: HH-352 | Y11: CAGE-22-1-HH-352-BC-A-9-10
A12: 10-11 | B12: tailings | C12: Sulfate reduction zone | D12: 0.1 | E12: 670.9 | F12: 50.4 | G12: 8 | H12: 30 | I12: 3 | J12: 11.9 | K12: 307 | L12: 190 | M12: 1.6 | N12: 6.1 | O12: 0.2 | P12: 0.4 | Q12: 63800 | R12: 3700 | S12: 29300 | T12: 77 | U12: 0.23008806 | V12: 0.85805011 | W12: 3.7292249 | X12: HH-352 | Y12: CAGE-22-1-HH-352-BC-A-10-11
A13: 11-12 | B13: tailings | C13: Sulfate reduction zone | D13: 0.065 | E13: 594.7 | F13: 50 | G13: 8 | H13: 24 | I13: 3 | J13: 10.8 | K13: 309 | L13: 165 | M13: 1.1 | N13: 4.1 | O13: 0.2 | P13: 0.4 | Q13: 62700 | R13: 2200 | S13: 29400 | T13: 67 | U13: 0.30633134 | V13: 0.88174587 | W13: 2.8784057 | X13: HH-352 | Y13: CAGE-22-1-HH-352-BC-A-11-12
... A32: 6-7 | B32: tailings | C32: Sulfate reduction zone | D32: 0.1 | E32: 253.3 | F32: 37.3 | G32: 8 | H32: 41 | I32: 7 | J32: 10.5 | K32: 188 | L32: 238 | M32: 3.8 | N32: 10.7 | O32: 0.3 | P32: 0.2 | Q32: 52600 | R32: 7500 | S32: 19200 | T32: 122 | U32: 0.0049335267 | V32: 1.0768021 | W32: 218.26215 | X32: HH-346 | Y32: CAGE-22-1-HH-346-BC-A-6-7
A33: 7-8 | B33: tailings | C33: Sulfate reduction zone | D33: 0.1 | E33: 252.5 | F33: 36.2 | G33: 7 | H33: 39 | I33: 6 | J33: 10.2 | K33: 181 | L33: 223 | M33: 3.6 | N33: 10.2 | O33: 0.3 | P33: 0.2 | Q33: 50500 | R33: 7300 | S33: 18700 | T33: 115 | X33: HH-346 | Y33: CAGE-22-1-HH-346-BC-A-7-8
A34: 8-9 | B34: tailings | C34: Sulfate reduction zone | D34: 0.1 | E34: 272.1 | F34: 37.6 | G34: 7 | H34: 36 | I34: 6 | J34: 10.3 | K34: 195 | L34: 211 | M34: 3.3 | N34: 9.1 | O34: 0.3 | P34: 0.2 | Q34: 50900 | R34: 5800 | S34: 19100 | T34: 105 | U34: 0.0030030957 | V34: 0.83362019 | W34: 277.58695 | X34: HH-346 | Y34: CAGE-22-1-HH-346-BC-A-8-9
A35: 9-10 | B35: tailings | C35: Sulfate reduction zone | D35: 0.065 | E35: 284.4 | F35: 39.8 | G35: 7 | H35: 33 | I35: 5 | J35: 10.6 | K35: 228 | L35: 197 | M35: 2.7 | N35: 7.6 | O35: 0.3 | P35: 0.2 | Q35: 51500 | R35: 4700 | S35: 19500 | T35: 97 | U35: 0.0020532638 | V35: 0.66615409 | W35: 324.43667 | X35: HH-346 | Y35: CAGE-22-1-HH-346-BC-A-9-10
A36: 10-11 | B36: tailings | C36: Sulfate reduction zone | D36: 0.1 | E36: 297.6 | F36: 39.8 | G36: 7 | H36: 33 | I36: 4 | J36: 10.5 | K36: 234 | L36: 198 | M36: 2.5 | N36: 7.5 | O36: 0.2 | P36: 0.2 | Q36: 51800 | R36: 4500 | S36: 19800 | T36: 96 | U36: 0.0025867883 | V36: 0.0033793366 | W36: 1.3063831 | X36: HH-346 | Y36: CAGE-22-1-HH-346-BC-A-10-11
A37: 11-12 | B37: tailings | C37: NA | D37: 0.065 | E37: 323.3 | F37: 46.3 | G37: 7 | H37: 30 | I37: 4 | J37: 11.9 | K37: 266 | L37: 191 | M37: 2.2 | N37: 5.4 | O37: 0.2 | P37: 0.2 | Q37: 54300 | R37: 3000 | S37: 21700 | T37: 81 | U37: 0.00090370938 | V37: 0.34518707 | W37: 381.9669 | X37: HH-346 | Y37: CAGE-22-1-HH-346-BC-A-11-12
A38: 12-13 | B38: tailings | C38: NA | D38: 0.065 | E38: 310.8 | F38: 47.3 | G38: 7 | H38: 28 | I38: 4 | J38: 11.9 | K38: 271 | L38: 180 | M38: 1.9 | N38: 4.4 | O38: 0.2 | P38: 0.2 | Q38: 52600 | R38: 2400 | S38: 21500 | T38: 76 | U38: 0.0022553734 | V38: 0.0018333044 | W38: 0.81286071 | X38: HH-346 | Y38: CAGE-22-1-HH-346-BC-A-12-13
A39: 13-14 | B39: sediment | C39: NA | D39: 0.065 | E39: 294.5 | F39: 44 | G39: 6 | H39: 22 | I39: 2 | J39: 10.6 | K39: 247 | L39: 146 | M39: 1.3 | N39: 2.6 | O39: 0.2 | P39: 0.2 | Q39: 49500 | R39: 1400 | S39: 19400 | T39: 66 | U39: 0.0020753995 | V39: 0 | W39: 0 | X39: HH-346 | Y39: CAGE-22-1-HH-346-BC-A-13-14
A40: 14-15 | B40: sediment | C40: NA | D40: 0.065 | E40: 319.8 | F40: 51.9 | G40: 7 | H40: 23 | I40: 3 | J40: 11.9 | K40: 312 | L40: 166 | M40: 1.1 | N40: 2.5 | O40: 0.2 | P40: 0.2 | Q40: 57200 | R40: 1300 | S40: 24000 | T40: 66 | U40: 0.00060549 | V40: 0.0024608949 | W40: 4.0643031 | X40: HH-346 | Y40: CAGE-22-1-HH-346-BC-A-14-15
A41: 0-1 | B41: sediment | C41: Fe-Mn reduction zone | D41: 0.065 | E41: 69.8 | F41: 29.9 | G41: 9 | H41: 44 | I41: 7 | J41: 9.3 | K41: 110 | L41: 341 | M41: 1 | N41: 13.7 | O41: 0.3 | P41: 0.1 | Q41: 49400 | R41: 15500 | S41: 17600 | T41: 176 | U41: 0.2122917 | V41: 1.7695252 | W41: 8.3353478 | X41: HH-334 | Y41: CAGE-22-1-HH-334-MC-B-0-1
A42: 1-2 | B42: sediment | C42: Fe-Mn reduction zone | D42: 0.065 | E42: 74.4 | F42: 31.5 | G42: 9 | H42: 45 | I42: 5 | J42: 9.6 | K42: 113 | L42: 308 | M42: 0.5 | N42: 13.8 | O42: 0.2 | P42: 0.1 | Q42: 51800 | R42: 15200 | S42: 18500 | T42: 176 | U42: 0.18038377 | V42: 1.537728 | W42: 8.5247577 | X42: HH-334 | Y42: CAGE-22-1-HH-334-MC-B-1-2
A43: 2-3 | B43: sediment | C43: Fe-Mn reduction zone | D43: 0.065 | E43: 77.7 | F43: 31.6 | G43: 9 | H43: 80 | I43: 5 | J43: 9.7 | K43: 110 | L43: 299 | M43: 1 | N43: 14.9 | O43: 0.3 | P43: 0.2 | Q43: 51600 | R43: 14800 | S43: 18500 | T43: 174 | U43: 0.20040309 | V43: 1.67629 | W43: 8.3645916 | X43: HH-334 | Y43: CAGE-22-1-HH-334-MC-B-2-3
A44: 3-4 | B44: sediment | C44: Fe-Mn reduction zone | D44: 0.065 | E44: 84.7 | F44: 32.2 | G44: 9 | H44: 45 | I44: 5 | J44: 9.8 | K44: 116 | L44: 300 | M44: 1.6 | N44: 13.9 | O44: 0.3 | P44: 0.1 | Q44: 52300 | R44: 15400 | S44: 18300 | T44: 171 | U44: 0.1831909 | V44: 1.5863311 | W44: 8.659443 | X44: HH-334 | Y44: CAGE-22-1-HH-334-MC-B-3-4
A45: 4-5 | B45: sediment | C45: Fe-Mn reduction zone | D45: 0.065 | E45: 95 | F45: 32.9 | G45: 9 | H45: 47 | I45: 6 | J45: 10 | K45: 121 | L45: 300 | M45: 2.8 | N45: 14.5 | O45: 0.3 | P45: 0.2 | Q45: 52200 | R45: 15000 | S45: 18900 | T45: 171 | U45: 0.17950253 | V45: 1.4967481 | W45: 8.3383119 | X45: HH-334 | Y45: CAGE-22-1-HH-334-MC-B-4-5
... A81: 40-40,5 | B81: sediment | C81: NA | D81: 0.065 | E81: 16 | F81: 21.3 | G81: 8 | H81: 27 | I81: 3 | J81: 7.1 | K81: 58 | L81: 269 | M81: 1.1 | N81: 10.2 | O81: 0.2 | P81: 0.065 | Q81: 45200 | R81: 12500 | S81: 14400 | T81: 170 | U81: 0.13278423 | V81: 0.83045554 | W81: 6.2541728 | X81: HH-334 | Y81: CAGE-22-1-HH-334-MC-B-40-40,5

Sheet PCA_TAILINGS
A1: Sample | B1: Type.of.sediment | C1: O2.zone | D1: Ag | E1: Cu | F1: Ni | G1: Sc | H1: Zn | I1: Al | J1: Ca | K1: K | L1: Sr | M1: TOC | N1: TN | O1: TOC_TN | P1: CORE name | Q1: Sample ID
A2: 0-1 | B2: sediment | C2: Fe-Mn reduction zone | D2: 0.1 | E2: 150.2 | F2: 30.9 | G2: 9 | H2: 47 | I2: 51600 | J2: 13600 | K2: 18600 | L2: 170 | M2: 0.2130086 | N2: 1.5581344 | O2: 7.3148899 | P2: HH-352 | Q2: CAGE-22-1-HH-352-BC-A-0-1
A3: 1-2 | B3: sediment | C3: Fe-Mn reduction zone | D3: 0.065 | E3: 129.9 | F3: 31.9 | G3: 9 | H3: 46 | I3: 54000 | J3: 13800 | K3: 19400 | L3: 166 | M3: 0.24476093 | N3: 1.8220783 | O3: 7.4443186 | P3: HH-352 | Q3: CAGE-22-1-HH-352-BC-A-1-2
A4: 2-3 | B4: sediment | C4: Fe-Mn reduction zone | D4: 0.065 | E4: 145.4 | F4: 33.8 | G4: 9 | H4: 47 | I4: 54300 | J4: 13400 | K4: 20000 | L4: 164 | M4: 0.20878421 | N4: 1.5988929 | O4: 7.6581124 | P4: HH-352 | Q4: CAGE-22-1-HH-352-BC-A-2-3
A5: 3-4 | B5: sediment | C5: Fe-Mn reduction zone | D5: 0.1 | E5: 193.4 | F5: 35.8 | G5: 9 | H5: 49 | I5: 53800 | J5: 12500 | K5: 20000 | L5: 154 | M5: 0.26063022 | N5: 1.7546206 | O5: 6.7322222 | P5: HH-352 | Q5: CAGE-22-1-HH-352-BC-A-3-4
A6: 4-5 | B6: sediment | C6: Fe-Mn reduction zone | D6: 0.1 | E6: 215.5 | F6: 37.1 | G6: 9 | H6: 48 | I6: 54900 | J6: 12400 | K6: 21000 | L6: 148 | M6: 0.2609995 | N6: 1.7825639 | O6: 6.8297599 | P6: HH-352 | Q6: CAGE-22-1-HH-352-BC-A-4-5
A7: 5-6 | B7: tailings | C7: Fe-Mn reduction zone | D7: 0.1 | E7: 236.4 | F7: 37.8 | G7: 9 | H7: 47 | I7: 55900 | J7: 12000 | K7: 21300 | L7: 145 | M7: 0.20869255 | N7: 1.6111051 | O7: 7.7199933 | P7: HH-352 | Q7: CAGE-22-1-HH-352-BC-A-5-6
A8: 6-7 | B8: tailings | C8: Fe-Mn reduction zone | D8: 0.1 | E8: 292.5 | F8: 39.3 | G8: 9 | H8: 47 | I8: 57600 | J8: 10700 | K8: 21800 | L8: 136 | M8: 0.25640079 | N8: 1.6978488 | O8: 6.6218547 | P8: HH-352 | Q8: CAGE-22-1-HH-352-BC-A-6-7
A9: 7-8 | B9: tailings | C9: Fe-Mn reduction zone | D9: 0.1 | E9: 449.3 | F9: 42.6 | G9: 9 | H9: 44 | I9: 58900 | J9: 9100 | K9: 23900 | L9: 125 | M9: 0.16514252 | N9: 1.2323353 | O9: 7.4622533 | P9: HH-352 | Q9: CAGE-22-1-HH-352-BC-A-7-8
A10: 8-9 | B10: tailings | C10: Sulfate reduction zone | D10: 0.2 | E10: 700.4 | F10: 46.2 | G10: 8 | H10: 36 | I10: 59000 | J10: 5500 | K10: 26200 | L10: 97 | M10: 0.004902815 | N10: 0.75896835 | O10: 154.80257 | P10: HH-352 | Q10: CAGE-22-1-HH-352-BC-A-8-9
A11: 9-10 | B11: tailings | C11: Sulfate reduction zone | D11: 0.2 | E11: 719.8 | F11: 50 | G11: 9 | H11: 32 | I11: 60300 | J11: 3900 | K11: 28300 | L11: 76 | M11: 0.0030738597 | N11: 0.47719088 | O11: 155.24159 | P11: HH-352 | Q11: CAGE-22-1-HH-352-BC-A-9-10
A12: 10-11 | B12: tailings | C12: Sulfate reduction zone | D12: 0.1 | E12: 670.9 | F12: 50.4 | G12: 8 | H12: 30 | I12: 63800 | J12: 3700 | K12: 29300 | L12: 77 | M12: 0.23008806 | N12: 0.85805011 | O12: 3.7292249 | P12: HH-352 | Q12: CAGE-22-1-HH-352-BC-A-10-11
A13: 11-12 | B13: tailings | C13: Sulfate reduction zone | D13: 0.065 | E13: 594.7 | F13: 50 | G13: 8 | H13: 24 | I13: 62700 | J13: 2200 | K13: 29400 | L13: 67 | M13: 0.30633134 | N13: 0.88174587 | O13: 2.8784057 | P13: HH-352 | Q13: CAGE-22-1-HH-352-BC-A-11-12
... A32: 6-7 | B32: tailings | C32: Sulfate reduction zone | D32: 0.1 | E32: 253.3 | F32: 37.3 | G32: 8 | H32: 41 | I32: 52600 | J32: 7500 | K32: 19200 | L32: 122 | M32: 0.0049335267 | N32: 1.0768021 | O32: 218.26215 | P32: HH-346 | Q32: CAGE-22-1-HH-346-BC-A-6-7
A33: 7-8 | B33: tailings | C33: Sulfate reduction zone | D33: 0.1 | E33: 252.5 | F33: 36.2 | G33: 7 | H33: 39 | I33: 50500 | J33: 7300 | K33: 18700 | L33: 115 | P33: HH-346 | Q33: CAGE-22-1-HH-346-BC-A-7-8
A34: 8-9 | B34: tailings | C34: Sulfate reduction zone | D34: 0.1 | E34: 272.1 | F34: 37.6 | G34: 7 | H34: 36 | I34: 50900 | J34: 5800 | K34: 19100 | L34: 105 | M34: 0.0030030957 | N34: 0.83362019 | O34: 277.58695 | P34: HH-346 | Q34: CAGE-22-1-HH-346-BC-A-8-9
A35: 9-10 | B35: tailings | C35: Sulfate reduction zone | D35: 0.065 | E35: 284.4 | F35: 39.8 | G35: 7 | H35: 33 | I35: 51500 | J35: 4700 | K35: 19500 | L35: 97 | M35: 0.0020532638 | N35: 0.66615409 | O35: 324.43667 | P35: HH-346 | Q35: CAGE-22-1-HH-346-BC-A-9-10
A36: 10-11 | B36: tailings | C36: Sulfate reduction zone | D36: 0.1 | E36: 297.6 | F36: 39.8 | G36: 7 | H36: 33 | I36: 51800 | J36: 4500 | K36: 19800 | L36: 96 | M36: 0.0025867883 | N36: 0.0033793366 | O36: 1.3063831 | P36: HH-346 | Q36: CAGE-22-1-HH-346-BC-A-10-11
A37: 11-12 | B37: tailings | C37: NA | D37: 0.065 | E37: 323.3 | F37: 46.3 | G37: 7 | H37: 30 | I37: 54300 | J37: 3000 | K37: 21700 | L37: 81 | M37: 0.00090370938 | N37: 0.34518707 | O37: 381.9669 | P37: HH-346 | Q37: CAGE-22-1-HH-346-BC-A-11-12
A38: 12-13 | B38: tailings | C38: NA | D38: 0.065 | E38: 310.8 | F38: 47.3 | G38: 7 | H38: 28 | I38: 52600 | J38: 2400 | K38: 21500 | L38: 76 | M38: 0.0022553734 | N38: 0.0018333044 | O38: 0.81286071 | P38: HH-346 | Q38: CAGE-22-1-HH-346-BC-A-12-13
A39: 13-14 | B39: sediment | C39: NA | D39: 0.065 | E39: 294.5 | F39: 44 | G39: 6 | H39: 22 | I39: 49500 | J39: 1400 | K39: 19400 | L39: 66 | M39: 0.0020753995 | N39: 0 | O39: 0 | P39: HH-346 | Q39: CAGE-22-1-HH-346-BC-A-13-14
A40: 14-15 | B40: sediment | C40: NA | D40: 0.065 | E40: 319.8 | F40: 51.9 | G40: 7 | H40: 23 | I40: 57200 | J40: 1300 | K40: 24000 | L40: 66 | M40: 0.00060549 | N40: 0.0024608949 | O40: 4.0643031 | P40: HH-346 | Q40: CAGE-22-1-HH-346-BC-A-14-15
A41: 0-1 | B41: sediment | C41: Fe-Mn reduction zone | D41: 0.065 | E41: 69.8 | F41: 29.9 | G41: 9 | H41: 44 | I41: 49400 | J41: 15500 | K41: 17600 | L41: 176 | M41: 0.2122917 | N41: 1.7695252 | O41: 8.3353478 | P41: HH-334 | Q41: CAGE-22-1-HH-334-MC-B-0-1
A42: 1-2 | B42: sediment | C42: Fe-Mn reduction zone | D42: 0.065 | E42: 74.4 | F42: 31.5 | G42: 9 | H42: 45 | I42: 51800 | J42: 15200 | K42: 18500 | L42: 176 | M42: 0.18038377 | N42: 1.537728 | O42: 8.5247577 | P42: HH-334 | Q42: CAGE-22-1-HH-334-MC-B-1-2
A43: 2-3 | B43: sediment | C43: Fe-Mn reduction zone | D43: 0.065 | E43: 77.7 | F43: 31.6 | G43: 9 | H43: 80 | I43: 51600 | J43: 14800 | K43: 18500 | L43: 174 | M43: 0.20040309 | N43: 1.67629 | O43: 8.3645916 | P43: HH-334 | Q43: CAGE-22-1-HH-334-MC-B-2-3
A44: 3-4 | B44: sediment | C44: Fe-Mn reduction zone | D44: 0.065 | E44: 84.7 | F44: 32.2 | G44: 9 | H44: 45 | I44: 52300 | J44: 15400 | K44: 18300 | L44: 171 | M44: 0.1831909 | N44: 1.5863311 | O44: 8.659443 | P44: HH-334 | Q44: CAGE-22-1-HH-334-MC-B-3-4
A45: 4-5 | B45: sediment | C45: Fe-Mn reduction zone | D45: 0.065 | E45: 95 | F45: 32.9 | G45: 9 | H45: 47 | I45: 52200 | J45: 15000 | K45: 18900 | L45: 171 | M45: 0.17950253 | N45: 1.4967481 | O45: 8.3383119 | P45: HH-334 | Q45: CAGE-22-1-HH-334-MC-B-4-5
... A81: 40-40,5 | B81: sediment | C81: NA | D81: 0.065 | E81: 16 | F81: 21.3 | G81: 8 | H81: 27 | I81: 45200 | J81: 12500 | K81: 14400 | L81: 170 | M81: 0.13278423 | N81: 0.83045554 | O81: 6.2541728 | P81: HH-334 | Q81: CAGE-22-1-HH-334-MC-B-40-40,5

Sheet PCA_CORE_352
A1: Sample | B1: Type.of.sediment | C1: O2.zone | D1: Ag | E1: Cu | F1: Ni | G1: Sc | H1: Zn | I1: As | J1: Co | K1: Cr | L1: Mn | M1: Mo | N1: Pb | O1: Sb | P1: Bi | Q1: Al | R1: Ca | S1: K | T1: Sr | U1: TOC | V1: TN | W1: TOC_TN
A2: 0-1 | B2: sediment | C2: Fe-Mn reduction zone | D2: =IF(Semi_total_bulk!D2="BLD", 0.65*0.1, Semi_total_bulk!D2) -> 14.7 | E2: 150.2 | F2: 30.9 | G2: 9 | H2: 47 | I2: 7 | J2: 10 | K2: 110 | L2: 308 | M2: 0.7 | N2: 14.7 | O2: 0.3 | P2: =IF(Semi_total_bulk!P2="BLD", 0.65*0.1, Semi_total_bulk!P2) -> 0.3 | Q2: 51600 | R2: 13600 | S2: 18600 | T2: 170 | U2: 0.2130086 | V2: 1.5581344 | W2: 7.3148899
A3: 1-2 | B3: sediment | C3: Fe-Mn reduction zone | D3: =IF(Semi_total_bulk!D3="BLD", 0.65*0.1, Semi_total_bulk!D3) -> 13.9 | E3: 129.9 | F3: 31.9 | G3: 9 | H3: 46 | I3: 4 | J3: 9.6 | K3: 115 | L3: 297 | M3: 0.7 | N3: 13.9 | O3: 0.3 | P3: =IF(Semi_total_bulk!P3="BLD", 0.65*0.1, Semi_total_bulk!P3) -> 0.3 | Q3: 54000 | R3: 13800 | S3: 19400 | T3: 166 | U3: 0.24476093 | V3: 1.8220783 | W3: 7.4443186
A4: 2-3 | B4: sediment | C4: Fe-Mn reduction zone | D4: =IF(Semi_total_bulk!D4="BLD", 0.65*0.1, Semi_total_bulk!D4) -> 14.2 | E4: 145.4 | F4: 33.8 | G4: 9 | H4: 47 | I4: 5 | J4: 9.9 | K4: 119 | L4: 296 | M4: 1.2 | N4: 14.2 | O4: 0.3 | P4: =IF(Semi_total_bulk!P4="BLD", 0.65*0.1, Semi_total_bulk!P4) -> 0.3 | Q4: 54300 | R4: 13400 | S4: 20000 | T4: 164 | U4: 0.20878421 | V4: 1.5988929 | W4: 7.6581124
A5: 3-4 | B5: sediment | C5: Fe-Mn reduction zone | D5: =IF(Semi_total_bulk!D5="BLD", 0.65*0.1, Semi_total_bulk!D5) -> 14.4 | E5: 193.4 | F5: 35.8 | G5: 9 | H5: 49 | I5: 5 | J5: 10.2 | K5: 131 | L5: 282 | M5: 3 | N5: 14.4 | O5: 0.3 | P5: =IF(Semi_total_bulk!P5="BLD", 0.65*0.1, Semi_total_bulk!P5) -> 0.3 | Q5: 53800 | R5: 12500 | S5: 20000 | T5: 154 | U5: 0.26063022 | V5: 1.7546206 | W5: 6.7322222
A6: 4-5 | B6: sediment | C6: Fe-Mn reduction zone | D6: =IF(Semi_total_bulk!D6="BLD", 0.65*0.1, Semi_total_bulk!D6) -> 14.2 | E6: 215.5 | F6: 37.1 | G6: 9 | H6: 48 | I6: 6 | J6: 10.6 | K6: 157 | L6: 285 | M6: 3.5 | N6: 14.2 | O6: 0.3 | P6: =IF(Semi_total_bulk!P6="BLD", 0.65*0.1, Semi_total_bulk!P6) -> 0.3 | Q6: 54900 | R6: 12400 | S6: 21000 | T6: 148 | U6: 0.2609995 | V6: 1.7825639 | W6: 6.8297599
A7: 5-6 | B7: sediment | C7: Fe-Mn reduction zone | D7: =IF(Semi_total_bulk!D7="BLD", 0.65*0.1, Semi_total_bulk!D7) -> 13.9 | E7: 236.4 | F7: 37.8 | G7: 9 | H7: 47 | I7: 7 | J7: 10.5 | K7: 157 | L7: 270 | M7: 3.6 | N7: 13.9 | O7: 0.3 | P7: =IF(Semi_total_bulk!P7="BLD", 0.65*0.1, Semi_total_bulk!P7) -> 0.3 | Q7: 55900 | R7: 12000 | S7: 21300 | T7: 145 | U7: 0.20869255 | V7: 1.6111051 | W7: 7.7199933
A8: 6-7 | B8: sediment | C8: Fe-Mn reduction zone | D8: =IF(Semi_total_bulk!D8="BLD", 0.65*0.1, Semi_total_bulk!D8) -> 14.3 | E8: 292.5 | F8: 39.3 | G8: 9 | H8: 47 | I8: 8 | J8: 10.9 | K8: 176 | L8: 265 | M8: 3.3 | N8: 14.3 | O8: 0.3 | P8: =IF(Semi_total_bulk!P8="BLD", 0.65*0.1, Semi_total_bulk!P8) -> 0.3 | Q8: 57600 | R8: 10700 | S8: 21800 | T8: 136 | U8: 0.25640079 | V8: 1.6978488 | W8: 6.6218547
A9: 7-8 | B9: sediment | C9: Fe-Mn reduction zone | D9: =IF(Semi_total_bulk!D9="BLD", 0.65*0.1, Semi_total_bulk!D9) -> 13.3 | E9: 449.3 | F9: 42.6 | G9: 9 | H9: 44 | I9: 6 | J9: 11.4 | K9: 201 | L9: 254 | M9: 3.2 | N9: 13.3 | O9: 0.3 | P9: =IF(Semi_total_bulk!P9="BLD", 0.65*0.1, Semi_total_bulk!P9) -> 0.3 | Q9: 58900 | R9: 9100 | S9: 23900 | T9: 125 | U9: 0.16514252 | V9: 1.2323353 | W9: 7.4622533
A10: 8-9 | B10: sediment | C10: Sulfate reduction zone | D10: =IF(Semi_total_bulk!D10="BLD", 0.65*0.1, Semi_total_bulk!D10) -> 9.1 | E10: 700.4 | F10: 46.2 | G10: 8 | H10: 36 | I10: 7 | J10: 11.7 | K10: 277 | L10: 211 | M10: 2.3 | N10: 9.1 | O10: 0.3 | P10: =IF(Semi_total_bulk!P10="BLD", 0.65*0.1, Semi_total_bulk!P10) -> 0.3 | Q10: 59000 | R10: 5500 | S10: 26200 | T10: 97 | U10: 0.004902815 | V10: 0.75896835 | W10: 154.80257
A11: 9-10 | B11: sediment | C11: Sulfate reduction zone | D11: =IF(Semi_total_bulk!D11="BLD", 0.65*0.1, Semi_total_bulk!D11) -> 6.2 | E11: 719.8 | F11: 50 | G11: 9 | H11: 32 | I11: 3 | J11: 13 | K11: 321 | L11: 224 | M11: 1.8 | N11: 6.2 | O11: 0.3 | P11: =IF(Semi_total_bulk!P11="BLD", 0.65*0.1, Semi_total_bulk!P11) -> 0.3 | Q11: 60300 | R11: 3900 | S11: 28300 | T11: 76 | U11: 0.0030738597 | V11: 0.47719088 | W11: 155.24159
A12: 10-11 | B12: sediment | C12: Sulfate reduction zone | D12: =IF(Semi_total_bulk!D12="BLD", 0.65*0.1, Semi_total_bulk!D12) -> 6.1 | E12: 670.9 | F12: 50.4 | G12: 8 | H12: 30 | I12: 3 | J12: 11.9 | K12: 307 | L12: 190 | M12: 1.6 | N12: 6.1 | O12: 0.2 | P12: =IF(Semi_total_bulk!P12="BLD", 0.65*0.1, Semi_total_bulk!P12) -> 0.2 | Q12: 63800 | R12: 3700 | S12: 29300 | T12: 77 | U12: 0.23008806 | V12: 0.85805011 | W12: 3.7292249
A13: 11-12 | B13: sediment | C13: Sulfate reduction zone | D13: =IF(Semi_total_bulk!D13="BLD", 0.65*0.1, Semi_total_bulk!D13) -> 4.1 | E13: 594.7 | F13: 50 | G13: 8 | H13: 24 | I13: 3 | J13: 10.8 | K13: 309 | L13: 165 | M13: 1.1 | N13: 4.1 | O13: 0.2 | P13: =IF(Semi_total_bulk!P13="BLD", 0.65*0.1, Semi_total_bulk!P13) -> 0.2 | Q13: 62700 | R13: 2200 | S13: 29400 | T13: 67 | U13: 0.30633134 | V13: 0.88174587 | W13: 2.8784057
... A19: 17-18 | B19: tailings | C19: Sulfate reduction zone | D19: =IF(Semi_total_bulk!D19="BLD", 0.65*0.1, Semi_total_bulk!D19) -> 2.8 | E19: 815.6 | F19: 54.8 | G19: 8 | H19: 24 | I19: 1 | J19: 12.4 | K19: 331 | L19: 190 | M19: 0.8 | N19: 2.8 | O19: 0.2 | P19: =IF(Semi_total_bulk!P19="BLD", 0.65*0.1, Semi_total_bulk!P19) -> 0.2 | Q19: 62800 | R19: 2400 | S19: 27600 | T19: 64 | U19: 0.2532379 | V19: 0.8282752 | W19: 3.2707395
A20: 18-19 | B20: tailings | D20: =IF(Semi_total_bulk!D20="BLD", 0.65*0.1, Semi_total_bulk!D20) -> 2.4 | E20: 1033.1 | F20: 52.6 | G20: 7 | H20: 23 | I20: 2 | J20: 12.2 | K20: 309 | L20: 183 | M20: 0.4 | N20: 2.4 | O20: 0.2 | P20: =IF(Semi_total_bulk!P20="BLD", 0.65*0.1, Semi_total_bulk!P20) -> 0.2 | Q20: 60400 | R20: 2100 | S20: 25400 | T20: 64 | U20: 0.39740765 | V20: 1.1307168 | W20: 2.8452316
A21: 19-20 | B21: tailings | D21: =IF(Semi_total_bulk!D21="BLD", 0.65*0.1, Semi_total_bulk!D21) -> 2.3 | E21: 1195.6 | F21: 49.3 | G21: 7 | H21: 22 | I21: 0.65 | J21: 12 | K21: 283 | L21: 164 | M21: 0.6 | N21: 2.3 | O21: 0.2 | P21: =IF(Semi_total_bulk!P21="BLD", 0.65*0.1, Semi_total_bulk!P21) -> 0.2 | Q21: 57700 | R21: 1900 | S21: 24100 | T21: 61 | U21: 0.18366696 | V21: 0.54678506 | W21: 2.9770464
A22: 20-21 | B22: tailings | D22: =IF(Semi_total_bulk!D22="BLD", 0.65*0.1, Semi_total_bulk!D22) -> 2.7 | E22: 1614.9 | F22: 52.5 | G22: 8 | H22: 26 | I22: 1 | J22: 13 | K22: 295 | L22: 194 | M22: 0.8 | N22: 2.7 | O22: 0.2 | P22: =IF(Semi_total_bulk!P22="BLD", 0.65*0.1, Semi_total_bulk!P22) -> 0.2 | Q22: 61500 | R22: 2700 | S22: 26000 | T22: 63 | U22: 0.52121389 | V22: 1.5363302 | W22: 2.9476003
A23: 21-22 | B23: tailings | D23: =IF(Semi_total_bulk!D23="BLD", 0.65*0.1, Semi_total_bulk!D23) -> 4.1 | E23: 1476 | F23: 54.7 | G23: 8 | H23: 30 | I23: 2 | J23: 13.3 | K23: 293 | L23: 202 | M23: 0.7 | N23: 4.1 | O23: 0.3 | P23: =IF(Semi_total_bulk!P23="BLD", 0.65*0.1, Semi_total_bulk!P23) -> 0.3 | Q23: 59300 | R23: 2400 | S23: 26200 | T23: 58 | U23: 0.18502551 | V23: 0.52168638 | W23: 2.8195375
A24: 22-23 | B24: tailings | D24: =IF(Semi_total_bulk!D24="BLD", 0.65*0.1, Semi_total_bulk!D24) -> 3.2 | E24: 838.9 | F24: 60.9 | G24: 9 | H24: 31 | I24: 0.65 | J24: 14.8 | K24: 312 | L24: 255 | M24: 0.4 | N24: 3.2 | O24: 0.2 | P24: =IF(Semi_total_bulk!P24="BLD", 0.65*0.1, Semi_total_bulk!P24) -> 0.2 | Q24: 63300 | R24: 3300 | S24: 26600 | T24: 53 | U24: 0.0027923639 | V24: 0.0042704087 | W24: 1.2605452
A25: 23-24 | B25: sediment | D25: =IF(Semi_total_bulk!D25="BLD", 0.65*0.1, Semi_total_bulk!D25) -> 2.9 | E25: 703.8 | F25: 61.1 | G25: 9 | H25: 30 | I25: 1 | J25: 14.8 | K25: 325 | L25: 264 | M25: 0.5 | N25: 2.9 | O25: 0.2 | P25: =IF(Semi_total_bulk!P25="BLD", 0.65*0.1, Semi_total_bulk!P25) -> 0.2 | Q25: 63800 | R25: 3700 | S25: 27300 | T25: 56 | U25: 0.2551713 | V25: 0.80598986 | W25: 3.1586227

Sheet SEQ7
A1: Element | B1: StepOrder | C1: Step | D1: Sample | E1: Depth | F1: Concentration | G1: SampleID | H1: Depth2
A2: Ag | B2: 1 | C2: Water-soluble fraction | D2: 0-1a | E2: 1 | F2: 0.018932223 | G2: LP_1_1a | H2: =Table2__24[[#This Row],[Depth]]-0.5 -> 0.5
A3: Al | B3: 1 | C3: Water-soluble fraction | D3: 0-1a | E3: 1 | F3: 22.32109 | G3: LP_1_1a | H3: =Table2__24[[#This Row],[Depth]]-0.5 -> 0.5
A4: As | B4: 1 | C4: Water-soluble fraction | D4: 0-1a | E4: 1 | F4: 0.91661113 | G4: LP_1_1a | H4: =Table2__24[[#This Row],[Depth]]-0.5 -> 0.5
A5: Ba | B5: 1 | C5: Water-soluble fraction | D5: 0-1a | E5: 1 | F5: 1.3441878 | G5: LP_1_1a | H5: =Table2__24[[#This Row],[Depth]]-0.5 -> 0.5
A6: Be | B6: 1 | C6: Water-soluble fraction | D6: 0-1a | E6: 1 | F6: 0 | G6: LP_1_1a | H6: =Table2__24[[#This Row],[Depth]]-0.5 -> 0.5
A7: Bi | B7: 1 | C7: Water-soluble fraction | D7: 0-1a | E7: 1 | F7: BDL | G7: LP_1_1a | H7: =Table2__24[[#This Row],[Depth]]-0.5 -> 0.5
A8: Ca | B8: 1 | C8: Water-soluble fraction | D8: 0-1a | E8: 1 | F8: 1414.5967 | G8: LP_1_1a | H8: =Table2__24[[#This Row],[Depth]]-0.5 -> 0.5
A9: As | B9: 2 | C9: Exchangeable fraction | D9: 0-1a | E9: 1 | F9: 0.045728891 | G9: LP_2_1a | H9: =Table2__24[[#This Row],[Depth]]-0.5 -> 0.5
A10: As | B10: 3 | C10: Poorly crystalline Fe(III)-oxyhydroxides | D10: 0-1a | E10: 1 | F10: 0.62476335 | G10: LP_3_1a | H10: =Table2__24[[#This Row],[Depth]]-0.5 -> 0.5
A11: As | B11: 4 | C11: Crystalline Fe(III)-oxides | D11: 0-1a | E11: 1 | F11: 1.6371034 | G11: LP_4_1a | H11: =Table2__24[[#This Row],[Depth]]-0.5 -> 0.5
A12: Cs | B12: 1 | C12: Water-soluble fraction | D12: 0-1a | E12: 1 | F12: BDL | G12: LP_1_1a | H12: =Table2__24[[#This Row],[Depth]]-0.5 -> 0.5
A13: As | B13: 5 | C13: Organic matter | D13: 0-1a | E13: 1 | F13: 0.86088224 | G13: LP_5_1a | H13: =Table2__24[[#This Row],[Depth]]-0.5 -> 0.5
A14: Fe | B14: 1 | C14: Water-soluble fraction | D14: 0-1a | E14: 1 | F14: 1.52507 | G14: LP_1_1a | H14: =Table2__24[[#This Row],[Depth]]-0.5 -> 0.5
A15: Ga | B15: 1 | C15: Water-soluble fraction | D15: 0-1a | E15: 1 | F15: 0.056796668 | G15: LP_1_1a | H15: =Table2__24[[#This Row],[Depth]]-0.5 -> 0.5
A16: Ge | B16: 1 | C16: Water-soluble fraction | D16: 0-1a | E16: 1 | F16: 0 | G16: LP_1_1a | H16: =Table2__24[[#This Row],[Depth]]-0.5 -> 0.5
A17: K | B17: 1 | C17: Water-soluble fraction | D17: 0-1a | E17: 1 | F17: 1252.4233 | G17: LP_1_1a | H17: =Table2__24[[#This Row],[Depth]]-0.5 -> 0.5
A18: Li | B18: 1 | C18: Water-soluble fraction | D18: 0-1a | E18: 1 | F18: 0.98447558 | G18: LP_1_1a | H18: =Table2__24[[#This Row],[Depth]]-0.5 -> 0.5
A19: Mg | B19: 1 | C19: Water-soluble fraction | D19: 0-1a | E19: 1 | F19: 2003.3661 | G19: LP_1_1a | H19: =Table2__24[[#This Row],[Depth]]-0.5 -> 0.5
A20: As | B20: 6 | C20: Primary sulfide fraction | D20: 0-1a | E20: 1 | F20: 0.78515335 | G20: LP_6_1a | H20: =Table2__24[[#This Row],[Depth]]-0.5 -> 0.5
A21: As | B21: 7 | C21: Residual fraction | D21: 0-1a | E21: 1 | F21: 0.55730734 | G21: LP_7_1a | H21: =Table2__24[[#This Row],[Depth]]-0.5 -> 0.5
A22: Na | B22: 1 | C22: Water-soluble fraction | D22: 0-1a | E22: 1 | F22: 22869.936 | G22: LP_1_1a | H22: =Table2__24[[#This Row],[Depth]]-0.5 -> 0.5
A23: Nb | B23: 1 | C23: Water-soluble fraction | D23: 0-1a | E23: 1 | F23: BDL | G23: LP_1_1a | H23: =Table2__24[[#This Row],[Depth]]-0.5 -> 0.5
A24: As | B24: 1 | C24: Water-soluble fraction | D24: 0-1b | E24: 1 | F24: 0.62658575 | G24: LP_1_1b | H24: =Table2__24[[#This Row],[Depth]]-0.5 -> 0.5
A25: P | B25: 1 | C25: Water-soluble fraction | D25: 0-1a | E25: 1 | F25: 37.213294 | G25: LP_1_1a | H25: =Table2__24[[#This Row],[Depth]]-0.5 -> 0.5
A26: As | B26: 2 | C26: Exchangeable fraction | D26: 0-1b | E26: 1 | F26: 0.089379228 | G26: LP_2_1b | H26: =Table2__24[[#This Row],[Depth]]-0.5 -> 0.5
A27: Rb | B27: 1 | C27: Water-soluble fraction | D27: 0-1a | E27: 1 | F27: 0.8330178 | G27: LP_1_1a | H27: =Table2__24[[#This Row],[Depth]]-0.5 -> 0.5
A28: S | B28: 1 | C28: Water-soluble fraction | D28: 0-1a | E28: 1 | F28: 2013.3094 | G28: LP_1_1a | H28: =Table2__24[[#This Row],[Depth]]-0.5 -> 0.5
A29: As | B29: 3 | C29: Poorly crystalline Fe(III)-oxyhydroxides | D29: 0-1b | E29: 1 | F29: 0.69637883 | G29: LP_3_1b | H29: =Table2__24[[#This Row],[Depth]]-0.5 -> 0.5
A30: As | B30: 4 | C30: Crystalline Fe(III)-oxides | D30: 0-1b | E30: 1 | F30: 1.9398607 | G30: LP_4_1b | H30: =Table2__24[[#This Row],[Depth]]-0.5 -> 0.5
A31: Se | B31: 1 | C31: Water-soluble fraction | D31: 0-1a | E31: 1 | F31: BDL | G31: LP_1_1a | H31: =Table2__24[[#This Row],[Depth]]-0.5 -> 0.5
A32: Sn | B32: 1 | C32: Water-soluble fraction | D32: 0-1a | E32: 1 | F32: 0 | G32: LP_1_1a | H32: =Table2__24[[#This Row],[Depth]]-0.5 -> 0.5
A33: Sr | B33: 1 | C33: Water-soluble fraction | D33: 0-1a | E33: 1 | F33: 17.065797 | G33: LP_1_1a | H33: =Table2__24[[#This Row],[Depth]]-0.5 -> 0.5
A34: Te | B34: 1 | C34: Water-soluble fraction | D34: 0-1a | E34: 1 | F34: 0 | G34: LP_1_1a | H34: =Table2__24[[#This Row],[Depth]]-0.5 -> 0.5
A35: Th | B35: 1 | C35: Water-soluble fraction | D35: 0-1a | E35: 1 | F35: 0 | G35: LP_1_1a | H35: =Table2__24[[#This Row],[Depth]]-0.5 -> 0.5
A36: Ti | B36: 1 | C36: Water-soluble fraction | D36: 0-1a | E36: 1 | F36: 0 | G36: LP_1_1a | H36: =Table2__24[[#This Row],[Depth]]-0.5 -> 0.5
A37: Tl | B37: 1 | C37: Water-soluble fraction | D37: 0-1a | E37: 1 | F37: 0.018932223 | G37: LP_1_1a | H37: =Table2__24[[#This Row],[Depth]]-0.5 -> 0.5
A38: U | B38: 1 | C38: Water-soluble fraction | D38: 0-1a | E38: 1 | F38: 0.018932223 | G38: LP_1_1a | H38: =Table2__24[[#This Row],[Depth]]-0.5 -> 0.5
A39: V | B39: 1 | C39: Water-soluble fraction | D39: 0-1a | E39: 1 | F39: 1.6749678 | G39: LP_1_1a | H39: =Table2__24[[#This Row],[Depth]]-0.5 -> 0.5
A40: W | B40: 1 | C40: Water-soluble fraction | D40: 0-1a | E40: 1 | F40: 0.0089322226 | G40: LP_1_1a | H40: =Table2__24[[#This Row],[Depth]]-0.5 -> 0.5
A41: Y | B41: 1 | C41: Water-soluble fraction | D41: 0-1a | E41: 1 | F41: 0 | G41: LP_1_1a | H41: =Table2__24[[#This Row],[Depth]]-0.5 -> 0.5
A42: As | B42: 5 | C42: Organic matter | D42: 0-1b | E42: 1 | F42: 0.78586152 | G42: LP_5_1b | H42: =Table2__24[[#This Row],[Depth]]-0.5 -> 0.5
A43: La | B43: 1 | C43: Water-soluble fraction | D43: 0-1a | E43: 1 | F43: 0 | G43: LP_1_1a | H43: =Table2__24[[#This Row],[Depth]]-0.5 -> 0.5
... A51: Dy | B51: 1 | C51: Water-soluble fraction | D51: 0-1a | E51: 1 | F51: 0 | G51: LP_1_1a | H51: =Table2__24[[#This Row],[Depth]]-0.5 -> 0.5
A52: Ho | B52: 1 | C52: Water-soluble fraction | D52: 0-1a | E52: 1 | F52: BDL | G52: LP_1_1a | H52: =Table2__24[[#This Row],[Depth]]-0.5 -> 0.5
A53: Er | B53: 1 | C53: Water-soluble fraction | D53: 0-1a | E53: 1 | F53: BDL | G53: LP_1_1a | H53: =Table2__24[[#This Row],[Depth]]-0.5 -> 0.5
A54: Tm | B54: 1 | C54: Water-soluble fraction | D54: 0-1a | E54: 1 | F54: 0 | G54: LP_1_1a | H54: =Table2__24[[#This Row],[Depth]]-0.5 -> 0.5
A55: Yb | B55: 1 | C55: Water-soluble fraction | D55: 0-1a | E55: 1 | F55: 0 | G55: LP_1_1a | H55: =Table2__24[[#This Row],[Depth]]-0.5 -> 0.5
A56: Lu | B56: 1 | C56: Water-soluble fraction | D56: 0-1a | E56: 1 | F56: 0 | G56: LP_1_1a | H56: =Table2__24[[#This Row],[Depth]]-0.5 -> 0.5
A57: Ag | B57: 2 | C57: Exchangeable fraction | D57: 0-1a | E57: 1 | F57: 0 | G57: LP_2_1a | H57: =Table2__24[[#This Row],[Depth]]-0.5 -> 0.5
A58: Al | B58: 2 | C58: Exchangeable fraction | D58: 0-1a | E58: 1 | F58: 0.050882242 | G58: LP_2_1a | H58: =Table2__24[[#This Row],[Depth]]-0.5 -> 0.5
A59: As | B59: 6 | C59: Primary sulfide fraction | D59: 0-1b | E59: 1 | F59: 0.64658575 | G59: LP_6_1b | H59: =Table2__24[[#This Row],[Depth]]-0.5 -> 0.5
A60: Ba | B60: 2 | C60: Exchangeable fraction | D60: 0-1a | E60: 1 | F60: 28.151147 | G60: LP_2_1a | H60: =Table2__24[[#This Row],[Depth]]-0.5 -> 0.5
A61: Be | B61: 2 | C61: Exchangeable fraction | D61: 0-1a | E61: 1 | F61: 0 | G61: LP_2_1a | H61: =Table2__24[[#This Row],[Depth]]-0.5 -> 0.5
A62: Bi | B62: 2 | C62: Exchangeable fraction | D62: 0-1a | E62: 1 | F62: BDL | G62: LP_2_1a | H62: =Table2__24[[#This Row],[Depth]]-0.5 -> 0.5
A63: Ca | B63: 2 | C63: Exchangeable fraction | D63: 0-1a | E63: 1 | F63: 2501.4767 | G63: LP_2_1a | H63: =Table2__24[[#This Row],[Depth]]-0.5 -> 0.5
A64: As | B64: 7 | C64: Residual fraction | D64: 0-1b | E64: 1 | F64: 0.48942764 | G64: LP_7_1b | H64: =Table2__24[[#This Row],[Depth]]-0.5 -> 0.5
A65: As | B65: 1 | C65: Water-soluble fraction | D65: 0-1c | E65: 1 | F65: 0.64776917 | G65: LP_1_1c | H65: =Table2__24[[#This Row],[Depth]]-0.5 -> 0.5
A66: As | B66: 2 | C66: Exchangeable fraction | D66: 0-1c | E66: 1 | F66: 0.1442835 | G66: LP_2_1c | H66: =Table2__24[[#This Row],[Depth]]-0.5 -> 0.5
A67: Cs | B67: 2 | C67: Exchangeable fraction | D67: 0-1a | E67: 1 | F67: 0 | G67: LP_2_1a | H67: =Table2__24[[#This Row],[Depth]]-0.5 -> 0.5
A68: As | B68: 3 | C68: Poorly crystalline Fe(III)-oxyhydroxides | D68: 0-1c | E68: 1 | F68: 0.6390395 | G68: LP_3_1c | H68: =Table2__24[[#This Row],[Depth]]-0.5 -> 0.5
A69: Fe | B69: 2 | C69: Exchangeable fraction | D69: 0-1a | E69: 1 | F69: 0 | G69: LP_2_1a | H69: =Table2__24[[#This Row],[Depth]]-0.5 -> 0.5
A70: Ga | B70: 2 | C70: Exchangeable fraction | D70: 0-1a | E70: 1 | F70: 0 | G70: LP_2_1a | H70: =Table2__24[[#This Row],[Depth]]-0.5 -> 0.5
A71: Ge | B71: 2 | C71: Exchangeable fraction | D71: 0-1a | E71: 1 | F71: 0 | G71: LP_2_1a | H71: =Table2__24[[#This Row],[Depth]]-0.5 -> 0.5
A72: K | B72: 2 | C72: Exchangeable fraction | D72: 0-1a | E72: 1 | F72: 225.93715 | G72: LP_2_1a | H72: =Table2__24[[#This Row],[Depth]]-0.5 -> 0.5
A73: Li | B73: 2 | C73: Exchangeable fraction | D73: 0-1a | E73: 1 | F73: 0.56796668 | G73: LP_2_1a | H73: =Table2__24[[#This Row],[Depth]]-0.5 -> 0.5
A74: Mg | B74: 2 | C74: Exchangeable fraction | D74: 0-1a | E74: 1 | F74: 617.11924 | G74: LP_2_1a | H74: =Table2__24[[#This Row],[Depth]]-0.5 -> 0.5
... A77: Na | B77: 2 | C77: Exchangeable fraction | D77: 0-1a | E77: 1 | F77: 340.60962 | G77: LP_2_1a | H77: =Table2__24[[#This Row],[Depth]]-0.5 -> 0.5
A78: Nb | B78: 2 | C78: Exchangeable fraction | D78: 0-1a | E78: 1 | F78: BDL | G78: LP_2_1a | H78: =Table2__24[[#This Row],[Depth]]-0.5 -> 0.5
A79: As | B79: 6 | C79: Primary sulfide fraction | D79: 0-1c | E79: 1 | F79: 0.687134 | G79: LP_6_1c | H79: =Table2__24[[#This Row],[Depth]]-0.5 -> 0.5
A80: P | B80: 2 | C80: Exchangeable fraction | D80: 0-1a | E80: 1 | F80: 5.7650435 | G80: LP_2_1a | H80: =Table2__24[[#This Row],[Depth]]-0.5 -> 0.5
A81: As | B81: 7 | C81: Residual fraction | D81: 0-1c | E81: 1 | F81: 0.53008607 | G81: LP_7_1c | H81: =Table2__24[[#This Row],[Depth]]-0.5 -> 0.5
A82: Rb | B82: 2 | C82: Exchangeable fraction | D82: 0-1a | E82: 1 | F82: 0.60583112 | G82: LP_2_1a | H82: =Table2__24[[#This Row],[Depth]]-0.5 -> 0.5
A83: S | B83: 2 | C83: Exchangeable fraction | D83: 0-1a | E83: 1 | F83: 21.355547 | G83: LP_2_1a | H83: =Table2__24[[#This Row],[Depth]]-0.5 -> 0.5
A84: As | B84: 1 | C84: Water-soluble fraction | D84: 10-11 | E84: 11 | F84: 0.049744817 | G84: LP_1_11 | H84: =Table2__24[[#This Row],[Depth]]-0.5 -> 10.5
A85: As | B85: 2 | C85: Exchangeable fraction | D85: 10-11 | E85: 11 | F85: 0.0098724083 | G85: LP_2_11 | H85: =Table2__24[[#This Row],[Depth]]-0.5 -> 10.5
A86: Se | B86: 2 | C86: Exchangeable fraction | D86: 0-1a | E86: 1 | F86: BDL | G86: LP_2_1a | H86: =Table2__24[[#This Row],[Depth]]-0.5 -> 0.5
A87: Sn | B87: 2 | C87: Exchangeable fraction | D87: 0-1a | E87: 1 | F87: BDL | G87: LP_2_1a | H87: =Table2__24[[#This Row],[Depth]]-0.5 -> 0.5
A88: Sr | B88: 2 | C88: Exchangeable fraction | D88: 0-1a | E88: 1 | F88: 19.546986 | G88: LP_2_1a | H88: =Table2__24[[#This Row],[Depth]]-0.5 -> 0.5
A89: Te | B89: 2 | C89: Exchangeable fraction | D89: 0-1a | E89: 1 | F89: 0 | G89: LP_2_1a | H89: =Table2__24[[#This Row],[Depth]]-0.5 -> 0.5
A90: Th | B90: 2 | C90: Exchangeable fraction | D90: 0-1a | E90: 1 | F90: 0 | G90: LP_2_1a | H90: =Table2__24[[#This Row],[Depth]]-0.5 -> 0.5
A91: Ti | B91: 2 | C91: Exchangeable fraction | D91: 0-1a | E91: 1 | F91: BDL | G91: LP_2_1a | H91: =Table2__24[[#This Row],[Depth]]-0.5 -> 0.5
A92: Tl | B92: 2 | C92: Exchangeable fraction | D92: 0-1a | E92: 1 | F92: 0 | G92: LP_2_1a | H92: =Table2__24[[#This Row],[Depth]]-0.5 -> 0.5
A93: U | B93: 2 | C93: Exchangeable fraction | D93: 0-1a | E93: 1 | F93: 0.037864445 | G93: LP_2_1a | H93: =Table2__24[[#This Row],[Depth]]-0.5 -> 0.5
A94: V | B94: 2 | C94: Exchangeable fraction | D94: 0-1a | E94: 1 | F94: 0.037864445 | G94: LP_2_1a | H94: =Table2__24[[#This Row],[Depth]]-0.5 -> 0.5
A95: W | B95: 2 | C95: Exchangeable fraction | D95: 0-1a | E95: 1 | F95: 0 | G95: LP_2_1a | H95: =Table2__24[[#This Row],[Depth]]-0.5 -> 0.5
A96: Y | B96: 2 | C96: Exchangeable fraction | D96: 0-1a | E96: 1 | F96: 0.018932223 | G96: LP_2_1a | H96: =Table2__24[[#This Row],[Depth]]-0.5 -> 0.5
A97: As | B97: 3 | C97: Poorly crystalline Fe(III)-oxyhydroxides | D97: 10-11 | E97: 11 | F97: 0.30901116 | G97: LP_3_11 | H97: =Table2__24[[#This Row],[Depth]]-0.5 -> 10.5
A98: La | B98: 2 | C98: Exchangeable fraction | D98: 0-1a | E98: 1 | F98: 0.037864445 | G98: LP_2_1a | H98: =Table2__24[[#This Row],[Depth]]-0.5 -> 0.5
A99: Ce | B99: 2 | C99: Exchangeable fraction | D99: 0-1a | E99: 1 | F99: 0.094661113 | G99: LP_2_1a | H99: =Table2__24[[#This Row],[Depth]]-0.5 -> 0.5
A100: Pr | B100: 2 | C100: Exchangeable fraction | D100: 0-1a | E100: 1 | F100: 0.018932223 | G100: LP_2_1a | H100: =Table2__24[[#This Row],[Depth]]-0.5 -> 0.5
A101: Nd | B101: 2 | C101: Exchangeable fraction | D101: 0-1a | E101: 1 | F101: 0.037864445 | G101: LP_2_1a | H101: =Table2__24[[#This Row],[Depth]]-0.5 -> 0.5
A102: Sm | B102: 2 | C102: Exchangeable fraction | D102: 0-1a | E102: 1 | F102: 0 | G102: LP_2_1a | H102: =Table2__24[[#This Row],[Depth]]-0.5 -> 0.5
A103: Eu | B103: 2 | C103: Exchangeable fraction | D103: 0-1a | E103: 1 | F103: 0 | G103: LP_2_1a | H103: =Table2__24[[#This Row],[Depth]]-0.5 -> 0.5
... A106: Dy | B106: 2 | C106: Exchangeable fraction | D106: 0-1a | E106: 1 | F106: 0 | G106: LP_2_1a | H106: =Table2__24[[#This Row],[Depth]]-0.5 -> 0.5
A107: Ho | B107: 2 | C107: Exchangeable fraction | D107: 0-1a | E107: 1 | F107: BDL | G107: LP_2_1a | H107: =Table2__24[[#This Row],[Depth]]-0.5 -> 0.5
A108: Er | B108: 2 | C108: Exchangeable fraction | D108: 0-1a | E108: 1 | F108: 0 | G108: LP_2_1a | H108: =Table2__24[[#This Row],[Depth]]-0.5 -> 0.5
A109: Tm | B109: 2 | C109: Exchangeable fraction | D109: 0-1a | E109: 1 | F109: 0 | G109: LP_2_1a | H109: =Table2__24[[#This Row],[Depth]]-0.5 -> 0.5
A110: Yb | B110: 2 | C110: Exchangeable fraction | D110: 0-1a | E110: 1 | F110: 0 | G110: LP_2_1a | H110: =Table2__24[[#This Row],[Depth]]-0.5 -> 0.5
A111: Lu | B111: 2 | C111: Exchangeable fraction | D111: 0-1a | E111: 1 | F111: 0 | G111: LP_2_1a | H111: =Table2__24[[#This Row],[Depth]]-0.5 -> 0.5
...

Sheet SEP7_BCR
A1: Element | B1: StepOrder | C1: Step | D1: SEP | E1: Sample | F1: Concentration | G1: SampleID | H1: Depth
A2: Ag | B2: 1 | C2: Water soluble fraction | D2: Seven step sequential extraction | E2: ST7 | F2: 0 | G2: LP_1_ST_7 | H2: ST7
A3: Ag | B3: 1 | C3: Water soluble fraction | D3: Seven step sequential extraction | E3: 0-1a | F3: 0.018932223 | G3: LP_1_1a | H3: 1
A4: Ag | B4: 1 | C4: Water soluble fraction | D4: Seven step sequential extraction | E4: 0-1b | F4: 0.019896538 | G4: LP_1_1b | H4: 1
A5: Ag | B5: 1 | C5: Water soluble fraction | D5: Seven step sequential extraction | E5: 0-1c | F5: 0 | G5: LP_1_1c | H5: 1
A6: Ag | B6: 1 | C6: Water soluble fraction | D6: Seven step sequential extraction | E6: 1-2 | F6: 0 | G6: LP_1_2 | H6: 2
A7: Ag | B7: 1 | C7: Water soluble fraction | D7: Seven step sequential extraction | E7: 2-3 | F7: 0.019908421 | G7: LP_1_3 | H7: 3
A8: Ag | B8: 1 | C8: Water soluble fraction | D8: Seven step sequential extraction | E8: 3-4 | F8: BDL | G8: LP_1_4 | H8: 4
A9: Ag | B9: 1 | C9: Water soluble fraction | D9: Seven step sequential extraction | E9: 4-5 | F9: 0 | G9: LP_1_5 | H9: 5
A10: Ag | B10: 1 | C10: Water soluble fraction | D10: Seven step sequential extraction | E10: 5-6 | F10: 0 | G10: LP_1_6 | H10: 6
A11: Ag | B11: 1 | C11: Water soluble fraction | D11: Seven step sequential extraction | E11: 6-7 | F11: BDL | G11: LP_1_7 | H11: 7
A12: Ag | B12: 1 | C12: Water soluble fraction | D12: Seven step sequential extraction | E12: 7-8 | F12: 0 | G12: LP_1_8 | H12: 8
A13: Ag | B13: 1 | C13: Water soluble fraction | D13: Seven step sequential extraction | E13: 8-9a | F13: BDL | G13: LP_1_9a | H13: 9
A14: Ag | B14: 1 | C14: Water soluble fraction | D14: Seven step sequential extraction | E14: 8-9b | F14: 0 | G14: LP_1_9b | H14: 9
A15: Ag | B15: 1 | C15: Water soluble fraction | D15: Seven step sequential extraction | E15: 9-10 | F15: 0 | G15: LP_1_10 | H15: 10
A16: Ag | B16: 1 | C16: Water soluble fraction | D16: Seven step sequential extraction | E16: 10-11 | F16: 0 | G16: LP_1_11 | H16: 11
A17: Ag | B17: 1 | C17: Water soluble fraction | D17: Seven step sequential extraction | E17: 11-12 | F17: 0 | G17: LP_1_12 | H17: 12
A18: Ag | B18: 1 | C18: Water soluble fraction | D18: Seven step sequential extraction | E18: 12-13 | F18: BDL | G18: LP_1_13 | H18: 13
A19: Ag | B19: 1 | C19: Water soluble fraction | D19: Seven step sequential extraction | E19: 13-14 | F19: 0 | G19: LP_1_14 | H19: 14
A20: Ag | B20: 1 | C20: Water soluble fraction | D20: Seven step sequential extraction | E20: 14-15 | F20: 0 | G20: LP_1_15 | H20: 15
A21: Ag | B21: 1 | C21: Water soluble fraction | D21: Seven step sequential extraction | E21: 15-16 | F21: 0 | G21: LP_1_16 | H21: 16
A22: Ag | B22: 1 | C22: Water soluble fraction | D22: Seven step sequential extraction | E22: 16-17 | F22: 0 | G22: LP_1_17 | H22: 17
A23: Ag | B23: 1 | C23: Water soluble fraction | D23: Seven step sequential extraction | E23: 17-18 | F23: 0 | G23: LP_1_18 | H23: 18
A24: Ag | B24: 1 | C24: Water soluble fraction | D24: Seven step sequential extraction | E24: 18-19 | F24: 0 | G24: LP_1_19 | H24: 19
A25: Ag | B25: 1 | C25: Water soluble fraction | D25: Seven step sequential extraction | E25: 19-20 | F25: 0 | G25: LP_1_20 | H25: 20
A26: Ag | B26: 1 | C26: Water soluble fraction | D26: Seven step sequential extraction | E26: 20-21 | F26: 0 | G26: LP_1_21 | H26: 21
A27: Ag | B27: 1 | C27: Water soluble fraction | D27: Seven step sequential extraction | E27: 21-22 | F27: 0 | G27: LP_1_22 | H27: 22
A28: Ag | B28: 1 | C28: Water soluble fraction | D28: Seven step sequential extraction | E28: 22-23 | F28: 0 | G28: LP_1_23 | H28: 23
A29: Ag | B29: 1 | C29: Water soluble fraction | D29: Seven step sequential extraction | E29: 23-24a | F29: 0 | G29: LP_1_24a | H29: 24
A30: Ag | B30: 1 | C30: Water soluble fraction | D30: Seven step sequential extraction | E30: 23-24b | F30: 0 | G30: LP_1_24b | H30: 24
... A459: As | B459: 2 | C459: Exchangeable fraction | D459: Seven step sequential extraction | E459: 16-17 | F459: 0 | G459: LP_2_17 | H459: 17
A460: As | B460: 2 | C460: Exchangeable fraction | D460: Seven step sequential extraction | E460: 17-18 | F460: BDL | G460: LP_2_18 | H460: 18
A461: As | B461: 2 | C461: Exchangeable fraction | D461: Seven step sequential extraction | E461: 18-19 | F461: 0 | G461: LP_2_19 | H461: 19
A462: As | B462: 2 | C462: Exchangeable fraction | D462: Seven step sequential extraction | E462: 19-20 | F462: 0 | G462: LP_2_20 | H462: 20
A463: As | B463: 2 | C463: Exchangeable fraction | D463: Seven step sequential extraction | E463: 20-21 | F463: 0 | G463: LP_2_21 | H463: 21
A464: As | B464: 2 | C464: Exchangeable fraction | D464: Seven step sequential extraction | E464: 21-22 | F464: 0.0004754165 | G464: LP_2_22 | H464: 22
A465: As | B465: 2 | C465: Exchangeable fraction | D465: Seven step sequential extraction | E465: 22-23 | F465: BDL | G465: LP_2_23 | H465: 23
A466: As | B466: 2 | C466: Exchangeable fraction | D466: Seven step sequential extraction | E466: 23-24a | F466: BDL | G466: LP_2_24a | H466: 24
A467: As | B467: 2 | C467: Exchangeable fraction | D467: Seven step sequential extraction | E467: 23-24b | F467: BDL | G467: LP_2_24b | H467: 24
A468: As | B468: 3 | C468: Poorly crystalline Fe(III)-oxyhydroxides | D468: Seven step sequential extraction | E468: ST7 | F468: 2.3552894 | G468: LP_3_ST_7 | H468: ST7
A469: As | B469: 3 | C469: Poorly crystalline Fe(III)-oxyhydroxides | D469: Seven step sequential extraction | E469: 0-1a | F469: 0.62476335 | G469: LP_3_1a | H469: 1
A470: As | B470: 3 | C470: Poorly crystalline Fe(III)-oxyhydroxides | D470: Seven step sequential extraction | E470: 0-1b | F470: 0.69637883 | G470: LP_3_1b | H470: 1
A471: As | B471: 3 | C471: Poorly crystalline Fe(III)-oxyhydroxides | D471: Seven step sequential extraction | E471: 0-1c | F471: 0.6390395 | G471: LP_3_1c | H471: 1
A472: As | B472: 3 | C472: Poorly crystalline Fe(III)-oxyhydroxides | D472: Seven step sequential extraction | E472: 1-2 | F472: 0.56732224 | G472: LP_3_2 | H472: 2
A473: As | B473: 3 | C473: Poorly crystalline Fe(III)-oxyhydroxides | D473: Seven step sequential extraction | E473: 2-3 | F473: 0.079633685 | G473: LP_3_3 | H473: 3
A474: As | B474: 3 | C474: Poorly crystalline Fe(III)-oxyhydroxides | D474: Seven step sequential extraction | E474: 3-4 | F474: 0.057559478 | G474: LP_3_4 | H474: 4
A475: As | B475: 3 | C475: Poorly crystalline Fe(III)-oxyhydroxides | D475: Seven step sequential extraction | E475: 4-5 | F475: 0.049387594 | G475: LP_3_5 | H475: 5
A476: As | B476: 3 | C476: Poorly crystalline Fe(III)-oxyhydroxides | D476: Seven step sequential extraction | E476: 5-6 | F476: 0.041111659 | G476: LP_3_6 | H476: 6
A477: As | B477: 3 | C477: Poorly crystalline Fe(III)-oxyhydroxides | D477: Seven step sequential extraction | E477: 6-7 | F477: 0.039952058 | G477: LP_3_7 | H477: 7
A478: As | B478: 3 | C478: Poorly crystalline Fe(III)-oxyhydroxides | D478: Seven step sequential extraction | E478: 7-8 | F478: 0.080993521 | G478: LP_3_8 | H478: 8
A479: As | B479: 3 | C479: Poorly crystalline Fe(III)-oxyhydroxides | D479: Seven step sequential extraction | E479: 8-9a | F479: 0.092387288 | G479: LP_3_9a | H479: 9
... A1022: Bi | B1022: 1 | C1022: Water soluble fraction | D1022: Seven step sequential extraction | E1022: ST7 | F1022: 0 | G1022: LP_1_ST_7 | H1022: ST7
A1023: Bi | B1023: 1 | C1023: Water soluble fraction | D1023: Seven step sequential extraction | E1023: 0-1a | F1023: BDL | G1023: LP_1_1a | H1023: 1
A1024: Bi | B1024: 1 | C1024: Water soluble fraction | D1024: Seven step sequential extraction | E1024: 0-1b | F1024: BDL | G1024: LP_1_1b | H1024: 1
A1025: Bi | B1025: 1 | C1025: Water soluble fraction | D1025: Seven step sequential extraction | E1025: 0-1c | F1025: BDL | G1025: LP_1_1c | H1025: 1
A1026: Bi | B1026: 1 | C1026: Water soluble fraction | D1026: Seven step sequential extraction | E1026: 1-2 | F1026: BDL | G1026: LP_1_2 | H1026: 2
A1027: Bi | B1027: 1 | C1027: Water soluble fraction | D1027: Seven step sequential extraction | E1027: 2-3 | F1027: 0 | G1027: LP_1_3 | H1027: 3
A1028: Bi | B1028: 1 | C1028: Water soluble fraction | D1028: Seven step sequential extraction | E1028: 3-4 | F1028: 0 | G1028: LP_1_4 | H1028: 4
A1029: Bi | B1029: 1 | C1029: Water soluble fraction | D1029: Seven step sequential extraction | E1029: 4-5 | F1029: 0 | G1029: LP_1_5 | H1029: 5
A1030: Bi | B1030: 1 | C1030: Water soluble fraction | D1030: Seven step sequential extraction | E1030: 5-6 | F1030: 0 | G1030: LP_1_6 | H1030: 6
A1031: Bi | B1031: 1 | C1031: Water soluble fraction | D1031: Seven step sequential extraction | E1031: 6-7 | F1031: 0 | G1031: LP_1_7 | H1031: 7
A1032: Bi | B1032: 1 | C1032: Water soluble fraction | D1032: Seven step sequential extraction | E1032: 7-8 | F1032: 0 | G1032: LP_1_8 | H1032: 8
A1033: Bi | B1033: 1 | C1033: Water soluble fraction | D1033: Seven step sequential extraction | E1033: 8-9a | F1033: 0 | G1033: LP_1_9a | H1033: 9
A1034: Bi | B1034: 1 | C1034: Water soluble fraction | D1034: Seven step sequential extraction | E1034: 8-9b | F1034: 0 | G1034: LP_1_9b | H1034: 9
A1035: Bi | B1035: 1 | C1035: Water soluble fraction | D1035: Seven step sequential extraction | E1035: 9-10 | F1035: BDL | G1035: LP_1_10 | H1035: 10
A1036: Bi | B1036: 1 | C1036: Water soluble fraction | D1036: Seven step sequential extraction | E1036: 10-11 | F1036: 0 | G1036: LP_1_11 | H1036: 11
A1037: Bi | B1037: 1 | C1037: Water soluble fraction | D1037: Seven step sequential extraction | E1037: 11-12 | F1037: BDL | G1037: LP_1_12 | H1037: 12
A1038: Bi | B1038: 1 | C1038: Water soluble fraction | D1038: Seven step sequential extraction | E1038: 12-13 | F1038: 0 | G1038: LP_1_13 | H1038: 13
A1039: Bi | B1039: 1 | C1039: Water soluble fraction | D1039: Seven step sequential extraction | E1039: 13-14 | F1039: 0 | G1039: LP_1_14 | H1039: 14
A1040: Bi | B1040: 1 | C1040: Water soluble fraction | D1040: Seven step sequential extraction | E1040: 14-15 | F1040: 0 | G1040: LP_1_15 | H1040: 15
A1041: Bi | B1041: 1 | C1041: Water soluble fraction | D1041: Seven step sequential extraction | E1041: 15-16 | F1041: 0 | G1041: LP_1_16 | H1041: 16
A1042: Bi | B1042: 1 | C1042: Water soluble fraction | D1042: Seven step sequential extraction | E1042: 16-17 | F1042: BDL | G1042: LP_1_17 | H1042: 17
A1043: Bi | B1043: 1 | C1043: Water soluble fraction | D1043: Seven step sequential extraction | E1043: 17-18 | F1043: BDL | G1043: LP_1_18 | H1043: 18
A1044: Bi | B1044: 1 | C1044: Water soluble fraction | D1044: Seven step sequential extraction | E1044: 18-19 | F1044: BDL | G1044: LP_1_19 | H1044: 19
A1045: Bi | B1045: 1 | C1045: Water soluble fraction | D1045: Seven step sequential extraction | E1045: 19-20 | F1045: BDL | G1045: LP_1_20 | H1045: 20
A1046: Bi | B1046: 1 | C1046: Water soluble fraction | D1046: Seven step sequential extraction | E1046: 20-21 | F1046: BDL | G1046: LP_1_21 | H1046: 21
A1047: Bi | B1047: 1 | C1047: Water soluble fraction | D1047: Seven step sequential extraction | E1047: 21-22 | F1047: BDL | G1047: LP_1_22 | H1047: 22
A1048: Bi | B1048: 1 | C1048: Water soluble fraction | D1048: Seven step sequential extraction | E1048: 22-23 | F1048: BDL | G1048: LP_1_23 | H1048: 23
A1049: Bi | B1049: 1 | C1049: Water soluble fraction | D1049: Seven step sequential extraction | E1049: 23-24a | F1049: BDL | G1049: LP_1_24a | H1049: 24
A1050: Bi | B1050: 1 | C1050: Water soluble fraction | D1050: Seven step sequential extraction | E1050: 23-24b | F1050: BDL | G1050: LP_1_24b | H1050: 24
A1051: Bi | B1051: 2 | C1051: Exchangeable fraction | D1051: Seven step sequential extraction | E1051: ST7 | F1051: BDL | G1051: LP_2_ST_7 | H1051: ST7
A1052: Bi | B1052: 2 | C1052: Exchangeable fraction | D1052: Seven step sequential extraction | E1052: 0-1a | F1052: BDL | G1052: LP_2_1a | H1052: 1
A1053: Bi | B1053: 2 | C1053: Exchangeable fraction | D1053: Seven step sequential extraction | E1053: 0-1b | F1053: BDL | G1053: LP_2_1b | H1053: 1
... A1079: Bi | B1079: 2 | C1079: Exchangeable fraction | D1079: Seven step sequential extraction | E1079: 23-24b | F1079: BDL | G1079: LP_2_24b | H1079: 24
A1080: Bi | B1080: 3 | C1080: Poorly crystalline Fe(III)-oxyhydroxides | D1080: Seven step sequential extraction | E1080: ST7 | F1080: 0.01996008 | G1080: LP_3_ST_7 | H1080: ST7
A1081: Bi | B1081: 3 | C1081: Poorly crystalline Fe(III)-oxyhydroxides | D1081: Seven step sequential extraction | E1081: 0-1a | F1081: BDL | G1081: LP_3_1a | H1081: 1
A1082: Bi | B1082: 3 | C1082: Poorly crystalline Fe(III)-oxyhydroxides | D1082: Seven step sequential extraction | E1082: 0-1b | F1082: BDL | G1082: LP_3_1b | H1082: 1
A1083: Bi | B1083: 3 | C1083: Poorly crystalline Fe(III)-oxyhydroxides | D1083: Seven step sequential extraction | E1083: 0-1c | F1083: BDL | G1083: LP_3_1c | H1083: 1
A1084: Bi | B1084: 3 | C1084: Poorly crystalline Fe(III)-oxyhydroxides | D1084: Seven step sequential extraction | E1084: 1-2 | F1084: BDL | G1084: LP_3_2 | H1084: 2
A1085: Bi | B1085: 3 | C1085: Poorly crystalline Fe(III)-oxyhydroxides | D1085: Seven step sequential extraction | E1085: 2-3 | F1085: BDL | G1085: LP_3_3 | H1085: 3
A1086: Bi | B1086: 3 | C1086: Poorly crystalline Fe(III)-oxyhydroxides | D1086: Seven step sequential extraction | E1086: 3-4 | F1086: BDL | G1086: LP_3_4 | H1086: 4
A1087: Bi | B1087: 3 | C1087: Poorly crystalline Fe(III)-oxyhydroxides | D1087: Seven step sequential extraction | E1087: 4-5 | F1087: BDL | G1087: LP_3_5 | H1087: 5
A1088: Bi | B1088: 3 | C1088: Poorly crystalline Fe(III)-oxyhydroxides | D1088: Seven step sequential extraction | E1088: 5-6 | F1088: BDL | G1088: LP_3_6 | H1088: 6
A1089: Bi | B1089: 3 | C1089: Poorly crystalline Fe(III)-oxyhydroxides | D1089: Seven step sequential extraction | E1089: 6-7 | F1089: BDL | G1089: LP_3_7 | H1089: 7
A1090: Bi | B1090: 3 | C1090: Poorly crystalline Fe(III)-oxyhydroxides | D1090: Seven step sequential extraction | E1090: 7-8 | F1090: BDL | G1090: LP_3_8 | H1090: 8
A1091: Bi | B1091: 3 | C1091: Poorly crystalline Fe(III)-oxyhydroxides | D1091: Seven step sequential extraction | E1091: 8-9a | F1091: BDL | G1091: LP_3_9a | H1091: 9
A1092: Bi | B1092: 3 | C1092: Poorly crystalline Fe(III)-oxyhydroxides | D1092: Seven step sequential extraction | E1092: 8-9b | F1092: BDL | G1092: LP_3_9b | H1092: 9
A1093: Bi | B1093: 3 | C1093: Poorly crystalline Fe(III)-oxyhydroxides | D1093: Seven step sequential extraction | E1093: 9-10 | F1093: 0.0087842586 | G1093: LP_3_10 | H1093: 10
A1094: Bi | B1094: 3 | C1094: Poorly crystalline Fe(III)-oxyhydroxides | D1094: Seven step sequential extraction | E1094: 10-11 | F1094: BDL | G1094: LP_3_11 | H1094: 11
A1095: Bi | B1095: 3 | C1095: Poorly crystalline Fe(III)-oxyhydroxides | D1095: Seven step sequential extraction | E1095: 11-12 | F1095: BDL | G1095: LP_3_12 | H1095: 12
...

Sheet SEQ7_radno
