Workbook

Sheet REZULTATI
A1: izraženo u μg/L
B2: Al | C2: As | D2: Ba | E2: Be | F2: Ca | G2: Cd | H2: Co | I2: Cr | J2: Cu | K2: Fe | L2: Ga | M2: Ge | N2: K | O2: Li | P2: Mg | Q2: Mn | R2: Mo | S2: Ni | T2: Nb | U2: Pb | V2: Rb | W2: Sb | X2: Sc | Y2: Se | Z2: Sn | AA2: Sr | AB2: Ti | AC2: Th | AD2: U | AE2: V | AF2: W | AG2: Y | AH2: Zn | AJ2: La | AK2: Ce | AL2: Pr | AM2: Nd | AN2: Sm | AO2: Eu | AP2: Gd | AQ2: Tb | AR2: Dy | AS2: Ho | AT2: Er | AU2: Tm | AV2: Yb | AW2: Lu
A3: Blank_1_100x | B3: 0.411 | C3: <LOD | D3: 0.019 | E3: <LOD | F3: <LOD | G3: <LOD | H3: <LOD | I3: <LOD | J3: 0.013 | K3: 0.363 | L3: <0.000 | M3: 0.008 | N3: 81.388 | O3: <LOD | P3: 0.64 | Q3: 0.011 | R3: <LOD | S3: 0.032 | T3: <0.000 | U3: 0.01 | V3: 0.004 | W3: <LOD | X3: <LOD | Y3: <LOD | Z3: 0.009 | AA3: 0.008 | AB3: 0.019 | AC3: 0 | AD3: <LOD | AE3: <LOD | AF3: 0.001 | AG3: <LOD | AH3: 0.131 | AJ3: <0.000 | AK3: <0.000 | AL3: 0 | AM3: 0.001 | AN3: 0 | AO3: 0 | AP3: 0 | AQ3: 0 | AR3: 0 | AS3: 0 | AT3: 0 | AU3: 0 | AV3: 0 | AW3: 0
A4: J001_1_100x | B4: 1.219 | C4: 0.101 | D4: 0.101 | E4: <LOD | F4: <LOD | G4: <LOD | H4: 0.004 | I4: <LOD | J4: 0.04 | K4: 1.359 | L4: 0 | M4: <0.000 | N4: 65.435 | O4: <LOD | P4: 4.908 | Q4: 1.118 | R4: 0.014 | S4: 0.046 | T4: <0.000 | U4: 0.007 | V4: 0.007 | W4: <LOD | X4: <LOD | Y4: 0.014 | Z4: 0.008 | AA4: 0.038 | AB4: 0.009 | AC4: 0 | AD4: 0.007 | AE4: 0.057 | AF4: 0.001 | AG4: 0.005 | AH4: 0.201 | AJ4: <0.000 | AK4: 0 | AL4: 0.001 | AM4: 0.004 | AN4: 0.002 | AO4: 0 | AP4: 0.001 | AQ4: 0 | AR4: 0.001 | AS4: 0 | AT4: 0 | AU4: 0 | AV4: 0 | AW4: 0
A5: J002_1_100x | B5: 0.563 | C5: 0.008 | D5: 0.074 | E5: <LOD | F5: <LOD | G5: <LOD | H5: <LOD | I5: <LOD | J5: 1.224 | K5: 2.349 | L5: <0.000 | M5: <0.000 | N5: 70.416 | O5: <LOD | P5: 6.63 | Q5: 0.096 | R5: 0.136 | S5: 0.031 | T5: <0.000 | U5: 0.009 | V5: 0.007 | W5: <LOD | X5: <LOD | Y5: 0.005 | Z5: 0.009 | AA5: 0.026 | AB5: 0.009 | AC5: 0 | AD5: <LOD | AE5: <LOD | AF5: 0.001 | AG5: 0.001 | AH5: 1.754 | AJ5: <0.000 | AK5: <0.000 | AL5: 0 | AM5: 0 | AN5: 0 | AO5: 0 | AP5: 0 | AQ5: 0 | AR5: 0 | AS5: 0 | AT5: 0 | AU5: 0 | AV5: 0 | AW5: 0
A6: J003_1_100x | B6: <LOD | C6: 0.031 | D6: 0.04 | E6: <LOD | F6: <LOD | G6: <LOD | H6: <LOD | I6: <LOD | J6: 0.035 | K6: 0.256 | L6: <0.000 | M6: <0.000 | N6: 64.535 | O6: <LOD | P6: 3.083 | Q6: 0.241 | R6: 0.004 | S6: 0.027 | T6: <0.000 | U6: 0.006 | V6: 0.006 | W6: <LOD | X6: <LOD | Y6: 0.005 | Z6: 0.006 | AA6: 0.019 | AB6: <LOD | AC6: 0 | AD6: 0.003 | AE6: 0.023 | AF6: 0.001 | AG6: 0.001 | AH6: 0.029 | AJ6: <0.000 | AK6: <0.000 | AL6: 0 | AM6: 0.001 | AN6: 0 | AO6: 0 | AP6: 0 | AQ6: 0 | AR6: 0 | AS6: 0 | AT6: 0 | AU6: 0 | AV6: 0 | AW6: 0
A7: J007_1_100x | B7: 0.283 | C7: 0.084 | D7: 0.11 | E7: <LOD | F7: <LOD | G7: 0.001 | H7: 0.002 | I7: <LOD | J7: 0.108 | K7: 0.533 | L7: 0 | M7: 0 | N7: 63.488 | O7: <LOD | P7: 4.883 | Q7: 0.809 | R7: 0.009 | S7: 0.034 | T7: 0 | U7: 0.012 | V7: 0.007 | W7: <LOD | X7: <LOD | Y7: 0.017 | Z7: 0.005 | AA7: 0.046 | AB7: 0.019 | AC7: 0 | AD7: 0.003 | AE7: 0.041 | AF7: 0.001 | AG7: 0.002 | AH7: <LOD | AJ7: <0.000 | AK7: <0.000 | AL7: 0 | AM7: 0.001 | AN7: 0 | AO7: 0 | AP7: 0 | AQ7: 0 | AR7: 0 | AS7: 0 | AT7: 0 | AU7: 0 | AV7: 0 | AW7: 0
A8: J010_1_100x | B8: <LOD | C8: 0.019 | D8: 0.04 | E8: <LOD | F8: <LOD | G8: <LOD | H8: <LOD | I8: <LOD | J8: 0.001 | K8: 0.337 | L8: <0.000 | M8: <0.000 | N8: 15.45 | O8: <LOD | P8: 1.32 | Q8: 0.475 | R8: 0.003 | S8: 0.008 | T8: <0.000 | U8: 0.002 | V8: 0.003 | W8: <LOD | X8: <LOD | Y8: 0.006 | Z8: 0.001 | AA8: 0.016 | AB8: <LOD | AC8: 0 | AD8: 0.001 | AE8: 0.058 | AF8: 0 | AG8: 0.006 | AH8: <LOD | AJ8: <0.000 | AK8: 0.003 | AL8: 0.001 | AM8: 0.004 | AN8: 0.001 | AO8: 0 | AP8: 0.001 | AQ8: 0 | AR8: 0.001 | AS8: 0 | AT8: 0 | AU8: 0 | AV8: 0 | AW8: 0
A9: J016a_1_100x | B9: 0.402 | C9: 0.016 | D9: 0.139 | E9: <LOD | F9: <LOD | G9: <LOD | H9: <LOD | I9: <LOD | J9: 0.115 | K9: 0.391 | L9: 0 | M9: <0.000 | N9: 67.701 | O9: <LOD | P9: 8.213 | Q9: 0.139 | R9: 0.013 | S9: 0.029 | T9: <0.000 | U9: 0.006 | V9: 0.006 | W9: <LOD | X9: <LOD | Y9: 0.007 | Z9: 0.01 | AA9: 0.083 | AB9: 0.01 | AC9: 0 | AD9: 0.001 | AE9: 0.001 | AF9: 0.001 | AG9: 0.002 | AH9: <LOD | AJ9: <0.000 | AK9: <0.000 | AL9: 0 | AM9: 0.001 | AN9: 0.001 | AO9: 0 | AP9: 0 | AQ9: 0 | AR9: 0 | AS9: 0 | AT9: 0 | AU9: 0 | AV9: 0 | AW9: 0
A10: J016b_1_100x | B10: 0.657 | C10: 0.025 | D10: 0.242 | E10: <LOD | F10: <LOD | G10: <LOD | H10: <LOD | I10: <LOD | J10: 0.143 | K10: 0.559 | L10: 0 | M10: 0.002 | N10: 67.638 | O10: <LOD | P10: 9.679 | Q10: 0.153 | R10: 0.017 | S10: 0.043 | T10: <0.000 | U10: 0.01 | V10: 0.005 | W10: <LOD | X10: <LOD | Y10: 0.01 | Z10: 0.009 | AA10: 0.105 | AB10: 0.027 | AC10: 0 | AD10: 0.001 | AE10: 0.001 | AF10: 0.001 | AG10: 0.003 | AH10: 0.827 | AJ10: <0.000 | AK10: <0.000 | AL10: 0 | AM10: 0.002 | AN10: 0.001 | AO10: 0 | AP10: 0 | AQ10: 0 | AR10: 0 | AS10: 0 | AT10: 0 | AU10: 0 | AV10: 0 | AW10: 0
A11: J016c_1_100x | B11: 0.289 | C11: 0.017 | D11: 0.206 | E11: <LOD | F11: <LOD | G11: <LOD | H11: <LOD | I11: <LOD | J11: 0.126 | K11: 1.331 | L11: 0 | M11: <0.000 | N11: 66.56 | O11: <LOD | P11: 8.493 | Q11: 0.126 | R11: 0.014 | S11: 0.029 | T11: <0.000 | U11: 0.006 | V11: 0.006 | W11: <LOD | X11: <LOD | Y11: 0.008 | Z11: 0.004 | AA11: 0.091 | AB11: 0.003 | AC11: 0 | AD11: 0.001 | AE11: <LOD | AF11: 0.001 | AG11: 0.002 | AH11: <LOD | AJ11: <0.000 | AK11: <0.000 | AL11: 0 | AM11: 0.001 | AN11: 0.001 | AO11: 0 | AP11: 0 | AQ11: 0 | AR11: 0.001 | AS11: 0 | AT11: 0 | AU11: 0 | AV11: 0 | AW11: 0
A12: J018_1_100x | B12: 0.253 | C12: 0.004 | D12: 0.017 | E12: <LOD | F12: <LOD | G12: <LOD | H12: <LOD | I12: <LOD | J12: 0.033 | K12: 0.24 | L12: <0.000 | M12: 0.001 | N12: 62.584 | O12: <LOD | P12: 0.691 | Q12: 0.019 | R12: <LOD | S12: 0.019 | T12: <0.000 | U12: 0.008 | V12: 0.004 | W12: <LOD | X12: <LOD | Y12: <LOD | Z12: 0.005 | AA12: 0.011 | AB12: 0.002 | AC12: 0 | AD12: <LOD | AE12: <LOD | AF12: 0 | AG12: <LOD | AH12: <LOD | AJ12: <0.000 | AK12: <0.000 | AL12: 0 | AM12: 0 | AN12: 0 | AO12: 0 | AP12: 0 | AQ12: 0 | AR12: 0 | AS12: 0 | AT12: 0 | AU12: 0 | AV12: 0 | AW12: 0
A13: J019_1_100x | B13: <LOD | C13: 0.001 | D13: 0.023 | E13: <LOD | F13: <LOD | G13: <LOD | H13: <LOD | I13: <LOD | J13: 0.006 | K13: 0.287 | L13: <0.000 | M13: 0.001 | N13: 63.644 | O13: <LOD | P13: 0.607 | Q13: 0.143 | R13: <LOD | S13: 0.019 | T13: <0.000 | U13: 0.006 | V13: 0.004 | W13: <LOD | X13: <LOD | Y13: 0.001 | Z13: 0.003 | AA13: 0.009 | AB13: <LOD | AC13: 0 | AD13: <LOD | AE13: <LOD | AF13: 0 | AG13: <LOD | AH13: <LOD | AJ13: <0.000 | AK13: <0.000 | AL13: 0 | AM13: 0 | AN13: 0 | AO13: 0 | AP13: 0 | AQ13: 0 | AR13: 0 | AS13: 0 | AT13: 0 | AU13: 0 | AV13: 0 | AW13: 0
A14: J024_1_100x | B14: 0.166 | C14: 0.077 | D14: 0.069 | E14: <LOD | F14: <LOD | G14: <LOD | H14: 0.002 | I14: <LOD | J14: 0.085 | K14: 0.372 | L14: 0 | M14: 0 | N14: 66.918 | O14: <LOD | P14: 3.794 | Q14: 1.486 | R14: 0.009 | S14: 0.036 | T14: <0.000 | U14: 0.006 | V14: 0.009 | W14: 0.001 | X14: <LOD | Y14: 0.019 | Z14: 0.005 | AA14: 0.03 | AB14: <LOD | AC14: 0 | AD14: 0.001 | AE14: 0.164 | AF14: 0.001 | AG14: 0.001 | AH14: 0.015 | AJ14: <0.000 | AK14: <0.000 | AL14: 0 | AM14: 0.001 | AN14: 0 | AO14: 0 | AP14: 0 | AQ14: 0 | AR14: 0 | AS14: 0 | AT14: 0 | AU14: 0 | AV14: 0 | AW14: 0
A15: J028_1_100x | B15: 0.721 | C15: 0.021 | D15: 0.117 | E15: <LOD | F15: <LOD | G15: <LOD | H15: <LOD | I15: 0.068 | J15: 0.026 | K15: 0.399 | L15: 0 | M15: <0.000 | N15: 62.474 | O15: <LOD | P15: 4.156 | Q15: 0.928 | R15: 0.007 | S15: 0.024 | T15: <0.000 | U15: 0.006 | V15: 0.005 | W15: <LOD | X15: <LOD | Y15: 0.007 | Z15: 0.005 | AA15: 0.055 | AB15: <LOD | AC15: 0 | AD15: 0.001 | AE15: 0.031 | AF15: 0.006 | AG15: 0.001 | AH15: <LOD | AJ15: <0.000 | AK15: <0.000 | AL15: 0 | AM15: 0.001 | AN15: 0 | AO15: 0 | AP15: 0 | AQ15: 0 | AR15: 0 | AS15: 0 | AT15: 0 | AU15: 0 | AV15: 0 | AW15: 0
A16: J033_1_100x | B16: 0.055 | C16: 0.077 | D16: 0.1 | E16: <LOD | F16: <LOD | G16: 0.001 | H16: 0.003 | I16: 0.043 | J16: 0.085 | K16: 0.471 | L16: 0 | M16: 0 | N16: 65.53 | O16: <LOD | P16: 3.418 | Q16: 1.723 | R16: 0.014 | S16: 0.039 | T16: <0.000 | U16: 0.007 | V16: 0.009 | W16: 0.001 | X16: <LOD | Y16: 0.023 | Z16: 0.004 | AA16: 0.033 | AB16: 0.01 | AC16: 0 | AD16: 0.002 | AE16: 0.236 | AF16: 0.001 | AG16: 0.001 | AH16: 0.007 | AJ16: <0.000 | AK16: <0.000 | AL16: 0 | AM16: 0.001 | AN16: 0 | AO16: 0 | AP16: 0 | AQ16: 0 | AR16: 0 | AS16: 0 | AT16: 0 | AU16: 0 | AV16: 0 | AW16: 0
A17: J039_1_100x | B17: 0.843 | C17: 0.011 | D17: 0.182 | E17: <LOD | F17: <LOD | G17: <LOD | H17: 0.001 | I17: <LOD | J17: 0.302 | K17: 0.456 | L17: 0 | M17: <0.000 | N17: 64.51 | O17: <LOD | P17: 4.296 | Q17: 1.104 | R17: 0.005 | S17: 0.039 | T17: <0.000 | U17: 0.008 | V17: 0.006 | W17: <LOD | X17: <LOD | Y17: 0.015 | Z17: 0.007 | AA17: 0.049 | AB17: <LOD | AC17: 0 | AD17: 0.001 | AE17: 0.063 | AF17: 0.002 | AG17: 0.002 | AH17: 0.22 | AJ17: <0.000 | AK17: <0.000 | AL17: 0 | AM17: 0.001 | AN17: 0 | AO17: 0 | AP17: 0 | AQ17: 0 | AR17: 0 | AS17: 0 | AT17: 0 | AU17: 0 | AV17: 0 | AW17: 0
A18: J041_1_100x | B18: 0.334 | C18: 0.012 | D18: 0.219 | E18: <LOD | F18: <LOD | G18: <LOD | H18: 0.002 | I18: <LOD | J18: 0.274 | K18: 0.592 | L18: <0.000 | M18: <0.000 | N18: 66.169 | O18: <LOD | P18: 8.253 | Q18: 1.999 | R18: 0.021 | S18: 0.042 | T18: <0.000 | U18: 0.006 | V18: 0.009 | W18: <LOD | X18: <LOD | Y18: 0.016 | Z18: 0.002 | AA18: 0.096 | AB18: <LOD | AC18: 0 | AD18: 0.002 | AE18: 0.003 | AF18: 0.002 | AG18: 0.003 | AH18: <LOD | AJ18: <0.000 | AK18: <0.000 | AL18: 0 | AM18: 0.002 | AN18: 0 | AO18: 0 | AP18: 0.001 | AQ18: 0 | AR18: 0 | AS18: 0 | AT18: 0 | AU18: 0 | AV18: 0 | AW18: 0
A19: J043_1_100x | B19: 1.634 | C19: 0.008 | D19: 0.058 | E19: <LOD | F19: <LOD | G19: <LOD | H19: <LOD | I19: 0.008 | J19: 0.066 | K19: 0.361 | L19: 0 | M19: <0.000 | N19: 65.192 | O19: <LOD | P19: 2.366 | Q19: 0.079 | R19: 0.002 | S19: 0.038 | T19: <0.000 | U19: 0.017 | V19: 0.004 | W19: <LOD | X19: <LOD | Y19: 0.002 | Z19: 0.008 | AA19: 0.029 | AB19: 0.1 | AC19: 0 | AD19: 0.003 | AE19: 0.005 | AF19: 0.001 | AG19: 0.002 | AH19: 0.868 | AJ19: <0.000 | AK19: <0.000 | AL19: 0.001 | AM19: 0.002 | AN19: 0 | AO19: 0 | AP19: 0 | AQ19: 0 | AR19: 0 | AS19: 0 | AT19: 0 | AU19: 0 | AV19: 0 | AW19: 0
A21: Blank_2_100x | B21: 1.539 | C21: 0.004 | D21: 0.057 | E21: <LOD | F21: <LOD | G21: <LOD | H21: <LOD | I21: 0.005 | J21: 0.253 | K21: 1.161 | L21: 0 | M21: <0.000 | N21: 32.203 | O21: <LOD | P21: 1.111 | Q21: 0.026 | R21: 0.001 | S21: 0.135 | T21: <0.000 | U21: 0.166 | V21: 0.004 | W21: <LOD | X21: 0.006 | Y21: <LOD | Z21: 0.011 | AA21: 0.011 | AB21: 0.134 | AC21: 0 | AD21: <LOD | AE21: <LOD | AF21: 0 | AG21: <LOD | AH21: 1.918 | AJ21: <0.000 | AK21: <0.000 | AL21: 0 | AM21: 0 | AN21: 0 | AO21: 0 | AP21: 0 | AQ21: 0 | AR21: 0 | AS21: 0 | AT21: 0 | AU21: 0 | AV21: 0 | AW21: 0
A22: J001_2_100x | B22: 17.837 | C22: 0.376 | D22: 37.817 | E22: 0.016 | F22: 430.831 | G22: 0.016 | H22: 0.297 | I22: 0.042 | J22: 0.605 | K22: 69.38 | L22: 0.003 | M22: 0.007 | N22: 49.783 | O22: <LOD | P22: 107.653 | Q22: 63.83 | R22: 0.005 | S22: 0.54 | T22: <0.000 | U22: 0.411 | V22: 0.071 | W22: <LOD | X22: 0.006 | Y22: 0.019 | Z22: 0.017 | AA22: 1.923 | AB22: 0.22 | AC22: 0.003 | AD22: 1.033 | AE22: 0.063 | AF22: 0.001 | AG22: 0.158 | AH22: 3.214 | AJ22: 0.033 | AK22: 0.097 | AL22: 0.024 | AM22: 0.128 | AN22: 0.033 | AO22: 0.02 | AP22: 0.031 | AQ22: 0.006 | AR22: 0.026 | AS22: 0.005 | AT22: 0.013 | AU22: 0.001 | AV22: 0.008 | AW22: 0.001
A23: J002_2_100x | B23: 15.531 | C23: 0.036 | D23: 29.192 | E23: 0.006 | F23: 606.024 | G23: 0.023 | H23: 0.046 | I23: 0.065 | J23: 1689.476 | K23: 74.437 | L23: 0.002 | M23: 0.004 | N23: 32.677 | O23: 0.006 | P23: 139.046 | Q23: 50.248 | R23: 0.014 | S23: 0.252 | T23: 0 | U23: 0.307 | V23: 0.029 | W23: 0.002 | X23: 0.048 | Y23: 0.017 | Z23: 0.018 | AA23: 0.808 | AB23: 0.009 | AC23: 0.008 | AD23: 0.14 | AE23: <LOD | AF23: 0.001 | AG23: 0.511 | AH23: 1.916 | AJ23: 0.049 | AK23: 0.068 | AL23: 0.024 | AM23: 0.115 | AN23: 0.046 | AO23: 0.027 | AP23: 0.056 | AQ23: 0.013 | AR23: 0.083 | AS23: 0.016 | AT23: 0.04 | AU23: 0.005 | AV23: 0.029 | AW23: 0.004
A24: J003_2_100x | B24: 9.777 | C24: 0.061 | D24: 27.768 | E24: 0.01 | F24: 388.946 | G24: 0.008 | H24: 0.089 | I24: 0.016 | J24: 0.632 | K24: 1.196 | L24: 0.001 | M24: <0.000 | N24: 35.318 | O24: <LOD | P24: 88.273 | Q24: 22.236 | R24: <LOD | S24: 0.309 | T24: <0.000 | U24: 0.143 | V24: 0.087 | W24: <LOD | X24: 0.008 | Y24: 0.003 | Z24: 0.008 | AA24: 1.145 | AB24: 0.002 | AC24: 0.002 | AD24: 0.596 | AE24: 0.007 | AF24: 0.001 | AG24: 0.075 | AH24: 0.429 | AJ24: <0.000 | AK24: 0.036 | AL24: 0.008 | AM24: 0.04 | AN24: 0.014 | AO24: 0.011 | AP24: 0.013 | AQ24: 0.002 | AR24: 0.012 | AS24: 0.002 | AT24: 0.005 | AU24: 0.001 | AV24: 0.003 | AW24: 0.001
A25: J007_2_100x | B25: 8.108 | C25: 0.164 | D25: 37.302 | E25: 0.009 | F25: 489.238 | G25: 0.031 | H25: 0.212 | I25: 0.042 | J25: 1.351 | K25: 2.701 | L25: 0.001 | M25: <0.000 | N25: 41.703 | O25: 0.001 | P25: 112.623 | Q25: 59.326 | R25: <LOD | S25: 0.538 | T25: <0.000 | U25: 0.447 | V25: 0.107 | W25: <LOD | X25: 0.007 | Y25: 0.012 | Z25: 0.009 | AA25: 2.185 | AB25: 0.02 | AC25: 0.002 | AD25: 0.615 | AE25: 0.013 | AF25: 0.001 | AG25: 0.067 | AH25: 1.552 | AJ25: <0.000 | AK25: 0.042 | AL25: 0.01 | AM25: 0.052 | AN25: 0.014 | AO25: 0.014 | AP25: 0.014 | AQ25: 0.002 | AR25: 0.012 | AS25: 0.002 | AT25: 0.005 | AU25: 0.001 | AV25: 0.003 | AW25: 0
A26: J0010_2_100x | B26: 7.935 | C26: 0.061 | D26: 12.688 | E26: 0.004 | F26: 300.463 | G26: 0.013 | H26: 0.125 | I26: 0.021 | J26: 0.456 | K26: 4.028 | L26: 0.001 | M26: <0.000 | N26: 38.438 | O26: <LOD | P26: 50.149 | Q26: 36.804 | R26: 0.001 | S26: 0.251 | T26: <0.000 | U26: 0.325 | V26: 0.044 | W26: <LOD | X26: 0.004 | Y26: 0.008 | Z26: 0.009 | AA26: 0.964 | AB26: 0.072 | AC26: 0.002 | AD26: 0.211 | AE26: 0.034 | AF26: 0 | AG26: 0.03 | AH26: 0.659 | AJ26: <0.000 | AK26: 0.02 | AL26: 0.004 | AM26: 0.023 | AN26: 0.006 | AO26: 0.005 | AP26: 0.006 | AQ26: 0.001 | AR26: 0.006 | AS26: 0.001 | AT26: 0.002 | AU26: 0 | AV26: 0.002 | AW26: 0
A27: J0016a_2_100x | B27: 23.075 | C27: 0.056 | D27: 103.167 | E27: 0.015 | F27: 2213.549 | G27: 0.046 | H27: 0.03 | I27: 0.039 | J27: 1.326 | K27: 3.298 | L27: 0.006 | M27: 0.006 | N27: 43.021 | O27: 0.023 | P27: 303.574 | Q27: 239.259 | R27: 0.001 | S27: 0.639 | T27: <0.000 | U27: 0.023 | V27: 0.014 | W27: <LOD | X27: 0.021 | Y27: 0.019 | Z27: 0.015 | AA27: 8.036 | AB27: 0.012 | AC27: 0.005 | AD27: 0.64 | AE27: 0.004 | AF27: 0.001 | AG27: 0.392 | AH27: 4.68 | AJ27: 0.211 | AK27: 0.218 | AL27: 0.053 | AM27: 0.247 | AN27: 0.066 | AO27: 0.047 | AP27: 0.064 | AQ27: 0.011 | AR27: 0.055 | AS27: 0.01 | AT27: 0.022 | AU27: 0.002 | AV27: 0.015 | AW27: 0.002
A28: J0016b_2_100x | B28: 16.113 | C28: 0.071 | D28: 96.446 | E28: 0.011 | F28: 2167.765 | G28: 0.041 | H28: 0.036 | I28: 0.021 | J28: 1.422 | K28: 2.3 | L28: 0.005 | M28: 0.004 | N28: 42.802 | O28: 0.018 | P28: 288.968 | Q28: 162.717 | R28: <LOD | S28: 0.456 | T28: <0.000 | U28: 0.023 | V28: 0.017 | W28: <LOD | X28: 0.019 | Y28: 0.014 | Z28: 0.01 | AA28: 8.087 | AB28: <LOD | AC28: 0.004 | AD28: 0.513 | AE28: 0.003 | AF28: 0.001 | AG28: 0.347 | AH28: 3.161 | AJ28: 0.186 | AK28: 0.193 | AL28: 0.047 | AM28: 0.221 | AN28: 0.063 | AO28: 0.042 | AP28: 0.059 | AQ28: 0.009 | AR28: 0.049 | AS28: 0.009 | AT28: 0.021 | AU28: 0.003 | AV28: 0.015 | AW28: 0.002
A29: J016c_2_100x | B29: 13.242 | C29: 0.069 | D29: 99.969 | E29: 0.009 | F29: 2192.937 | G29: 0.039 | H29: 0.029 | I29: 0.028 | J29: 1.333 | K29: 1.973 | L29: 0.002 | M29: <0.000 | N29: 28.903 | O29: 0.009 | P29: 254.515 | Q29: 151.997 | R29: <LOD | S29: 0.455 | T29: <0.000 | U29: 0.027 | V29: 0.018 | W29: <LOD | X29: 0.014 | Y29: 0.015 | Z29: 0.011 | AA29: 7.964 | AB29: <LOD | AC29: 0.005 | AD29: 0.006 | AE29: 0.003 | AF29: 0.002 | AG29: 0.358 | AH29: 3.306 | AJ29: 0.193 | AK29: 0.202 | AL29: 0.05 | AM29: 0.234 | AN29: 0.065 | AO29: 0.039 | AP29: 0.061 | AQ29: 0.01 | AR29: 0.051 | AS29: 7.2 | AT29: 0.021 | AU29: 0.002 | AV29: 0.013 | AW29: 0.002
A30: J018_2_100x | B30: 18.138 | C30: 0.021 | D30: 4.236 | E30: 0.004 | F30: 443.06 | G30: 0.008 | H30: 0.024 | I30: 0.047 | J30: 2.98 | K30: 23.294 | L30: 0.002 | M30: <0.000 | N30: 20.392 | O30: <LOD | P30: 31.063 | Q30: 8.13 | R30: 0.003 | S30: 0.117 | T30: 0 | U30: 0.168 | V30: 0.021 | W30: <LOD | X30: 0.02 | Y30: 0.002 | Z30: 0.014 | AA30: 0.463 | AB30: 0.281 | AC30: 0.005 | AD30: 0.006 | AE30: 0.019 | AF30: 0.001 | AG30: 0.074 | AH30: 0.981 | AJ30: 0.017 | AK30: 0.06 | AL30: 0.012 | AM30: 0.05 | AN30: 0.013 | AO30: 0.005 | AP30: 0.011 | AQ30: 0.002 | AR30: 0.012 | AS30: 11.5 | AT30: 0.007 | AU30: 0.001 | AV30: 0.004 | AW30: 0.001
A31: J019_2_100x | B31: 4.947 | C31: 0.007 | D31: 4.305 | E31: 0.002 | F31: 52.163 | G31: 0.002 | H31: 0.009 | I31: 0.019 | J31: 0.395 | K31: 3.437 | L31: 0.002 | M31: <0.000 | N31: 19.381 | O31: <LOD | P31: 6.335 | Q31: 6.463 | R31: <LOD | S31: 0.03 | T31: 0 | U31: 0.179 | V31: 0.016 | W31: <LOD | X31: <LOD | Y31: 0.001 | Z31: 0.016 | AA31: 0.131 | AB31: 0.016 | AC31: 0.008 | AD31: 0.008 | AE31: 0.002 | AF31: 0 | AG31: 0.035 | AH31: 0.393 | AJ31: <0.000 | AK31: 0.109 | AL31: 0.007 | AM31: 0.027 | AN31: 0.006 | AO31: 0.002 | AP31: 0.006 | AQ31: 0.001 | AR31: 0.006 | AS31: 10.1 | AT31: 0.003 | AU31: 0 | AV31: 0.002 | AW31: 0
A32: J024_2_100x | B32: 13.687 | C32: 0.285 | D32: 17.599 | E32: 0.005 | F32: 436.191 | G32: 0.102 | H32: 0.27 | I32: 0.068 | J32: 1.678 | K32: 3.157 | L32: 0.002 | M32: <0.000 | N32: 32.84 | O32: <LOD | P32: 47.973 | Q32: 97.414 | R32: <LOD | S32: 0.876 | T32: <0.000 | U32: 0.561 | V32: 0.059 | W32: 0.006 | X32: 0.011 | Y32: 0.018 | Z32: 0.012 | AA32: 0.821 | AB32: 0.048 | AC32: 0.007 | AD32: 0.007 | AE32: 0.053 | AF32: 0.001 | AG32: 0.11 | AH32: 2.035 | AJ32: 0.028 | AK32: 0.124 | AL32: 0.016 | AM32: 0.079 | AN32: 0.021 | AO32: 0.009 | AP32: 0.02 | AQ32: 0.004 | AR32: 0.021 | AS32: 9 | AT32: 0.01 | AU32: 0.001 | AV32: 0.007 | AW32: 0.001
A33: J028_2_100x | B33: 11.468 | C33: 0.075 | D33: 26.366 | E33: 0.003 | F33: 359.588 | G33: 0.014 | H33: 0.094 | I33: 0.045 | J33: 0.607 | K33: 1.944 | L33: 0.002 | M33: <0.000 | N33: 23.037 | O33: <LOD | P33: 54.534 | Q33: 62.026 | R33: <LOD | S33: 0.225 | T33: 0 | U33: 0.299 | V33: 0.025 | W33: <LOD | X33: 0.002 | Y33: 0.008 | Z33: 0.01 | AA33: 1.639 | AB33: 0.015 | AC33: 0.009 | AD33: 0.008 | AE33: 0.01 | AF33: 0.001 | AG33: 0.09 | AH33: 1.14 | AJ33: 0.016 | AK33: 0.128 | AL33: 0.012 | AM33: 0.056 | AN33: 0.015 | AO33: 0.009 | AP33: 0.015 | AQ33: 0.003 | AR33: 0.017 | AS33: 16.7 | AT33: 0.008 | AU33: 0.001 | AV33: 0.006 | AW33: 0.001
A34: J033_2_100x | B34: 11.747 | C34: 0.207 | D34: 17.285 | E34: 0.003 | F34: 468.932 | G34: 0.115 | H34: 0.269 | I34: 0.069 | J34: 2.719 | K34: 3.84 | L34: 0.002 | M34: <0.000 | N34: 31.925 | O34: <LOD | P34: 41.865 | Q34: 104.569 | R34: 0.001 | S34: 0.959 | T34: <0.000 | U34: 0.489 | V34: 0.052 | W34: 0.006 | X34: 0.007 | Y34: 0.022 | Z34: 0.009 | AA34: 0.938 | AB34: 0.038 | AC34: 0.006 | AD34: 0.006 | AE34: 0.061 | AF34: 0.001 | AG34: 0.085 | AH34: 2.022 | AJ34: 0.017 | AK34: 0.094 | AL34: 0.012 | AM34: 0.06 | AN34: 0.02 | AO34: 0.008 | AP34: 0.017 | AQ34: 0.003 | AR34: 0.016 | AS34: 4.3 | AT34: 0.008 | AU34: 0.001 | AV34: 0.005 | AW34: 0.001
A35: J039_2_100x | B35: 17.379 | C35: 0.059 | D35: 27.974 | E35: 0.004 | F35: 843.267 | G35: 0.056 | H35: 0.361 | I35: 0.057 | J35: 21.57 | K35: 3.823 | L35: 0.003 | M35: <0.000 | N35: 23.755 | O35: <LOD | P35: 61.998 | Q35: 106.049 | R35: <LOD | S35: 0.719 | T35: 0 | U35: 0.176 | V35: 0.043 | W35: <LOD | X35: 0.014 | Y35: 0.018 | Z35: 0.006 | AA35: 1.9 | AB35: 0.076 | AC35: 0.012 | AD35: 0.013 | AE35: 0.035 | AF35: 0.002 | AG35: 0.147 | AH35: 2.467 | AJ35: 0.055 | AK35: 0.206 | AL35: 0.021 | AM35: 0.094 | AN35: 0.023 | AO35: 0.013 | AP35: 0.021 | AQ35: 0.004 | AR35: 0.023 | AS35: 7.7 | AT35: 0.013 | AU35: 0.002 | AV35: 0.011 | AW35: 0.002
A36: J041_2_100x | B36: 25.073 | C36: 0.055 | D36: 61.554 | E36: 0.008 | F36: 1931.105 | G36: 0.078 | H36: 0.336 | I36: 0.067 | J36: 4.843 | K36: 12.244 | L36: 0.004 | M36: <0.000 | N36: 28.742 | O36: 0.001 | P36: 154.443 | Q36: 246.964 | R36: 0.002 | S36: 1.317 | T36: 0 | U36: 0.039 | V36: 0.044 | W36: <LOD | X36: 0.013 | Y36: 0.022 | Z36: 0.011 | AA36: 5.684 | AB36: 0.071 | AC36: 0.01 | AD36: 0.01 | AE36: 0.01 | AF36: 0.002 | AG36: 0.18 | AH36: 6.272 | AJ36: 0.077 | AK36: 0.112 | AL36: 0.025 | AM36: 0.11 | AN36: 0.029 | AO36: 0.019 | AP36: 0.026 | AQ36: 0.005 | AR36: 0.028 | AS36: 1.8 | AT36: 0.014 | AU36: 0.002 | AV36: 0.011 | AW36: 0.002
A37: J043_2_100x | B37: 16.815 | C37: 0.027 | D37: 20.404 | E37: 0.008 | F37: 1182.27 | G37: 0.005 | H37: 0.035 | I37: 0.049 | J37: 1.542 | K37: 0.739 | L37: 0.005 | M37: <0.000 | N37: 21.285 | O37: <LOD | P37: 71.972 | Q37: 12.468 | R37: 0.001 | S37: 0.117 | T37: <0.000 | U37: 0.076 | V37: 0.021 | W37: <LOD | X37: 0.007 | Y37: 0.006 | Z37: 0.01 | AA37: 2.873 | AB37: <LOD | AC37: 0.008 | AD37: 0.008 | AE37: 0.003 | AF37: 0.001 | AG37: 0.111 | AH37: 0.468 | AJ37: 0.135 | AK37: 0.024 | AL37: 0.034 | AM37: 0.135 | AN37: 0.028 | AO37: 0.01 | AP37: 0.021 | AQ37: 0.003 | AR37: 0.017 | AS37: 10.9 | AT37: 0.008 | AU37: 0.001 | AV37: 0.006 | AW37: 0.001
A39: Blank_3_100x | B39: 0.217 | C39: 0.003 | D39: 0.029 | E39: <LOD | F39: <LOD | G39: 0.001 | H39: <LOD | I39: <LOD | J39: 0.345 | K39: 0.244 | L39: 0 | M39: <0.000 | N39: 24.922 | O39: <LOD | P39: 5.164 | Q39: 0.034 | R39: <LOD | S39: 0.012 | T39: 0 | U39: 0.01 | V39: 0.004 | W39: <LOD | X39: <LOD | Y39: 0.002 | Z39: 0.011 | AA39: 0.041 | AB39: <LOD | AC39: 0.002 | AD39: 0.002 | AE39: <LOD | AF39: 0 | AG39: <LOD | AH39: 0.396 | AJ39: <0.000 | AK39: <0.000 | AL39: 0 | AM39: 0 | AN39: <0.000 | AO39: 0 | AP39: 0 | AQ39: 0 | AR39: 0 | AS39: 21.6 | AT39: 0 | AU39: 0 | AV39: 0 | AW39: 0
A40: J001_3_100x | B40: 318.701 | C40: 4.962 | D40: 11.583 | E40: 0.037 | F40: 41.131 | G40: 0.007 | H40: 0.339 | I40: 0.557 | J40: 2.548 | K40: 1006.763 | L40: 0.063 | M40: 0.014 | N40: 21.574 | O40: <LOD | P40: 10.245 | Q40: 25.444 | R40: 0.108 | S40: 0.544 | T40: 0.016 | U40: 0.774 | V40: 0.015 | W40: 0.012 | X40: 0.204 | Y40: 0.054 | Z40: 0.019 | AA40: 0.385 | AB40: 6.71 | AC40: 0.252 | AD40: 0.257 | AE40: 1.171 | AF40: 0.018 | AG40: 1.384 | AH40: 1.816 | AJ40: 0.305 | AK40: 0.681 | AL40: 0.148 | AM40: 0.686 | AN40: 0.198 | AO40: 0.054 | AP40: 0.164 | AQ40: 0.038 | AR40: 0.225 | AS40: 1.4 | AT40: 0.136 | AU40: 0.017 | AV40: 0.112 | AW40: 0.017
A41: J002_3_100x | B41: 140.159 | C41: 6.157 | D41: 33.958 | E41: 0.024 | F41: 456.659 | G41: 0.021 | H41: 2.11 | I41: 0.412 | J41: 572.384 | K41: 3866.575 | L41: 0.072 | M41: 0.106 | N41: 17.936 | O41: 0.034 | P41: 981.73 | Q41: 1347.308 | R41: 6.635 | S41: 1.132 | T41: 0.01 | U41: 1.056 | V41: 0.02 | W41: 0.178 | X41: 0.452 | Y41: 0.306 | Z41: 0.066 | AA41: 0.387 | AB41: 4.442 | AC41: 0.129 | AD41: 0.132 | AE41: 1.036 | AF41: 0.015 | AG41: 1.235 | AH41: 3.604 | AJ41: 0.107 | AK41: 0.306 | AL41: 0.039 | AM41: 0.169 | AN41: 0.062 | AO41: 0.032 | AP41: 0.078 | AQ41: 0.025 | AR41: 0.186 | AS41: 2.8 | AT41: 0.114 | AU41: 0.017 | AV41: 0.111 | AW41: 0.016
A42: J003_3_100x | B42: 201.439 | C42: 1.471 | D42: 6.391 | E42: 0.03 | F42: 63.851 | G42: 0.003 | H42: 0.124 | I42: 0.337 | J42: 6.92 | K42: 285.512 | L42: 0.038 | M42: 0.002 | N42: 19.913 | O42: 0.003 | P42: 12.878 | Q42: 19.522 | R42: 0.088 | S42: 0.449 | T42: 0.008 | U42: 0.267 | V42: 0.012 | W42: 0.008 | X42: 0.107 | Y42: 0.016 | Z42: 0.013 | AA42: 0.214 | AB42: 3.362 | AC42: 0.167 | AD42: 0.171 | AE42: 0.306 | AF42: 0.015 | AG42: 1.197 | AH42: 1.139 | AJ42: 0.22 | AK42: 0.468 | AL42: 0.093 | AM42: 0.444 | AN42: 0.138 | AO42: 0.039 | AP42: 0.125 | AQ42: 0.032 | AR42: 0.191 | AS42: 2.6 | AT42: 0.112 | AU42: 0.015 | AV42: 0.092 | AW42: 0.014
A43: J007_3_100x | B43: 337.22 | C43: 3.174 | D43: 12.269 | E43: 0.036 | F43: 88.313 | G43: 0.014 | H43: 0.488 | I43: 0.548 | J43: 8.894 | K43: 600.289 | L43: 0.049 | M43: 0.018 | N43: 21.466 | O43: 0.001 | P43: 13.116 | Q43: 53.815 | R43: 0.074 | S43: 0.954 | T43: 0.015 | U43: 1.667 | V43: 0.018 | W43: 0.013 | X43: 0.197 | Y43: 0.029 | Z43: 0.036 | AA43: 0.476 | AB43: 6.421 | AC43: 0.239 | AD43: 0.25 | AE43: 0.695 | AF43: 0.022 | AG43: 1.827 | AH43: 2.88 | AJ43: 0.39 | AK43: 0.857 | AL43: 0.166 | AM43: 0.814 | AN43: 0.235 | AO43: 0.069 | AP43: 0.21 | AQ43: 0.048 | AR43: 0.292 | AS43: 1.3 | AT43: 0.171 | AU43: 0.023 | AV43: 0.145 | AW43: 0.022
A44: J010_3_100x | B44: 133.814 | C44: 0.634 | D44: 2.523 | E44: 0.009 | F44: 33.392 | G44: 0.004 | H44: 0.141 | I44: 0.278 | J44: 1.375 | K44: 226.07 | L44: 0.05 | M44: 0.001 | N44: 18.412 | O44: <LOD | P44: 4.412 | Q44: 16.205 | R44: 0.028 | S44: 0.248 | T44: 0.009 | U44: 0.432 | V44: 0.006 | W44: 0.003 | X44: 0.057 | Y44: 0.015 | Z44: 0.027 | AA44: 0.158 | AB44: 4.017 | AC44: 0.084 | AD44: 0.085 | AE44: 0.503 | AF44: 0.005 | AG44: 0.423 | AH44: 0.63 | AJ44: 0.035 | AK44: 0.173 | AL44: 0.029 | AM44: 0.149 | AN44: 0.041 | AO44: 0.014 | AP44: 0.043 | AQ44: 0.011 | AR44: 0.074 | AS44: 2.4 | AT44: 0.043 | AU44: 0.006 | AV44: 0.036 | AW44: 0.005
A45: J016a_3_100x | B45: 1382.941 | C45: 7.176 | D45: 93.509 | E45: 0.092 | F45: 321.568 | G45: 0.03 | H45: 3 | I45: 1.125 | J45: 23.853 | K45: 3495.531 | L45: 0.172 | M45: 0.155 | N45: 19.382 | O45: 0.056 | P45: 145.278 | Q45: 2237.527 | R45: 0.568 | S45: 6.018 | T45: 0.026 | U45: 0.194 | V45: 0.01 | W45: 0.041 | X45: 0.609 | Y45: 0.113 | Z45: 0.019 | AA45: 1.623 | AB45: 10.232 | AC45: 0.321 | AD45: 0.327 | AE45: 2.014 | AF45: 0.021 | AG45: 2.345 | AH45: 19.517 | AJ45: 0.457 | AK45: 1.036 | AL45: 0.085 | AM45: 0.312 | AN45: 0.085 | AO45: 0.043 | AP45: 0.09 | AQ45: 0.03 | AR45: 0.228 | AS45: 3.1 | AT45: 0.153 | AU45: 0.023 | AV45: 0.148 | AW45: 0.022
A46: J016b_3_100x | B46: 1293.734 | C46: 6.551 | D46: 94.338 | E46: 0.09 | F46: 246.047 | G46: 0.031 | H46: 2.791 | I46: 1.041 | J46: 22.863 | K46: 3206.068 | L46: 0.121 | M46: 0.122 | N46: 19.611 | O46: 0.048 | P46: 121.103 | Q46: 2152.978 | R46: 0.523 | S46: 5.829 | T46: 0.023 | U46: 0.084 | V46: 0.006 | W46: 0.039 | X46: 0.589 | Y46: 0.107 | Z46: 0.022 | AA46: 1.704 | AB46: 9.401 | AC46: 0.247 | AD46: 0.253 | AE46: 1.874 | AF46: 0.011 | AG46: 1.163 | AH46: 19.161 | AJ46: 0.139 | AK46: 0.521 | AL46: 0.027 | AM46: 0.1 | AN46: 0.027 | AO46: 0.025 | AP46: 0.034 | AQ46: 0.011 | AR46: 0.092 | AS46: 1.1 | AT46: 0.071 | AU46: 0.011 | AV46: 0.077 | AW46: 0.011
A47: J016c_3_100x | B47: 1357.28 | C47: 6.652 | D47: 98.386 | E47: 0.099 | F47: 255.274 | G47: 0.03 | H47: 2.905 | I47: 1.078 | J47: 23.373 | K47: 3281.133 | L47: 0.103 | M47: 0.112 | N47: 0.296 | O47: 0.057 | P47: 138.408 | Q47: 2262.615 | R47: 0.529 | S47: 5.987 | T47: 0.024 | U47: 0.098 | V47: 0.006 | W47: 0.042 | X47: 0.62 | Y47: 0.114 | Z47: 0.022 | AA47: 1.752 | AB47: 9.318 | AC47: 0.271 | AD47: 0.284 | AE47: 1.935 | AF47: 0.012 | AG47: 1.369 | AH47: 19.781 | AJ47: 0.209 | AK47: 0.684 | AL47: 0.04 | AM47: 0.151 | AN47: 0.038 | AO47: 0.031 | AP47: 0.046 | AQ47: 0.014 | AR47: 0.122 | AS47: 3.3 | AT47: 0.09 | AU47: 0.014 | AV47: 0.089 | AW47: 0.013
A48: J018_3_100x | B48: 165.031 | C48: 0.814 | D48: 4.973 | E48: 0.008 | F48: 81.636 | G48: 0.007 | H48: 0.383 | I48: 0.292 | J48: 6.501 | K48: 639.311 | L48: 0.035 | M48: <0.000 | N48: <LOD | O48: 0.034 | P48: 139.27 | Q48: 89.08 | R48: 0.058 | S48: 0.46 | T48: 0.034 | U48: 0.245 | V48: 0.002 | W48: 0.009 | X48: 0.115 | Y48: 0.013 | Z48: 0.029 | AA48: 0.248 | AB48: 10.838 | AC48: 0.076 | AD48: 0.081 | AE48: 0.523 | AF48: 0.002 | AG48: 0.155 | AH48: 1.793 | AJ48: 0.056 | AK48: 0.215 | AL48: 0.023 | AM48: 0.089 | AN48: 0.022 | AO48: 0.007 | AP48: 0.018 | AQ48: 0.004 | AR48: 0.025 | AS48: 3 | AT48: 0.017 | AU48: 0.002 | AV48: 0.017 | AW48: 0.002
A49: J019_3_100x | B49: 57.989 | C49: 0.195 | D49: 2.223 | E49: 0.004 | F49: 11.222 | G49: 0.001 | H49: 0.242 | I49: 0.101 | J49: 0.493 | K49: 165.606 | L49: 0.017 | M49: <0.000 | N49: <LOD | O49: 0.002 | P49: 7.744 | Q49: 35.911 | R49: 0.021 | S49: 0.268 | T49: 0.006 | U49: 0.34 | V49: 0.002 | W49: 0.001 | X49: 0.009 | Y49: 0.004 | Z49: 0.013 | AA49: 0.125 | AB49: 2.939 | AC49: 0.109 | AD49: 0.109 | AE49: 0.201 | AF49: 0.001 | AG49: 0.109 | AH49: 0.588 | AJ49: 0.05 | AK49: 0.395 | AL49: 0.022 | AM49: 0.083 | AN49: 0.022 | AO49: 0.005 | AP49: 0.019 | AQ49: 0.004 | AR49: 0.022 | AS49: 8.4 | AT49: 0.012 | AU49: 0.002 | AV49: 0.009 | AW49: 0.001
A50: J024_3_100x | B50: 217.497 | C50: 1.841 | D50: 5.27 | E50: 0.012 | F50: 65.055 | G50: 0.023 | H50: 0.912 | I50: 0.512 | J50: 5.117 | K50: 402.702 | L50: 0.042 | M50: <0.000 | N50: <LOD | O50: 0.015 | P50: 29.937 | Q50: 130.752 | R50: 0.078 | S50: 1.084 | T50: 0.016 | U50: 1.139 | V50: 0.004 | W50: 0.022 | X50: 0.187 | Y50: 0.026 | Z50: 0.021 | AA50: 0.226 | AB50: 7.154 | AC50: 0.233 | AD50: 0.244 | AE50: 1.296 | AF50: 0.01 | AG50: 0.769 | AH50: 2.456 | AJ50: 0.327 | AK50: 0.998 | AL50: 0.111 | AM50: 0.471 | AN50: 0.124 | AO50: 0.035 | AP50: 0.109 | AQ50: 0.024 | AR50: 0.143 | AS50: 3.9 | AT50: 0.08 | AU50: 0.01 | AV50: 0.077 | AW50: 0.01
A51: J028_3_100x | B51: 172.279 | C51: 1.029 | D51: 8.4 | E51: 0.011 | F51: 68.634 | G51: 0.005 | H51: 0.46 | I51: 0.347 | J51: 1.506 | K51: 374.731 | L51: 0.032 | M51: <0.000 | N51: 0.025 | O51: 0.009 | P51: 26.221 | Q51: 94.664 | R51: 0.071 | S51: 0.434 | T51: 0.02 | U51: 0.659 | V51: 0.006 | W51: 0.009 | X51: 0.067 | Y51: 0.013 | Z51: 0.019 | AA51: 0.327 | AB51: 5.671 | AC51: 0.2 | AD51: 0.2 | AE51: 0.382 | AF51: 0.007 | AG51: 0.578 | AH51: 1.536 | AJ51: 0.263 | AK51: 1.061 | AL51: 0.093 | AM51: 0.375 | AN51: 0.096 | AO51: 0.027 | AP51: 0.089 | AQ51: 0.02 | AR51: 0.116 | AS51: 2.5 | AT51: 0.059 | AU51: 0.008 | AV51: 0.051 | AW51: 0.007
A52: J033_3_100x | B52: 248.348 | C52: 1.897 | D52: 6.073 | E52: 0.011 | F52: 71.316 | G52: 0.033 | H52: 1.519 | I52: 0.457 | J52: 8.753 | K52: 451.693 | L52: 0.04 | M52: 0.001 | N52: <LOD | O52: 0.011 | P52: 17.617 | Q52: 197.981 | R52: 0.09 | S52: 1.413 | T52: 0.014 | U52: 1.377 | V52: 0.006 | W52: 0.032 | X52: 0.199 | Y52: 0.043 | Z52: 0.02 | AA52: 0.243 | AB52: 6.99 | AC52: 0.194 | AD52: 0.197 | AE52: 1.493 | AF52: 0.011 | AG52: 0.881 | AH52: 2.566 | AJ52: 0.329 | AK52: 0.985 | AL52: 0.11 | AM52: 0.469 | AN52: 0.126 | AO52: 0.036 | AP52: 0.115 | AQ52: 0.027 | AR52: 0.152 | AS52: 1 | AT52: 0.089 | AU52: 0.012 | AV52: 0.082 | AW52: 0.012
A53: J039_3_100x | B53: 371.232 | C53: 1.537 | D53: 12.243 | E53: 0.014 | F53: 139.036 | G53: 0.018 | H53: 2.026 | I53: 0.539 | J53: 68.958 | K53: 1181.035 | L53: 0.061 | M53: 0.018 | N53: 0.371 | O53: 0.017 | P53: 37.17 | Q53: 153.3 | R53: 0.068 | S53: 1.646 | T53: 0.022 | U53: 0.72 | V53: 0.008 | W53: 0.011 | X53: 0.292 | Y53: 0.045 | Z53: 0.019 | AA53: 0.452 | AB53: 7.191 | AC53: 0.356 | AD53: 0.362 | AE53: 1.658 | AF53: 0.022 | AG53: 1.194 | AH53: 7.245 | AJ53: 0.722 | AK53: 2.198 | AL53: 0.209 | AM53: 0.834 | AN53: 0.201 | AO53: 0.05 | AP53: 0.158 | AQ53: 0.036 | AR53: 0.209 | AS53: 1.2 | AT53: 0.125 | AU53: 0.019 | AV53: 0.133 | AW53: 0.022
A54: J041_3_100x | B54: 1623.308 | C54: 12.35 | D54: 63.777 | E54: 0.077 | F54: 334.763 | G54: 0.054 | H54: 3.059 | I54: 2.041 | J54: 66.566 | K54: 7790.019 | L54: 0.11 | M54: 0.229 | N54: 3.266 | O54: 0.024 | P54: 37.539 | Q54: 916.614 | R54: 0.518 | S54: 6.054 | T54: 0.035 | U54: 0.651 | V54: 0.019 | W54: 0.025 | X54: 0.299 | Y54: 0.235 | Z54: 0.024 | AA54: 1.808 | AB54: 15.545 | AC54: 0.439 | AD54: 0.457 | AE54: 4.031 | AF54: 0.035 | AG54: 2.503 | AH54: 25.076 | AJ54: 1.072 | AK54: 1.799 | AL54: 0.274 | AM54: 1.043 | AN54: 0.237 | AO54: 0.074 | AP54: 0.219 | AQ54: 0.053 | AR54: 0.348 | AS54: 3.1 | AT54: 0.229 | AU54: 0.034 | AV54: 0.235 | AW54: 0.036
A55: J043_3_100x | B55: 876.144 | C55: 0.981 | D55: 9.202 | E55: 0.037 | F55: 208.852 | G55: 0.004 | H55: 0.38 | I55: 0.666 | J55: 21.516 | K55: 319.606 | L55: 0.085 | M55: 0.005 | N55: 0.144 | O55: 0.004 | P55: 9.024 | Q55: 64.032 | R55: 0.057 | S55: 0.471 | T55: 0.014 | U55: 0.189 | V55: 0.007 | W55: 0.008 | X55: 0.674 | Y55: 0.036 | Z55: 0.014 | AA55: 0.661 | AB55: 6.005 | AC55: 0.452 | AD55: 0.457 | AE55: 0.533 | AF55: 0.035 | AG55: 2.895 | AH55: 1.104 | AJ55: 2.544 | AK55: 0.621 | AL55: 0.597 | AM55: 2.19 | AN55: 0.437 | AO55: 0.095 | AP55: 0.336 | AQ55: 0.073 | AR55: 0.423 | AS55: 2 | AT55: 0.255 | AU55: 0.035 | AV55: 0.227 | AW55: 0.035
A57: Blank_4_100x | B57: 0.481 | C57: 0.001 | D57: <LOD | E57: 0.001 | F57: <LOD | G57: <LOD | H57: <LOD | I57: <LOD | J57: 0.04 | K57: 0.189 | L57: 0 | M57: <0.000 | N57: 1.804 | O57: <LOD | P57: 5.574 | Q57: 0.014 | R57: <LOD | S57: <LOD | T57: 0.001 | U57: 0.028 | V57: 0.005 | W57: <LOD | X57: <LOD | Y57: 0.002 | Z57: 0.012 | AA57: 0.044 | AB57: <LOD | AC57: 0.003 | AD57: 0.003 | AE57: <LOD | AF57: 0 | AG57: <LOD | AH57: 2.156 | AJ57: <0.000 | AK57: <0.000 | AL57: 0 | AM57: 0 | AN57: <0.000 | AO57: 0 | AP57: 0 | AQ57: 0 | AR57: 0 | AS57: 43.3 | AT57: 0 | AU57: 0 | AV57: 0 | AW57: 0
A58: J001_4_100x | B58: 265.069 | C58: 2.039 | D58: 4.082 | E58: 0.023 | F58: 5.259 | G58: 0.004 | H58: 0.463 | I58: 1.286 | J58: 1.336 | K58: 704.187 | L58: 0.121 | M58: 0.005 | N58: 6.955 | O58: 0.115 | P58: 48.008 | Q58: 9.189 | R58: 0.136 | S58: 0.866 | T58: 0.021 | U58: 0.471 | V58: 0.066 | W58: 0.01 | X58: 0.176 | Y58: 0.037 | Z58: 0.046 | AA58: 0.138 | AB58: 15.201 | AC58: 0.257 | AD58: 0.261 | AE58: 0.691 | AF58: 0.005 | AG58: 0.505 | AH58: 3.654 | AJ58: 0.432 | AK58: 0.728 | AL58: 0.135 | AM58: 0.586 | AN58: 0.149 | AO58: 0.037 | AP58: 0.109 | AQ58: 0.02 | AR58: 0.1 | AS58: 1.4 | AT58: 0.05 | AU58: 0.006 | AV58: 0.038 | AW58: 0.005
A59: J002_4_100x | B59: 81.81 | C59: 4.913 | D59: 2.539 | E59: 0.013 | F59: <LOD | G59: 0.003 | H59: 0.524 | I59: 0.404 | J59: 275.681 | K59: 2904.499 | L59: 0.039 | M59: 0.086 | N59: 1.589 | O59: 0.135 | P59: 2270.861 | Q59: 303.801 | R59: 4.954 | S59: 0.568 | T59: 0.012 | U59: 1.244 | V59: 0.029 | W59: 0.195 | X59: 0.374 | Y59: 0.221 | Z59: 0.037 | AA59: 0.021 | AB59: 7.11 | AC59: 0.145 | AD59: 0.151 | AE59: 0.594 | AF59: 0.009 | AG59: 0.419 | AH59: 3.477 | AJ59: <0.000 | AK59: 0.039 | AL59: 0.007 | AM59: 0.031 | AN59: 0.016 | AO59: 0.007 | AP59: 0.022 | AQ59: 0.008 | AR59: 0.065 | AS59: 2.9 | AT59: 0.051 | AU59: 0.007 | AV59: 0.052 | AW59: 0.009
A60: J003_4_100x | B60: 240.946 | C60: 1.954 | D60: 3.297 | E60: 0.023 | F60: 3.117 | G60: 0.002 | H60: 0.256 | I60: 1.261 | J60: 3.539 | K60: 634.287 | L60: 0.098 | M60: 0.014 | N60: 7.237 | O60: 0.333 | P60: 73.93 | Q60: 10.461 | R60: 0.143 | S60: 0.753 | T60: 0.021 | U60: 0.29 | V60: 0.077 | W60: 0.013 | X60: 0.131 | Y60: 0.03 | Z60: 0.021 | AA60: 0.204 | AB60: 14.098 | AC60: 0.28 | AD60: 0.295 | AE60: 0.565 | AF60: 0.004 | AG60: 0.33 | AH60: 3.643 | AJ60: 0.12 | AK60: 0.273 | AL60: 0.048 | AM60: 0.196 | AN60: 0.059 | AO60: 0.016 | AP60: 0.053 | AQ60: 0.011 | AR60: 0.065 | AS60: 3.1 | AT60: 0.033 | AU60: 0.005 | AV60: 0.029 | AW60: 0.005
A61: J007_4_100x | B61: 282.03 | C61: 2.257 | D61: 5.783 | E61: 0.025 | F61: 20.382 | G61: 0.005 | H61: 0.396 | I61: 1.287 | J61: 3.372 | K61: 706.944 | L61: 0.094 | M61: 0.032 | N61: 15.323 | O61: 0.136 | P61: 52.676 | Q61: 17.287 | R61: 0.111 | S61: 0.934 | T61: 0.025 | U61: 0.807 | V61: 0.08 | W61: 0.017 | X61: 0.154 | Y61: 0.044 | Z61: 0.057 | AA61: 0.166 | AB61: 18.003 | AC61: 0.232 | AD61: 0.383 | AE61: 0.724 | AF61: 0.01 | AG61: 0.407 | AH61: 5.15 | AJ61: 0.3 | AK61: 0.555 | AL61: 0.099 | AM61: 0.432 | AN61: 0.113 | AO61: 0.03 | AP61: 0.088 | AQ61: 0.016 | AR61: 0.08 | AS61: 0.015 | AT61: 0.037 | AU61: 0.005 | AV61: 0.029 | AW61: 0.005
A62: J010_4_100x | B62: 209.629 | C62: 0.836 | D62: 2.613 | E62: 0.015 | F62: 10.393 | G62: 0.004 | H62: 0.255 | I62: 1.087 | J62: 1.282 | K62: 435.846 | L62: 0.094 | M62: 0.018 | N62: 13.174 | O62: 0.109 | P62: 35.718 | Q62: 13.709 | R62: 0.047 | S62: 0.507 | T62: 0.022 | U62: 0.435 | V62: 0.041 | W62: 0.006 | X62: 0.103 | Y62: 0.029 | Z62: 0.063 | AA62: 0.115 | AB62: 15.68 | AC62: 0.225 | AD62: 0.227 | AE62: 0.82 | AF62: 0.006 | AG62: 0.274 | AH62: 3.8 | AJ62: 0.11 | AK62: 0.279 | AL62: 0.04 | AM62: 0.165 | AN62: 0.045 | AO62: 0.013 | AP62: 0.043 | AQ62: 0.009 | AR62: 0.051 | AS62: 0.01 | AT62: 0.026 | AU62: 0.003 | AV62: 0.021 | AW62: 0.003
A63: J016a_4_100x | B63: 706.636 | C63: 6.412 | D63: 19.105 | E63: 0.059 | F63: 7.781 | G63: 0.005 | H63: 0.94 | I63: 1.685 | J63: 7.469 | K63: 3343.092 | L63: 0.079 | M63: 0.125 | N63: 10.576 | O63: 0.095 | P63: 1205.713 | Q63: 455.129 | R63: 0.342 | S63: 2.346 | T63: 0.03 | U63: 0.37 | V63: 0.016 | W63: 0.013 | X63: 0.79 | Y63: 0.147 | Z63: 0.03 | AA63: 0.075 | AB63: 10.597 | AC63: 0.285 | AD63: 0.455 | AE63: 1.714 | AF63: 0.007 | AG63: 2.769 | AH63: 11.404 | AJ63: 0.77 | AK63: 1.332 | AL63: 0.248 | AM63: 1.057 | AN63: 0.355 | AO63: 0.111 | AP63: 0.353 | AQ63: 0.078 | AR63: 0.452 | AS63: 0.086 | AT63: 0.212 | AU63: 0.028 | AV63: 0.17 | AW63: 0.026
A64: J016b_4_100x | B64: 750.103 | C64: 6.695 | D64: 21.121 | E64: 0.063 | F64: 10.943 | G64: 0.005 | H64: 1.034 | I64: 1.7 | J64: 7.718 | K64: 3476.203 | L64: 0.083 | M64: 0.122 | N64: 9.131 | O64: 0.09 | P64: 1192.129 | Q64: 528.625 | R64: 0.338 | S64: 2.523 | T64: 0.03 | U64: 0.34 | V64: 0.015 | W64: 0.013 | X64: 0.798 | Y64: 0.154 | Z64: 0.012 | AA64: 0.069 | AB64: 11.16 | AC64: 0.311 | AD64: 0.49 | AE64: 1.767 | AF64: 0.008 | AG64: 2.786 | AH64: 11.76 | AJ64: 0.696 | AK64: 1.184 | AL64: 0.22 | AM64: 0.948 | AN64: 0.309 | AO64: 0.105 | AP64: 0.325 | AQ64: 0.075 | AR64: 0.432 | AS64: 0.083 | AT64: 0.214 | AU64: 0.029 | AV64: 0.171 | AW64: 0.026
A65: J016c_4_100x | B65: 760.569 | C65: 7.064 | D65: 21.392 | E65: 0.063 | F65: 17.414 | G65: 0.005 | H65: 1.041 | I65: 1.737 | J65: 7.792 | K65: 3605.668 | L65: 0.092 | M65: 0.136 | N65: 9.964 | O65: 0.096 | P65: 1235.823 | Q65: 502.848 | R65: 0.36 | S65: 2.584 | T65: 0.031 | U65: 0.33 | V65: 0.015 | W65: 0.013 | X65: 0.861 | Y65: 0.162 | Z65: 0.015 | AA65: 0.07 | AB65: 11.212 | AC65: 0.375 | AD65: 0.51 | AE65: 1.821 | AF65: 0.008 | AG65: 2.709 | AH65: 11.738 | AJ65: 0.66 | AK65: 1.114 | AL65: 0.212 | AM65: 0.904 | AN65: 0.3 | AO65: 0.101 | AP65: 0.319 | AQ65: 0.075 | AR65: 0.434 | AS65: 0.082 | AT65: 0.207 | AU65: 0.026 | AV65: 0.166 | AW65: 0.026
A66: J018_4_100x | B66: 118.74 | C66: 0.606 | D66: 3.113 | E66: 0.008 | F66: 8.091 | G66: 0.001 | H66: 0.279 | I66: 0.716 | J66: 2.743 | K66: 953.193 | L66: 0.05 | M66: 0.044 | N66: 12.498 | O66: 0.152 | P66: 295.354 | Q66: 31.413 | R66: 0.04 | S66: 0.55 | T66: 0.014 | U66: 0.187 | V66: 0.074 | W66: 0.007 | X66: 0.137 | Y66: 0.013 | Z66: 0.038 | AA66: 0.052 | AB66: 8.75 | AC66: 0.157 | AD66: 0.047 | AE66: 0.682 | AF66: 0.009 | AG66: 0.095 | AH66: 3.043 | AJ66: 0.003 | AK66: 0.066 | AL66: 0.009 | AM66: 0.034 | AN66: 0.01 | AO66: 0.004 | AP66: 0.01 | AQ66: 0.003 | AR66: 0.016 | AS66: 0.003 | AT66: 0.01 | AU66: 0.001 | AV66: 0.011 | AW66: 0.002
A67: J019_4_100x | B67: 139.045 | C67: 0.152 | D67: 4.245 | E67: 0.008 | F67: 2.929 | G67: 0.001 | H67: 0.2 | I67: 0.477 | J67: 1.09 | K67: 424.027 | L67: 0.048 | M67: 0.025 | N67: 17.211 | O67: 0.204 | P67: 69.176 | Q67: 9.355 | R67: 0.013 | S67: 0.489 | T67: 0.013 | U67: 0.183 | V67: 0.119 | W67: 0.005 | X67: 0.04 | Y67: 0.004 | Z67: 0.014 | AA67: 0.11 | AB67: 9.693 | AC67: 0.315 | AD67: 0.037 | AE67: 0.371 | AF67: 0.007 | AG67: 0.109 | AH67: 2.453 | AJ67: 0.092 | AK67: 0.225 | AL67: 0.027 | AM67: 0.099 | AN67: 0.022 | AO67: 0.005 | AP67: 0.015 | AQ67: 0.004 | AR67: 0.021 | AS67: 0.004 | AT67: 0.011 | AU67: 0.002 | AV67: 0.011 | AW67: 0.002
A68: J024_4_100x | B68: 342.566 | C68: 1.285 | D68: 5.599 | E68: 0.014 | F68: 19.296 | G68: 0.009 | H68: 0.906 | I68: 1.438 | J68: 4.067 | K68: 912.154 | L68: 0.107 | M68: 0.041 | N68: 26.618 | O68: 0.297 | P68: 256.224 | Q68: 32.955 | R68: 0.066 | S68: 1.771 | T68: 0.019 | U68: 0.411 | V68: 0.152 | W68: 0.016 | X68: 0.263 | Y68: 0.028 | Z68: 0.04 | AA68: 0.164 | AB68: 14.016 | AC68: 0.179 | AD68: 0.116 | AE68: 1.554 | AF68: 0.008 | AG68: 0.189 | AH68: 7.816 | AJ68: 0.053 | AK68: 0.176 | AL68: 0.021 | AM68: 0.084 | AN68: 0.023 | AO68: 0.007 | AP68: 0.023 | AQ68: 0.006 | AR68: 0.037 | AS68: 0.007 | AT68: 0.02 | AU68: 0.003 | AV68: 0.019 | AW68: 0.003
A69: J028_4_100x | B69: 240.437 | C69: 0.626 | D69: 14.255 | E69: 0.011 | F69: 8 | G69: 0.002 | H69: 0.385 | I69: 0.768 | J69: 1.285 | K69: 611.362 | L69: 0.075 | M69: 0.025 | N69: 22.71 | O69: 0.274 | P69: 144.414 | Q69: 22.271 | R69: 0.068 | S69: 0.648 | T69: 0.029 | U69: 0.287 | V69: 0.158 | W69: 0.009 | X69: 0.075 | Y69: 0.013 | Z69: 0.06 | AA69: 0.171 | AB69: 17.279 | AC69: 0.19 | AD69: 0.054 | AE69: 0.519 | AF69: 0.165 | AG69: 0.159 | AH69: 4.176 | AJ69: 0.062 | AK69: 0.256 | AL69: 0.023 | AM69: 0.095 | AN69: 0.024 | AO69: 0.009 | AP69: 0.024 | AQ69: 0.006 | AR69: 0.033 | AS69: 0.006 | AT69: 0.017 | AU69: 0.002 | AV69: 0.015 | AW69: 0.002
A70: J033_4_100x | B70: 381.981 | C70: 1.03 | D70: 5.552 | E70: 0.016 | F70: 9.288 | G70: 0.008 | H70: 1.175 | I70: 1.83 | J70: 5.373 | K70: 1253.256 | L70: 0.132 | M70: 0.053 | N70: 28.943 | O70: 0.338 | P70: 272.91 | Q70: 29.094 | R70: 0.055 | S70: 1.833 | T70: 0.018 | U70: 0.278 | V70: 0.246 | W70: 0.018 | X70: 0.268 | Y70: 0.029 | Z70: 0.033 | AA70: 0.168 | AB70: 16.513 | AC70: 0.217 | AD70: 0.119 | AE70: 1.949 | AF70: 0.009 | AG70: 0.155 | AH70: 6.373 | AJ70: 0.096 | AK70: 0.244 | AL70: 0.029 | AM70: 0.107 | AN70: 0.026 | AO70: 0.007 | AP70: 0.024 | AQ70: 0.005 | AR70: 0.03 | AS70: 0.006 | AT70: 0.014 | AU70: 0.002 | AV70: 0.015 | AW70: 0.002
A71: J039_4_100x | B71: 493.675 | C71: 1.61 | D71: 9.005 | E71: 0.016 | F71: 5.148 | G71: 0.006 | H71: 2.02 | I71: 1.445 | J71: 59.698 | K71: 2103.936 | L71: 0.164 | M71: 0.075 | N71: 23.597 | O71: 0.28 | P71: 277.54 | Q71: 66.903 | R71: 0.102 | S71: 3.232 | T71: 0.04 | U71: 0.585 | V71: 0.132 | W71: 0.011 | X71: 0.313 | Y71: 0.053 | Z71: 0.016 | AA71: 0.166 | AB71: 30.131 | AC71: 0.327 | AD71: 0.063 | AE71: 3.559 | AF71: 0.038 | AG71: 0.475 | AH71: 15.149 | AJ71: 0.212 | AK71: 0.655 | AL71: 0.07 | AM71: 0.272 | AN71: 0.073 | AO71: 0.02 | AP71: 0.07 | AQ71: 0.015 | AR71: 0.092 | AS71: 0.018 | AT71: 0.051 | AU71: 0.007 | AV71: 0.052 | AW71: 0.008
... A73: J043_4_100x | B73: 479.48 | C73: 1.488 | D73: 4.028 | E73: 0.026 | F73: 105.127 | G73: 0.002 | H73: 0.444 | I73: 2.581 | J73: 8.372 | K73: 754.461 | L73: 0.146 | M73: 0.073 | N73: 21.285 | O73: 0.318 | P73: 128.643 | Q73: 24.689 | R73: 0.075 | S73: 0.803 | T73: 0.029 | U73: 0.295 | V73: 0.185 | W73: 0.008 | X73: 0.635 | Y73: 0.105 | Z73: 0.028 | AA73: 0.38 | AB73: 19.381 | AC73: 0.448 | AD73: 0.791 | AE73: 1.117 | AF73: 0.011 | AG73: 1.199 | AH73: 9.307 | AJ73: 2.011 | AK73: 0.846 | AL73: 0.517 | AM73: 1.948 | AN73: 0.402 | AO73: 0.085 | AP73: 0.281 | AQ73: 0.048 | AR73: 0.233 | AS73: 0.044 | AT73: 0.107 | AU73: 0.014 | AV73: 0.089 | AW73: 0.014
A75: Blank5_100x | B75: 0.545 | C75: 0.001 | D75: 0.019 | E75: <LOD | F75: 11.855 | G75: <LOD | H75: <LOD | I75: <LOD | J75: 0.082 | K75: 0.565 | L75: 0.005 | M75: 0.023 | N75: 24.069 | O75: <LOD | P75: 0.304 | Q75: 0.029 | R75: 0.013 | S75: 0.025 | T75: 0 | U75: 0.011 | V75: 0.002 | W75: 0.001 | X75: 0.021 | Y75: 0.002 | Z75: 0.009 | AA75: 0.034 | AB75: 0.043 | AC75: 0.001 | AD75: <LOD | AE75: <LOD | AF75: 0.003 | AG75: <LOD | AH75: 1.894 | AJ75: <0.000 | AK75: <0.000 | AL75: 0 | AM75: 0 | AN75: 0 | AO75: <0.000 | AP75: <0.000 | AQ75: <0.000 | AR75: 0 | AS75: 0 | AT75: 0 | AU75: 0 | AV75: 0 | AW75: 0
A76: Blank5_100x | B76: 1.203 | C76: 0.004 | D76: 0.029 | E76: <LOD | F76: <LOD | G76: <LOD | H76: 0.002 | I76: 0.003 | J76: 0.15 | K76: 2.852 | L76: 0 | M76: 0.001 | N76: 17.578 | O76: <LOD | P76: 0.858 | Q76: 0.09 | R76: 0.013 | S76: 0.034 | T76: 0 | U76: 0.01 | V76: 0.002 | W76: 0.001 | X76: <LOD | Y76: 0.001 | Z76: 0.011 | AA76: 0.033 | AB76: 0.086 | AC76: 0.001 | AD76: <LOD | AE76: 0.004 | AF76: 0.004 | AG76: 0.001 | AH76: 1.913 | AJ76: 0 | AK76: 0 | AL76: 0 | AM76: 0.001 | AN76: 0 | AO76: 0 | AP76: 0 | AQ76: 0 | AR76: 0 | AS76: 0 | AT76: 0 | AU76: 0 | AV76: 0 | AW76: 0
A77: J001_5_100x | B77: 56.53 | C77: 0.648 | D77: 0.192 | E77: <LOD | F77: 1.474 | G77: 0.004 | H77: 0.042 | I77: 0.308 | J77: 0.437 | K77: 29.434 | L77: 0.027 | M77: 0.01 | N77: 16.438 | O77: <LOD | P77: 1.279 | Q77: 0.589 | R77: 0.068 | S77: 0.186 | T77: 0.002 | U77: 0.028 | V77: 0.012 | W77: 0.013 | X77: 1.325 | Y77: 0.264 | Z77: 0.057 | AA77: 0.018 | AB77: 5.571 | AC77: 0.018 | AD77: 0.037 | AE77: 0.091 | AF77: 0.009 | AG77: 0.035 | AH77: 3.208 | AJ77: 0.004 | AK77: 0.039 | AL77: 0.01 | AM77: 0.041 | AN77: 0.008 | AO77: 0.002 | AP77: 0.007 | AQ77: 0.001 | AR77: 0.007 | AS77: 0.001 | AT77: 0.004 | AU77: 0 | AV77: 0.003 | AW77: 0
A78: J002_5_100x | B78: 6.73 | C78: 0.235 | D78: 0.136 | E78: <LOD | F78: 8.453 | G78: <LOD | H78: 0.003 | I78: <LOD | J78: 6.094 | K78: 4.637 | L78: 0.002 | M78: 0 | N78: 19.456 | O78: 0.003 | P78: 1.05 | Q78: 1.37 | R78: 0.28 | S78: 0.354 | T78: 0 | U78: 0.249 | V78: 0.012 | W78: 0.014 | X78: 0.003 | Y78: 0.029 | Z78: 0.016 | AA78: 0.029 | AB78: 0.385 | AC78: 0.002 | AD78: 0.004 | AE78: 0.025 | AF78: 0.005 | AG78: 0.003 | AH78: 2.403 | AJ78: 0 | AK78: 0 | AL78: 0 | AM78: 0.002 | AN78: 0 | AO78: 0 | AP78: 0 | AQ78: 0 | AR78: 0.001 | AS78: 0 | AT78: 0 | AU78: 0 | AV78: 0 | AW78: 0
A79: J003_5_100x | B79: 29.74 | C79: 0.539 | D79: 0.29 | E79: <LOD | F79: 9.298 | G79: 0.001 | H79: 0.018 | I79: 0.215 | J79: 0.402 | K79: 14.736 | L79: 0.012 | M79: 0 | N79: 17.528 | O79: 0.004 | P79: 4.207 | Q79: 0.447 | R79: 0.042 | S79: 0.239 | T79: 0.001 | U79: 0.044 | V79: 0.021 | W79: 0.008 | X79: 0.099 | Y79: 0.072 | Z79: 0.016 | AA79: 0.039 | AB79: 1.73 | AC79: 0.019 | AD79: 0.024 | AE79: 0.082 | AF79: 0.008 | AG79: 0.075 | AH79: 2.786 | AJ79: 0 | AK79: 0.051 | AL79: 0.01 | AM79: 0.052 | AN79: 0.016 | AO79: 0.004 | AP79: 0.014 | AQ79: 0.003 | AR79: 0.016 | AS79: 0.003 | AT79: 0.009 | AU79: 0.001 | AV79: 0.006 | AW79: 0.001
A80: J007_5_100x | B80: 63.268 | C80: 0.739 | D80: 0.29 | E80: <LOD | F80: <LOD | G80: 0.003 | H80: 0.029 | I80: 0.345 | J80: 0.92 | K80: 14.097 | L80: 0.026 | M80: 0.001 | N80: 15.828 | O80: 0.002 | P80: 1.024 | Q80: 0.634 | R80: 0.06 | S80: 0.2 | T80: 0.003 | U80: 0.068 | V80: 0.015 | W80: 0.013 | X80: 0.711 | Y80: 0.216 | Z80: 0.08 | AA80: 0.025 | AB80: 5.261 | AC80: 0.017 | AD80: 0.036 | AE80: 0.106 | AF80: 0.01 | AG80: 0.052 | AH80: 2.901 | AJ80: 0.002 | AK80: 0.048 | AL80: 0.011 | AM80: 0.047 | AN80: 0.013 | AO80: 0.003 | AP80: 0.009 | AQ80: 0.002 | AR80: 0.01 | AS80: 0.002 | AT80: 0.006 | AU80: 0.001 | AV80: 0.004 | AW80: 0.001
A81: J010_5_100x | B81: 32.085 | C81: 0.215 | D81: 0.218 | E81: <LOD | F81: 0.244 | G81: 0.004 | H81: 0.021 | I81: 0.271 | J81: 0.344 | K81: 18.469 | L81: 0.014 | M81: 0.003 | N81: 17.223 | O81: 0.004 | P81: 4.328 | Q81: 1.209 | R81: 0.035 | S81: 0.147 | T81: 0.002 | U81: 0.055 | V81: 0.016 | W81: 0.007 | X81: 0.443 | Y81: 0.163 | Z81: 0.025 | AA81: 0.028 | AB81: 2.698 | AC81: 0.018 | AD81: 0.018 | AE81: 0.098 | AF81: 0.007 | AG81: 0.044 | AH81: 3.688 | AJ81: 0 | AK81: 0.041 | AL81: 0.007 | AM81: 0.032 | AN81: 0.009 | AO81: 0.003 | AP81: 0.009 | AQ81: 0.002 | AR81: 0.011 | AS81: 0.002 | AT81: 0.004 | AU81: 0.001 | AV81: 0.003 | AW81: 0
A82: J016a_5_100x | B82: 46.204 | C82: 1.11 | D82: 3.168 | E82: 0.001 | F82: 217.314 | G82: 0.005 | H82: 0.064 | I82: 0.411 | J82: 0.901 | K82: 110.482 | L82: 0.019 | M82: 0.023 | N82: 13.71 | O82: 0.01 | P82: 45.778 | Q82: 16.84 | R82: 0.215 | S82: 0.249 | T82: 0.002 | U82: 0.275 | V82: 0.014 | W82: 0.026 | X82: 0.168 | Y82: 0.367 | Z82: 0.029 | AA82: 0.206 | AB82: 2.17 | AC82: 0.041 | AD82: 0.034 | AE82: 0.177 | AF82: 0.008 | AG82: 1.598 | AH82: 1.593 | AJ82: 1.123 | AK82: 1.558 | AL82: 0.314 | AM82: 1.305 | AN82: 0.324 | AO82: 0.092 | AP82: 0.283 | AQ82: 0.051 | AR82: 0.275 | AS82: 0.052 | AT82: 0.123 | AU82: 0.016 | AV82: 0.094 | AW82: 0.014
A83: J016b_5_100x | B83: 50.905 | C83: 1.207 | D83: 3.432 | E83: 0.001 | F83: 216.773 | G83: 0.007 | H83: 0.069 | I83: 0.399 | J83: 0.932 | K83: 103.759 | L83: 0.019 | M83: 0.025 | N83: 16.004 | O83: 0.008 | P83: 40.849 | Q83: 18.445 | R83: 0.234 | S83: 0.253 | T83: 0.002 | U83: 0.284 | V83: 0.015 | W83: 0.026 | X83: 0.185 | Y83: 0.368 | Z83: 0.025 | AA83: 0.218 | AB83: 2.042 | AC83: 0.041 | AD83: 0.038 | AE83: 0.181 | AF83: 0.012 | AG83: 1.735 | AH83: 1.365 | AJ83: 1.169 | AK83: 1.636 | AL83: 0.325 | AM83: 1.365 | AN83: 0.32 | AO83: 0.098 | AP83: 0.293 | AQ83: 0.055 | AR83: 0.291 | AS83: 0.055 | AT83: 0.133 | AU83: 0.017 | AV83: 0.104 | AW83: 0.016
A84: J016c_5_100x | B84: 49.961 | C84: 1.204 | D84: 3.562 | E84: 0.001 | F84: 204.784 | G84: 0.006 | H84: 0.068 | I84: 0.43 | J84: 0.907 | K84: 105.926 | L84: 0.019 | M84: 0.026 | N84: 16.328 | O84: 0.009 | P84: 44.865 | Q84: 17.344 | R84: 0.239 | S84: 0.255 | T84: 0.003 | U84: 0.284 | V84: 0.018 | W84: 0.026 | X84: 0.188 | Y84: 0.373 | Z84: 0.024 | AA84: 0.232 | AB84: 2.485 | AC84: 0.049 | AD84: 0.038 | AE84: 0.186 | AF84: 0.014 | AG84: 1.662 | AH84: 1.595 | AJ84: 1.161 | AK84: 1.604 | AL84: 0.325 | AM84: 1.374 | AN84: 0.324 | AO84: 0.096 | AP84: 0.289 | AQ84: 0.053 | AR84: 0.281 | AS84: 0.052 | AT84: 0.129 | AU84: 0.016 | AV84: 0.098 | AW84: 0.015
A85: J018_5_100x | B85: 7.072 | C85: 0.037 | D85: 0.118 | E85: <LOD | F85: 8.871 | G85: <LOD | H85: 0.006 | I85: 0.002 | J85: 0.229 | K85: 8.765 | L85: 0.003 | M85: 0 | N85: 17.341 | O85: 0.001 | P85: 0.835 | Q85: 0.411 | R85: 0.018 | S85: 0.033 | T85: 0 | U85: 0.032 | V85: 0.014 | W85: 0.003 | X85: 0.006 | Y85: 0.01 | Z85: 0.014 | AA85: 0.059 | AB85: 0.471 | AC85: 0.002 | AD85: 0.004 | AE85: 0.034 | AF85: 0.005 | AG85: 0.004 | AH85: 0.982 | AJ85: 0 | AK85: 0 | AL85: 0.001 | AM85: 0.003 | AN85: 0.001 | AO85: 0 | AP85: 0.001 | AQ85: 0 | AR85: 0.001 | AS85: 0 | AT85: 0.001 | AU85: 0 | AV85: 0 | AW85: 0
A86: J019_5_100x | B86: 7.168 | C86: 0.021 | D86: 0.105 | E86: <LOD | F86: <LOD | G86: <LOD | H86: 0.006 | I86: 0.007 | J86: 0.092 | K86: 4.013 | L86: 0.002 | M86: 0 | N86: 18.189 | O86: 0.003 | P86: 1.038 | Q86: 0.192 | R86: 0.017 | S86: 0.083 | T86: 0 | U86: 0.057 | V86: 0.012 | W86: 0.001 | X86: 0.001 | Y86: 0.004 | Z86: 0.06 | AA86: 0.031 | AB86: 0.638 | AC86: 0.002 | AD86: 0.003 | AE86: 0.021 | AF86: 0.006 | AG86: 0.003 | AH86: 1.829 | AJ86: 0 | AK86: 0.004 | AL86: 0.001 | AM86: 0.004 | AN86: 0.001 | AO86: 0 | AP86: 0.001 | AQ86: 0 | AR86: 0 | AS86: 0 | AT86: 0 | AU86: 0 | AV86: 0 | AW86: 0
A87: J024_5_100x | B87: 18.304 | C87: 0.176 | D87: 0.111 | E87: <LOD | F87: 3.425 | G87: 0.006 | H87: 0.035 | I87: 0.05 | J87: 0.402 | K87: 6.152 | L87: 0.006 | M87: 0.005 | N87: 17.031 | O87: <LOD | P87: 1.313 | Q87: 0.889 | R87: 0.033 | S87: 0.145 | T87: 0.001 | U87: 0.05 | V87: 0.012 | W87: 0.013 | X87: 0.245 | Y87: 0.097 | Z87: 0.042 | AA87: 0.057 | AB87: 1.314 | AC87: 0.006 | AD87: 0.006 | AE87: 0.119 | AF87: 0.007 | AG87: 0.019 | AH87: 1.896 | AJ87: 0 | AK87: 0.02 | AL87: 0.003 | AM87: 0.016 | AN87: 0.004 | AO87: 0.001 | AP87: 0.004 | AQ87: 0.001 | AR87: 0.005 | AS87: 0.001 | AT87: 0.002 | AU87: 0 | AV87: 0.001 | AW87: 0
A88: J028_5_100x | B88: 10.044 | C88: 0.119 | D88: 0.357 | E88: <LOD | F88: <LOD | G88: 0.001 | H88: 0.014 | I88: 0.6 | J88: 0.156 | K88: 6.393 | L88: 0.005 | M88: <0.000 | N88: 8.157 | O88: 0.01 | P88: 0.766 | Q88: 0.507 | R88: 0.026 | S88: 0.034 | T88: 0.002 | U88: 0.049 | V88: 0.012 | W88: 0.004 | X88: 0.039 | Y88: 0.048 | Z88: 0.013 | AA88: 0.051 | AB88: 2.374 | AC88: 0.018 | AD88: 0.005 | AE88: 0.048 | AF88: 0.086 | AG88: 0.036 | AH88: 0.837 | AJ88: <0.000 | AK88: 0.062 | AL88: 0.007 | AM88: 0.033 | AN88: 0.011 | AO88: 0.002 | AP88: 0.008 | AQ88: 0.002 | AR88: 0.009 | AS88: 0.002 | AT88: 0.004 | AU88: 0 | AV88: 0.003 | AW88: 0
A89: J033_5_100x | B89: 17.461 | C89: 0.154 | D89: 0.098 | E89: <LOD | F89: <LOD | G89: 0.003 | H89: 0.042 | I89: 0.274 | J89: 0.519 | K89: 11.203 | L89: 0.006 | M89: 0.001 | N89: 10.06 | O89: 0.012 | P89: 1.026 | Q89: 0.643 | R89: 0.03 | S89: 0.092 | T89: 0.001 | U89: 0.061 | V89: 0.016 | W89: 0.014 | X89: 0.339 | Y89: 0.145 | Z89: 0.024 | AA89: 0.043 | AB89: 1.924 | AC89: 0.01 | AD89: 0.007 | AE89: 0.133 | AF89: 0.006 | AG89: 0.026 | AH89: 1.054 | AJ89: <0.000 | AK89: 0.034 | AL89: 0.005 | AM89: 0.024 | AN89: 0.006 | AO89: 0.002 | AP89: 0.006 | AQ89: 0.001 | AR89: 0.006 | AS89: 0.001 | AT89: 0.003 | AU89: 0 | AV89: 0.002 | AW89: 0
A90: J039_5_100x | B90: 20.254 | C90: 0.214 | D90: 0.246 | E90: <LOD | F90: 16.547 | G90: 0.001 | H90: 0.057 | I90: 0.102 | J90: 2.603 | K90: 18.334 | L90: 0.01 | M90: <0.000 | N90: 11.649 | O90: 0.011 | P90: 2.282 | Q90: 0.939 | R90: 0.038 | S90: 0.137 | T90: 0.001 | U90: 0.049 | V90: 0.02 | W90: 0.009 | X90: 0.093 | Y90: 0.093 | Z90: 0.016 | AA90: 0.065 | AB90: 4.087 | AC90: 0.011 | AD90: 0.004 | AE90: 0.367 | AF90: 0.026 | AG90: 0.045 | AH90: 1.579 | AJ90: 0.014 | AK90: 0.123 | AL90: 0.014 | AM90: 0.062 | AN90: 0.015 | AO90: 0.003 | AP90: 0.011 | AQ90: 0.002 | AR90: 0.01 | AS90: 0.002 | AT90: 0.005 | AU90: 0.001 | AV90: 0.004 | AW90: 0.001
A91: J041_5_100x | B91: 68.898 | C91: 1.161 | D91: 3.062 | E91: 0.001 | F91: 135.181 | G91: 0.011 | H91: 0.076 | I91: 0.35 | J91: 2.064 | K91: 152.012 | L91: 0.02 | M91: 0.007 | N91: 13.922 | O91: 0.016 | P91: 4.151 | Q91: 9.437 | R91: 0.228 | S91: 0.206 | T91: 0.005 | U91: 0.373 | V91: 0.036 | W91: 0.019 | X91: 0.103 | Y91: 0.395 | Z91: 0.033 | AA91: 0.351 | AB91: 4.821 | AC91: 0.076 | AD91: 0.037 | AE91: 0.298 | AF91: 0.072 | AG91: 0.787 | AH91: 1.353 | AJ91: 0.758 | AK91: 1.083 | AL91: 0.225 | AM91: 0.901 | AN91: 0.209 | AO91: 0.05 | AP91: 0.152 | AQ91: 0.03 | AR91: 0.154 | AS91: 0.03 | AT91: 0.081 | AU91: 0.011 | AV91: 0.063 | AW91: 0.01
A92: J043_5_100x | B92: 41.497 | C92: 0.425 | D92: 0.632 | E92: 0.001 | F92: 129.733 | G92: 0.001 | H92: 0.025 | I92: 0.655 | J92: 0.93 | K92: 27.673 | L92: 0.023 | M92: 0.005 | N92: 15.023 | O92: 0.017 | P92: 3.452 | Q92: 0.801 | R92: 0.045 | S92: 0.185 | T92: 0.004 | U92: 0.129 | V92: 0.046 | W92: 0.007 | X92: 0.075 | Y92: 0.169 | Z92: 0.019 | AA92: 0.26 | AB92: 4.116 | AC92: 0.077 | AD92: 0.047 | AE92: 0.162 | AF92: 0.012 | AG92: 0.934 | AH92: 2.411 | AJ92: 1.399 | AK92: 0.41 | AL92: 0.381 | AM92: 1.491 | AN92: 0.288 | AO92: 0.06 | AP92: 0.198 | AQ92: 0.036 | AR92: 0.18 | AS92: 0.034 | AT92: 0.091 | AU92: 0.011 | AV92: 0.066 | AW92: 0.011
A94: Blank 6_100x | B94: 6.941 | C94: 0.007 | D94: 0.054 | E94: 0.006 | F94: 4.03 | G94: 0.001 | H94: <LOD | I94: 0.042 | J94: 0.101 | K94: 0.644 | L94: 0 | M94: <0.000 | N94: 6.167 | O94: 0.017 | P94: 0.746 | Q94: 0.015 | R94: 0.072 | S94: 0.496 | T94: 0 | U94: 0.017 | V94: 0.005 | W94: 0.086 | X94: <LOD | Y94: 0.005 | Z94: 0.107 | AA94: 0.012 | AB94: 0.29 | AC94: 0.002 | AD94: 0.003 | AE94: 0.001 | AF94: 0.001 | AG94: <LOD | AH94: 4.697 | AJ94: <0.000 | AK94: <0.000 | AL94: 0 | AM94: 0.001 | AN94: 0 | AO94: 0 | AP94: 0 | AQ94: 0 | AR94: 0 | AS94: 0 | AT94: 0 | AU94: 0 | AV94: 0 | AW94: 0
A95: J001_6_100x | B95: 2288.719 | C95: 1.306 | D95: 45.627 | E95: 0.056 | F95: 121.703 | G95: 0.012 | H95: 2.058 | I95: 4.888 | J95: 5.012 | K95: 2249.914 | L95: 0.683 | M95: 0.091 | N95: 397.454 | O95: 2.359 | P95: 1055.95 | Q95: 25.295 | R95: 0.053 | S95: 6.798 | T95: 0.019 | U95: 1.067 | V95: 6.575 | W95: 0.005 | X95: 0.322 | Y95: 0.272 | Z95: 0.051 | AA95: 1.238 | AB95: 9.636 | AC95: 0.643 | AD95: 0.214 | AE95: 2.166 | AF95: 0.003 | AG95: 1.583 | AH95: 10.488 | AJ95: 4.625 | AK95: 7.71 | AL95: 1.1 | AM95: 4.174 | AN95: 0.791 | AO95: 0.164 | AP95: 0.446 | AQ95: 0.07 | AR95: 0.323 | AS95: 0.061 | AT95: 0.163 | AU95: 0.021 | AV95: 0.136 | AW95: 0.02
A96: J002_6_100x | B96: 4134.428 | C96: 1.157 | D96: 75.944 | E96: 0.078 | F96: 55574.252 | G96: 0.081 | H96: 5.644 | I96: 13.041 | J96: 256.286 | K96: 12009.997 | L96: 1.15 | M96: 0.368 | N96: 274 | O96: 9.259 | P96: 19401.226 | Q96: 3186.715 | R96: 3.584 | S96: 18.794 | T96: 0.058 | U96: 34.982 | V96: 2.604 | W96: 0.041 | X96: 2.278 | Y96: 0.308 | Z96: 0.044 | AA96: 14.276 | AB96: 29.132 | AC96: 1.834 | AD96: 0.648 | AE96: 4.993 | AF96: 0.017 | AG96: 17.424 | AH96: 22.85 | AJ96: 6.625 | AK96: 14.899 | AL96: 2.018 | AM96: 8.942 | AN96: 2.97 | AO96: 1.05 | AP96: 2.618 | AQ96: 0.635 | AR96: 3.632 | AS96: 0.673 | AT96: 1.769 | AU96: 0.237 | AV96: 1.426 | AW96: 0.204
A97: J003_6_100x | B97: 2923.903 | C97: 1.77 | D97: 49.414 | E97: 0.071 | F97: 567.559 | G97: 0.007 | H97: 2.416 | I97: 7.302 | J97: 6.778 | K97: 3515.428 | L97: 0.873 | M97: 0.138 | N97: 492.952 | O97: 3.478 | P97: 1559.165 | Q97: 35.902 | R97: 0.089 | S97: 8.74 | T97: 0.026 | U97: 1.652 | V97: 8.42 | W97: 0.008 | X97: 0.45 | Y97: 0.147 | Z97: 0.015 | AA97: 2.183 | AB97: 19.817 | AC97: 1.522 | AD97: 0.437 | AE97: 3.261 | AF97: 0.004 | AG97: 3.439 | AH97: 13.689 | AJ97: 6.543 | AK97: 12.444 | AL97: 1.627 | AM97: 6.296 | AN97: 1.283 | AO97: 0.259 | AP97: 0.814 | AQ97: 0.137 | AR97: 0.662 | AS97: 0.123 | AT97: 0.326 | AU97: 0.043 | AV97: 0.267 | AW97: 0.04
A98: J007_6_100x | B98: 2939.31 | C98: 1.883 | D98: 192.38 | E98: 0.065 | F98: 248.219 | G98: 0.016 | H98: 2.781 | I98: 6.999 | J98: 30.23 | K98: 3218.975 | L98: 0.864 | M98: 0.111 | N98: 505.013 | O98: 3.547 | P98: 1601.789 | Q98: 36.908 | R98: 0.13 | S98: 9.559 | T98: 0.019 | U98: 3.147 | V98: 6.899 | W98: 0.005 | X98: 0.499 | Y98: 0.259 | Z98: 0.025 | AA98: 4.308 | AB98: 14.578 | AC98: 1.125 | AD98: 0.267 | AE98: 3.475 | AF98: 0.003 | AG98: 2.619 | AH98: 17.419 | AJ98: 5.788 | AK98: 10.163 | AL98: 1.422 | AM98: 5.507 | AN98: 1.08 | AO98: 0.257 | AP98: 0.65 | AQ98: 0.108 | AR98: 0.52 | AS98: 0.1 | AT98: 0.268 | AU98: 0.035 | AV98: 0.22 | AW98: 0.033
A99: J010_6_100x | B99: 2287.505 | C99: 0.651 | D99: 27.698 | E99: 0.042 | F99: 364.245 | G99: 0.02 | H99: 2.654 | I99: 6.357 | J99: 5.761 | K99: 2998.933 | L99: 0.759 | M99: 0.102 | N99: 353.819 | O99: 3.083 | P99: 1581.779 | Q99: 41.108 | R99: 0.035 | S99: 7.133 | T99: 0.024 | U99: 1.803 | V99: 4.829 | W99: 0.007 | X99: 0.487 | Y99: 0.301 | Z99: 0.05 | AA99: 1.379 | AB99: 24.322 | AC99: 1.079 | AD99: 0.177 | AE99: 3.673 | AF99: 0.003 | AG99: 2.248 | AH99: 13.71 | AJ99: 4.358 | AK99: 8.599 | AL99: 1.071 | AM99: 4.156 | AN99: 0.859 | AO99: 0.18 | AP99: 0.551 | AQ99: 0.095 | AR99: 0.472 | AS99: 0.087 | AT99: 0.231 | AU99: 0.03 | AV99: 0.178 | AW99: 0.027
A100: J016a_6_100x | B100: 2974.358 | C100: 5.322 | D100: 97.027 | E100: 0.09 | F100: 10107.512 | G100: 0.106 | H100: 1.984 | I100: 5.323 | J100: 17.79 | K100: 6205.332 | L100: 1.1 | M100: 0.434 | N100: 124.304 | O100: 2.401 | P100: 4965.129 | Q100: 281.623 | R100: 0.34 | S100: 6.856 | T100: 0.067 | U100: 8.365 | V100: 2.359 | W100: 0.031 | X100: 1.546 | Y100: 0.889 | Z100: 0.049 | AA100: 6.808 | AB100: 40.434 | AC100: 1.379 | AD100: 0.433 | AE100: 5.984 | AF100: 0.02 | AG100: 31.924 | AH100: 21.728 | AJ100: 33.39 | AK100: 46.895 | AL100: 8.652 | AM100: 36.427 | AN100: 8.566 | AO100: 2.311 | AP100: 6.597 | AQ100: 1.19 | AR100: 5.859 | AS100: 1.061 | AT100: 2.58 | AU100: 0.315 | AV100: 1.894 | AW100: 0.286
A101: J016b_6_100x | B101: 2950.884 | C101: 5.65 | D101: 103.243 | E101: 0.096 | F101: 10431.969 | G101: 0.123 | H101: 1.976 | I101: 5.379 | J101: 18.244 | K101: 6451.809 | L101: 1.119 | M101: 0.467 | N101: 117.113 | O101: 2.412 | P101: 4944.126 | Q101: 326.75 | R101: 0.36 | S101: 6.825 | T101: 0.072 | U101: 8.533 | V101: 2.28 | W101: 0.032 | X101: 1.693 | Y101: 0.905 | Z101: 0.03 | AA101: 7.116 | AB101: 39.821 | AC101: 1.505 | AD101: 0.447 | AE101: 6.052 | AF101: 0.023 | AG101: 35.488 | AH101: 20.716 | AJ101: 33.901 | AK101: 48.285 | AL101: 8.818 | AM101: 37.087 | AN101: 8.594 | AO101: 2.354 | AP101: 6.639 | AQ101: 1.223 | AR101: 6.105 | AS101: 1.122 | AT101: 2.844 | AU101: 0.347 | AV101: 2.068 | AW101: 0.314
A102: J016c_6_100x | B102: 3070.31 | C102: 5.895 | D102: 108.006 | E102: 0.102 | F102: 10998.637 | G102: 0.129 | H102: 2.054 | I102: 5.621 | J102: 18.884 | K102: 6863.098 | L102: 1.164 | M102: 0.482 | N102: 119.727 | O102: 2.507 | P102: 5256.305 | Q102: 329.763 | R102: 0.365 | S102: 7.091 | T102: 0.075 | U102: 8.915 | V102: 2.354 | W102: 0.035 | X102: 1.828 | Y102: 0.941 | Z102: 0.041 | AA102: 7.501 | AB102: 41.3 | AC102: 1.55 | AD102: 0.455 | AE102: 6.286 | AF102: 0.026 | AG102: 37.453 | AH102: 22.023 | AJ102: 35.954 | AK102: 50.472 | AL102: 9.137 | AM102: 38.445 | AN102: 9.027 | AO102: 2.447 | AP102: 7.022 | AQ102: 1.286 | AR102: 6.477 | AS102: 1.18 | AT102: 2.952 | AU102: 0.36 | AV102: 2.157 | AW102: 0.324
A103: J018_6_100x | B103: 1965.216 | C103: 0.386 | D103: 65.4 | E103: 0.044 | F103: 3267.96 | G103: 0.024 | H103: 7.208 | I103: 4.745 | J103: 322.618 | K103: 3685.239 | L103: 0.589 | M103: 0.121 | N103: 340.88 | O103: 2.363 | P103: 2094.648 | Q103: 73.596 | R103: 0.025 | S103: 7.084 | T103: 0.052 | U103: 1.823 | V103: 3.782 | W103: 0.007 | X103: 1.027 | Y103: 0.439 | Z103: 0.084 | AA103: 3.315 | AB103: 62.024 | AC103: 1.343 | AD103: 0.265 | AE103: 3.235 | AF103: 0.007 | AG103: 2.718 | AH103: 9.414 | AJ103: 3.617 | AK103: 7.59 | AL103: 0.888 | AM103: 3.507 | AN103: 0.756 | AO103: 0.169 | AP103: 0.536 | AQ103: 0.104 | AR103: 0.559 | AS103: 0.108 | AT103: 0.289 | AU103: 0.041 | AV103: 0.259 | AW103: 0.038
A104: J019_6_100x | B104: 1081.952 | C104: 0.378 | D104: 18.289 | E104: 0.025 | F104: 764.405 | G104: 0.006 | H104: 1.24 | I104: 2.366 | J104: 3.001 | K104: 1527.944 | L104: 0.368 | M104: 0.091 | N104: 267.981 | O104: 1.137 | P104: 928.614 | Q104: 24.03 | R104: 0.011 | S104: 3.886 | T104: 0.012 | U104: 1.443 | V104: 2.528 | W104: 0.005 | X104: 0.204 | Y104: 0.014 | Z104: 0.144 | AA104: 2.739 | AB104: 28.554 | AC104: 2.233 | AD104: 0.455 | AE104: 1.336 | AF104: 0.004 | AG104: 4.051 | AH104: 5.361 | AJ104: 6.882 | AK104: 14.469 | AL104: 1.726 | AM104: 6.641 | AN104: 1.343 | AO104: 0.235 | AP104: 0.871 | AQ104: 0.157 | AR104: 0.808 | AS104: 0.154 | AT104: 0.419 | AU104: 0.058 | AV104: 0.363 | AW104: 0.053
A105: J024_6_100x | B105: 4692.188 | C105: 1.437 | D105: 53.31 | E105: 0.077 | F105: 1077.962 | G105: 0.084 | H105: 5.125 | I105: 15.316 | J105: 23.116 | K105: 7587.357 | L105: 1.454 | M105: 0.23 | N105: 661.323 | O105: 4.372 | P105: 4543.16 | Q105: 110.283 | R105: 0.137 | S105: 13.742 | T105: 0.06 | U105: 2.126 | V105: 6.118 | W105: 0.012 | X105: 1.37 | Y105: 0.442 | Z105: 0.044 | AA105: 2.569 | AB105: 81.255 | AC105: 1.595 | AD105: 0.298 | AE105: 15.182 | AF105: 0.006 | AG105: 3.12 | AH105: 24.312 | AJ105: 5.824 | AK105: 12.059 | AL105: 1.436 | AM105: 5.607 | AN105: 1.157 | AO105: 0.231 | AP105: 0.73 | AQ105: 0.128 | AR105: 0.649 | AS105: 0.119 | AT105: 0.32 | AU105: 0.043 | AV105: 0.269 | AW105: 0.041
A106: J028_6_100x | B106: 2274.07 | C106: 0.622 | D106: 81.927 | E106: 0.047 | F106: 848.853 | G106: 0.011 | H106: 2.207 | I106: 6.221 | J106: 5.291 | K106: 3185.187 | L106: 0.649 | M106: 0.119 | N106: 484.059 | O106: 2.576 | P106: 2173.057 | Q106: 43.009 | R106: 0.069 | S106: 6.862 | T106: 0.043 | U106: 1.527 | V106: 4.662 | W106: 0.011 | X106: 0.335 | Y106: 0.107 | Z106: 0.055 | AA106: 2.912 | AB106: 56.304 | AC106: 1.768 | AD106: 0.313 | AE106: 3.002 | AF106: 1.19 | AG106: 2.767 | AH106: 12.118 | AJ106: 5.574 | AK106: 12.059 | AL106: 1.374 | AM106: 5.357 | AN106: 1.091 | AO106: 0.215 | AP106: 0.691 | AQ106: 0.119 | AR106: 0.583 | AS106: 0.111 | AT106: 0.3 | AU106: 0.04 | AV106: 0.254 | AW106: 0.038
...

Sheet Podaci
A1: izraženo u μg/L
B2: Al | C2: As | D2: Ba | E2: Be | F2: Ca | G2: Cd | H2: Co | I2: Cr | J2: Cu | K2: Fe | L2: Ga | M2: Ge | N2: K | O2: Li | P2: Mg | Q2: Mn | R2: Mo | S2: Ni | T2: Nb | U2: Pb | V2: Rb | W2: Sb | X2: Sc | Y2: Se | Z2: Sn | AA2: Sr | AB2: Ti | AC2: Th | AD2: U | AE2: V | AF2: W | AG2: Y | AH2: Zn | AI2: La | AJ2: Ce | AK2: Pr | AL2: Nd | AM2: Sm | AN2: Eu | AO2: Gd | AP2: Tb | AQ2: Dy | AR2: Ho | AS2: Er | AT2: Tm | AU2: Yb | AV2: Lu | AX2: m (g)
A3: Blank_1_100x | B3: 0.411 | C3: <LOD | D3: 0.019 | E3: <LOD | F3: <LOD | G3: <LOD | H3: <LOD | I3: <LOD | J3: 0.013 | K3: 0.363 | L3: 0 | M3: 0.008 | N3: 81.388 | O3: <LOD | P3: 0.64 | Q3: 0.011 | R3: <LOD | S3: 0.032 | T3: 0 | U3: 0.01 | V3: 0.004 | W3: <LOD | X3: <LOD | Y3: <LOD | Z3: 0.009 | AA3: 0.008 | AB3: 0.019 | AC3: 0 | AD3: <LOD | AE3: <LOD | AF3: 0.001 | AG3: <LOD | AH3: 0.131 | AI3: 0 | AJ3: 0 | AK3: 0 | AL3: 0.001 | AM3: 0 | AN3: 0 | AO3: 0 | AP3: 0 | AQ3: 0 | AR3: 0 | AS3: 0 | AT3: 0 | AU3: 0 | AV3: 0 | AX3: 1
A4: J001_1_100x | B4: 1.219 | C4: 0.101 | D4: 0.101 | E4: <LOD | F4: <LOD | G4: <LOD | H4: 0.004 | I4: <LOD | J4: 0.04 | K4: 1.359 | L4: 0 | M4: 0 | N4: 65.435 | O4: <LOD | P4: 4.908 | Q4: 1.118 | R4: 0.014 | S4: 0.046 | T4: 0 | U4: 0.007 | V4: 0.007 | W4: <LOD | X4: <LOD | Y4: 0.014 | Z4: 0.008 | AA4: 0.038 | AB4: 0.009 | AC4: 0 | AD4: 0.007 | AE4: 0.057 | AF4: 0.001 | AG4: 0.005 | AH4: 0.201 | AI4: 0 | AJ4: 0 | AK4: 0.001 | AL4: 0.004 | AM4: 0.002 | AN4: 0 | AO4: 0.001 | AP4: 0 | AQ4: 0.001 | AR4: 0 | AS4: 0 | AT4: 0 | AU4: 0 | AV4: 0 | AX4: 0.5009
A5: J002_1_100x | B5: 0.563 | C5: 0.008 | D5: 0.074 | E5: <LOD | F5: <LOD | G5: <LOD | H5: <LOD | I5: <LOD | J5: 1.224 | K5: 2.349 | L5: 0 | M5: 0 | N5: 70.416 | O5: <LOD | P5: 6.63 | Q5: 0.096 | R5: 0.136 | S5: 0.031 | T5: 0 | U5: 0.009 | V5: 0.007 | W5: <LOD | X5: <LOD | Y5: 0.005 | Z5: 0.009 | AA5: 0.026 | AB5: 0.009 | AC5: 0 | AD5: <LOD | AE5: <LOD | AF5: 0.001 | AG5: 0.001 | AH5: 1.754 | AI5: 0 | AJ5: 0 | AK5: 0 | AL5: 0 | AM5: 0 | AN5: 0 | AO5: 0 | AP5: 0 | AQ5: 0 | AR5: 0 | AS5: 0 | AT5: 0 | AU5: 0 | AV5: 0 | AX5: 0.5197
A6: J003_1_100x | B6: <LOD | C6: 0.031 | D6: 0.04 | E6: <LOD | F6: <LOD | G6: <LOD | H6: <LOD | I6: <LOD | J6: 0.035 | K6: 0.256 | L6: 0 | M6: 0 | N6: 64.535 | O6: <LOD | P6: 3.083 | Q6: 0.241 | R6: 0.004 | S6: 0.027 | T6: 0 | U6: 0.006 | V6: 0.006 | W6: <LOD | X6: <LOD | Y6: 0.005 | Z6: 0.006 | AA6: 0.019 | AB6: <LOD | AC6: 0 | AD6: 0.003 | AE6: 0.023 | AF6: 0.001 | AG6: 0.001 | AH6: 0.029 | AI6: 0 | AJ6: 0 | AK6: 0 | AL6: 0.001 | AM6: 0 | AN6: 0 | AO6: 0 | AP6: 0 | AQ6: 0 | AR6: 0 | AS6: 0 | AT6: 0 | AU6: 0 | AV6: 0 | AX6: 0.5248
A7: J007_1_100x | B7: 0.283 | C7: 0.084 | D7: 0.11 | E7: <LOD | F7: <LOD | G7: 0.001 | H7: 0.002 | I7: <LOD | J7: 0.108 | K7: 0.533 | L7: 0 | M7: 0 | N7: 63.488 | O7: <LOD | P7: 4.883 | Q7: 0.809 | R7: 0.009 | S7: 0.034 | T7: 0 | U7: 0.012 | V7: 0.007 | W7: <LOD | X7: <LOD | Y7: 0.017 | Z7: 0.005 | AA7: 0.046 | AB7: 0.019 | AC7: 0 | AD7: 0.003 | AE7: 0.041 | AF7: 0.001 | AG7: 0.002 | AH7: <LOD | AI7: 0 | AJ7: 0 | AK7: 0 | AL7: 0.001 | AM7: 0 | AN7: 0 | AO7: 0 | AP7: 0 | AQ7: 0 | AR7: 0 | AS7: 0 | AT7: 0 | AU7: 0 | AV7: 0 | AX7: 0.5017
A8: J010_1_100x | B8: <LOD | C8: 0.019 | D8: 0.04 | E8: <LOD | F8: <LOD | G8: <LOD | H8: <LOD | I8: <LOD | J8: 0.001 | K8: 0.337 | L8: 0 | M8: 0 | N8: 15.45 | O8: <LOD | P8: 1.32 | Q8: 0.475 | R8: 0.003 | S8: 0.008 | T8: 0 | U8: 0.002 | V8: 0.003 | W8: <LOD | X8: <LOD | Y8: 0.006 | Z8: 0.001 | AA8: 0.016 | AB8: <LOD | AC8: 0 | AD8: 0.001 | AE8: 0.058 | AF8: 0 | AG8: 0.006 | AH8: <LOD | AI8: 0 | AJ8: 0.003 | AK8: 0.001 | AL8: 0.004 | AM8: 0.001 | AN8: 0 | AO8: 0.001 | AP8: 0 | AQ8: 0.001 | AR8: 0 | AS8: 0 | AT8: 0 | AU8: 0 | AV8: 0 | AX8: 0.51
A9: J016a_1_100x | B9: 0.402 | C9: 0.016 | D9: 0.139 | E9: <LOD | F9: <LOD | G9: <LOD | H9: <LOD | I9: <LOD | J9: 0.115 | K9: 0.391 | L9: 0 | M9: 0 | N9: 67.701 | O9: <LOD | P9: 8.213 | Q9: 0.139 | R9: 0.013 | S9: 0.029 | T9: 0 | U9: 0.006 | V9: 0.006 | W9: <LOD | X9: <LOD | Y9: 0.007 | Z9: 0.01 | AA9: 0.083 | AB9: 0.01 | AC9: 0 | AD9: 0.001 | AE9: 0.001 | AF9: 0.001 | AG9: 0.002 | AH9: <LOD | AI9: 0 | AJ9: 0 | AK9: 0 | AL9: 0.001 | AM9: 0.001 | AN9: 0 | AO9: 0 | AP9: 0 | AQ9: 0 | AR9: 0 | AS9: 0 | AT9: 0 | AU9: 0 | AV9: 0 | AX9: 0.5047
A10: J016b_1_100x | B10: 0.657 | C10: 0.025 | D10: 0.242 | E10: <LOD | F10: <LOD | G10: <LOD | H10: <LOD | I10: <LOD | J10: 0.143 | K10: 0.559 | L10: 0 | M10: 0.002 | N10: 67.638 | O10: <LOD | P10: 9.679 | Q10: 0.153 | R10: 0.017 | S10: 0.043 | T10: 0 | U10: 0.01 | V10: 0.005 | W10: <LOD | X10: <LOD | Y10: 0.01 | Z10: 0.009 | AA10: 0.105 | AB10: 0.027 | AC10: 0 | AD10: 0.001 | AE10: 0.001 | AF10: 0.001 | AG10: 0.003 | AH10: 0.827 | AI10: 0 | AJ10: 0 | AK10: 0 | AL10: 0.002 | AM10: 0.001 | AN10: 0 | AO10: 0 | AP10: 0 | AQ10: 0 | AR10: 0 | AS10: 0 | AT10: 0 | AU10: 0 | AV10: 0 | AX10: 0.5016
A11: J016c_1_100x | B11: 0.289 | C11: 0.017 | D11: 0.206 | E11: <LOD | F11: <LOD | G11: <LOD | H11: <LOD | I11: <LOD | J11: 0.126 | K11: 1.331 | L11: 0 | M11: 0 | N11: 66.56 | O11: <LOD | P11: 8.493 | Q11: 0.126 | R11: 0.014 | S11: 0.029 | T11: 0 | U11: 0.006 | V11: 0.006 | W11: <LOD | X11: <LOD | Y11: 0.008 | Z11: 0.004 | AA11: 0.091 | AB11: 0.003 | AC11: 0 | AD11: 0.001 | AE11: <LOD | AF11: 0.001 | AG11: 0.002 | AH11: <LOD | AI11: 0 | AJ11: 0 | AK11: 0 | AL11: 0.001 | AM11: 0.001 | AN11: 0 | AO11: 0 | AP11: 0 | AQ11: 0.001 | AR11: 0 | AS11: 0 | AT11: 0 | AU11: 0 | AV11: 0 | AX11: 0.513
A12: J018_1_100x | B12: 0.253 | C12: 0.004 | D12: 0.017 | E12: <LOD | F12: <LOD | G12: <LOD | H12: <LOD | I12: <LOD | J12: 0.033 | K12: 0.24 | L12: 0 | M12: 0.001 | N12: 62.584 | O12: <LOD | P12: 0.691 | Q12: 0.019 | R12: <LOD | S12: 0.019 | T12: 0 | U12: 0.008 | V12: 0.004 | W12: <LOD | X12: <LOD | Y12: <LOD | Z12: 0.005 | AA12: 0.011 | AB12: 0.002 | AC12: 0 | AD12: <LOD | AE12: <LOD | AF12: 0 | AG12: <LOD | AH12: <LOD | AI12: 0 | AJ12: 0 | AK12: 0 | AL12: 0 | AM12: 0 | AN12: 0 | AO12: 0 | AP12: 0 | AQ12: 0 | AR12: 0 | AS12: 0 | AT12: 0 | AU12: 0 | AV12: 0 | AX12: 0.5201
A13: J019_1_100x | B13: <LOD | C13: 0.001 | D13: 0.023 | E13: <LOD | F13: <LOD | G13: <LOD | H13: <LOD | I13: <LOD | J13: 0.006 | K13: 0.287 | L13: 0 | M13: 0.001 | N13: 63.644 | O13: <LOD | P13: 0.607 | Q13: 0.143 | R13: <LOD | S13: 0.019 | T13: 0 | U13: 0.006 | V13: 0.004 | W13: <LOD | X13: <LOD | Y13: 0.001 | Z13: 0.003 | AA13: 0.009 | AB13: <LOD | AC13: 0 | AD13: <LOD | AE13: <LOD | AF13: 0 | AG13: <LOD | AH13: <LOD | AI13: 0 | AJ13: 0 | AK13: 0 | AL13: 0 | AM13: 0 | AN13: 0 | AO13: 0 | AP13: 0 | AQ13: 0 | AR13: 0 | AS13: 0 | AT13: 0 | AU13: 0 | AV13: 0 | AX13: 0.5287
A14: J024_1_100x | B14: 0.166 | C14: 0.077 | D14: 0.069 | E14: <LOD | F14: <LOD | G14: <LOD | H14: 0.002 | I14: <LOD | J14: 0.085 | K14: 0.372 | L14: 0 | M14: 0 | N14: 66.918 | O14: <LOD | P14: 3.794 | Q14: 1.486 | R14: 0.009 | S14: 0.036 | T14: 0 | U14: 0.006 | V14: 0.009 | W14: 0.001 | X14: <LOD | Y14: 0.019 | Z14: 0.005 | AA14: 0.03 | AB14: <LOD | AC14: 0 | AD14: 0.001 | AE14: 0.164 | AF14: 0.001 | AG14: 0.001 | AH14: 0.015 | AI14: 0 | AJ14: 0 | AK14: 0 | AL14: 0.001 | AM14: 0 | AN14: 0 | AO14: 0 | AP14: 0 | AQ14: 0 | AR14: 0 | AS14: 0 | AT14: 0 | AU14: 0 | AV14: 0 | AX14: 0.5213
A15: J028_1_100x | B15: 0.721 | C15: 0.021 | D15: 0.117 | E15: <LOD | F15: <LOD | G15: <LOD | H15: <LOD | I15: 0.068 | J15: 0.026 | K15: 0.399 | L15: 0 | M15: 0 | N15: 62.474 | O15: <LOD | P15: 4.156 | Q15: 0.928 | R15: 0.007 | S15: 0.024 | T15: 0 | U15: 0.006 | V15: 0.005 | W15: <LOD | X15: <LOD | Y15: 0.007 | Z15: 0.005 | AA15: 0.055 | AB15: <LOD | AC15: 0 | AD15: 0.001 | AE15: 0.031 | AF15: 0.006 | AG15: 0.001 | AH15: <LOD | AI15: 0 | AJ15: 0 | AK15: 0 | AL15: 0.001 | AM15: 0 | AN15: 0 | AO15: 0 | AP15: 0 | AQ15: 0 | AR15: 0 | AS15: 0 | AT15: 0 | AU15: 0 | AV15: 0 | AX15: 0.5119
A16: J033_1_100x | B16: 0.055 | C16: 0.077 | D16: 0.1 | E16: <LOD | F16: <LOD | G16: 0.001 | H16: 0.003 | I16: 0.043 | J16: 0.085 | K16: 0.471 | L16: 0 | M16: 0 | N16: 65.53 | O16: <LOD | P16: 3.418 | Q16: 1.723 | R16: 0.014 | S16: 0.039 | T16: 0 | U16: 0.007 | V16: 0.009 | W16: 0.001 | X16: <LOD | Y16: 0.023 | Z16: 0.004 | AA16: 0.033 | AB16: 0.01 | AC16: 0 | AD16: 0.002 | AE16: 0.236 | AF16: 0.001 | AG16: 0.001 | AH16: 0.007 | AI16: 0 | AJ16: 0 | AK16: 0 | AL16: 0.001 | AM16: 0 | AN16: 0 | AO16: 0 | AP16: 0 | AQ16: 0 | AR16: 0 | AS16: 0 | AT16: 0 | AU16: 0 | AV16: 0 | AX16: 0.5326
A17: J039_1_100x | B17: 0.843 | C17: 0.011 | D17: 0.182 | E17: <LOD | F17: <LOD | G17: <LOD | H17: 0.001 | I17: <LOD | J17: 0.302 | K17: 0.456 | L17: 0 | M17: 0 | N17: 64.51 | O17: <LOD | P17: 4.296 | Q17: 1.104 | R17: 0.005 | S17: 0.039 | T17: 0 | U17: 0.008 | V17: 0.006 | W17: <LOD | X17: <LOD | Y17: 0.015 | Z17: 0.007 | AA17: 0.049 | AB17: <LOD | AC17: 0 | AD17: 0.001 | AE17: 0.063 | AF17: 0.002 | AG17: 0.002 | AH17: 0.22 | AI17: 0 | AJ17: 0 | AK17: 0 | AL17: 0.001 | AM17: 0 | AN17: 0 | AO17: 0 | AP17: 0 | AQ17: 0 | AR17: 0 | AS17: 0 | AT17: 0 | AU17: 0 | AV17: 0 | AX17: 0.5147
A18: J041_1_100x | B18: 0.334 | C18: 0.012 | D18: 0.219 | E18: <LOD | F18: <LOD | G18: <LOD | H18: 0.002 | I18: <LOD | J18: 0.274 | K18: 0.592 | L18: 0 | M18: 0 | N18: 66.169 | O18: <LOD | P18: 8.253 | Q18: 1.999 | R18: 0.021 | S18: 0.042 | T18: 0 | U18: 0.006 | V18: 0.009 | W18: <LOD | X18: <LOD | Y18: 0.016 | Z18: 0.002 | AA18: 0.096 | AB18: <LOD | AC18: 0 | AD18: 0.002 | AE18: 0.003 | AF18: 0.002 | AG18: 0.003 | AH18: <LOD | AI18: 0 | AJ18: 0 | AK18: 0 | AL18: 0.002 | AM18: 0 | AN18: 0 | AO18: 0.001 | AP18: 0 | AQ18: 0 | AR18: 0 | AS18: 0 | AT18: 0 | AU18: 0 | AV18: 0 | AX18: 0.5234
A19: J043_1_100x | B19: 1.634 | C19: 0.008 | D19: 0.058 | E19: <LOD | F19: <LOD | G19: <LOD | H19: <LOD | I19: 0.008 | J19: 0.066 | K19: 0.361 | L19: 0 | M19: 0 | N19: 65.192 | O19: <LOD | P19: 2.366 | Q19: 0.079 | R19: 0.002 | S19: 0.038 | T19: 0 | U19: 0.017 | V19: 0.004 | W19: <LOD | X19: <LOD | Y19: 0.002 | Z19: 0.008 | AA19: 0.029 | AB19: 0.1 | AC19: 0 | AD19: 0.003 | AE19: 0.005 | AF19: 0.001 | AG19: 0.002 | AH19: 0.868 | AI19: 0 | AJ19: 0 | AK19: 0.001 | AL19: 0.002 | AM19: 0 | AN19: 0 | AO19: 0 | AP19: 0 | AQ19: 0 | AR19: 0 | AS19: 0 | AT19: 0 | AU19: 0 | AV19: 0 | AX19: 0.5373
A21: Blank_2_100x | B21: 1.539 | C21: 0.004 | D21: 0.057 | E21: <LOD | F21: <LOD | G21: <LOD | H21: <LOD | I21: 0.005 | J21: 0.253 | K21: 1.161 | L21: 0 | M21: 0 | N21: 32.203 | O21: <LOD | P21: 1.111 | Q21: 0.026 | R21: 0.001 | S21: 0.135 | T21: 0 | U21: 0.166 | V21: 0.004 | W21: <LOD | X21: 0.006 | Y21: <LOD | Z21: 0.011 | AA21: 0.011 | AB21: 0.134 | AC21: 0 | AD21: <LOD | AE21: <LOD | AF21: 0 | AG21: <LOD | AH21: 1.918 | AI21: 0 | AJ21: 0 | AK21: 0 | AL21: 0 | AM21: 0 | AN21: 0 | AO21: 0 | AP21: 0 | AQ21: 0 | AR21: 0 | AS21: 0 | AT21: 0 | AU21: 0 | AV21: 0 | AX21: 1
A22: J001_2_100x | B22: 17.837 | C22: 0.376 | D22: 37.817 | E22: 0.016 | F22: 430.831 | G22: 0.016 | H22: 0.297 | I22: 0.042 | J22: 0.605 | K22: 69.38 | L22: 0.003 | M22: 0.007 | N22: 49.783 | O22: <LOD | P22: 107.653 | Q22: 63.83 | R22: 0.005 | S22: 0.54 | T22: 0 | U22: 0.411 | V22: 0.071 | W22: <LOD | X22: 0.006 | Y22: 0.019 | Z22: 0.017 | AA22: 1.923 | AB22: 0.22 | AC22: 0.003 | AD22: 1.033 | AE22: 0.063 | AF22: 0.001 | AG22: 0.158 | AH22: 3.214 | AI22: 0.033 | AJ22: 0.097 | AK22: 0.024 | AL22: 0.128 | AM22: 0.033 | AN22: 0.02 | AO22: 0.031 | AP22: 0.006 | AQ22: 0.026 | AR22: 0.005 | AS22: 0.013 | AT22: 0.001 | AU22: 0.008 | AV22: 0.001 | AX22: 0.5009
A23: J002_2_100x | B23: 15.531 | C23: 0.036 | D23: 29.192 | E23: 0.006 | F23: 606.024 | G23: 0.023 | H23: 0.046 | I23: 0.065 | J23: 1689.476 | K23: 74.437 | L23: 0.002 | M23: 0.004 | N23: 32.677 | O23: 0.006 | P23: 139.046 | Q23: 50.248 | R23: 0.014 | S23: 0.252 | T23: 0 | U23: 0.307 | V23: 0.029 | W23: 0.002 | X23: 0.048 | Y23: 0.017 | Z23: 0.018 | AA23: 0.808 | AB23: 0.009 | AC23: 0.008 | AD23: 0.14 | AE23: <LOD | AF23: 0.001 | AG23: 0.511 | AH23: 1.916 | AI23: 0.049 | AJ23: 0.068 | AK23: 0.024 | AL23: 0.115 | AM23: 0.046 | AN23: 0.027 | AO23: 0.056 | AP23: 0.013 | AQ23: 0.083 | AR23: 0.016 | AS23: 0.04 | AT23: 0.005 | AU23: 0.029 | AV23: 0.004 | AX23: 0.5197
A24: J003_2_100x | B24: 9.777 | C24: 0.061 | D24: 27.768 | E24: 0.01 | F24: 388.946 | G24: 0.008 | H24: 0.089 | I24: 0.016 | J24: 0.632 | K24: 1.196 | L24: 0.001 | M24: 0 | N24: 35.318 | O24: <LOD | P24: 88.273 | Q24: 22.236 | R24: <LOD | S24: 0.309 | T24: 0 | U24: 0.143 | V24: 0.087 | W24: <LOD | X24: 0.008 | Y24: 0.003 | Z24: 0.008 | AA24: 1.145 | AB24: 0.002 | AC24: 0.002 | AD24: 0.596 | AE24: 0.007 | AF24: 0.001 | AG24: 0.075 | AH24: 0.429 | AI24: 0 | AJ24: 0.036 | AK24: 0.008 | AL24: 0.04 | AM24: 0.014 | AN24: 0.011 | AO24: 0.013 | AP24: 0.002 | AQ24: 0.012 | AR24: 0.002 | AS24: 0.005 | AT24: 0.001 | AU24: 0.003 | AV24: 0.001 | AX24: 0.5248
A25: J007_2_100x | B25: 8.108 | C25: 0.164 | D25: 37.302 | E25: 0.009 | F25: 489.238 | G25: 0.031 | H25: 0.212 | I25: 0.042 | J25: 1.351 | K25: 2.701 | L25: 0.001 | M25: 0 | N25: 41.703 | O25: 0.001 | P25: 112.623 | Q25: 59.326 | R25: <LOD | S25: 0.538 | T25: 0 | U25: 0.447 | V25: 0.107 | W25: <LOD | X25: 0.007 | Y25: 0.012 | Z25: 0.009 | AA25: 2.185 | AB25: 0.02 | AC25: 0.002 | AD25: 0.615 | AE25: 0.013 | AF25: 0.001 | AG25: 0.067 | AH25: 1.552 | AI25: 0 | AJ25: 0.042 | AK25: 0.01 | AL25: 0.052 | AM25: 0.014 | AN25: 0.014 | AO25: 0.014 | AP25: 0.002 | AQ25: 0.012 | AR25: 0.002 | AS25: 0.005 | AT25: 0.001 | AU25: 0.003 | AV25: 0 | AX25: 0.5017
A26: J0010_2_100x | B26: 7.935 | C26: 0.061 | D26: 12.688 | E26: 0.004 | F26: 300.463 | G26: 0.013 | H26: 0.125 | I26: 0.021 | J26: 0.456 | K26: 4.028 | L26: 0.001 | M26: 0 | N26: 38.438 | O26: <LOD | P26: 50.149 | Q26: 36.804 | R26: 0.001 | S26: 0.251 | T26: 0 | U26: 0.325 | V26: 0.044 | W26: <LOD | X26: 0.004 | Y26: 0.008 | Z26: 0.009 | AA26: 0.964 | AB26: 0.072 | AC26: 0.002 | AD26: 0.211 | AE26: 0.034 | AF26: 0 | AG26: 0.03 | AH26: 0.659 | AI26: 0 | AJ26: 0.02 | AK26: 0.004 | AL26: 0.023 | AM26: 0.006 | AN26: 0.005 | AO26: 0.006 | AP26: 0.001 | AQ26: 0.006 | AR26: 0.001 | AS26: 0.002 | AT26: 0 | AU26: 0.002 | AV26: 0 | AX26: 0.51
A27: J0016a_2_100x | B27: 23.075 | C27: 0.056 | D27: 103.167 | E27: 0.015 | F27: 2213.549 | G27: 0.046 | H27: 0.03 | I27: 0.039 | J27: 1.326 | K27: 3.298 | L27: 0.006 | M27: 0.006 | N27: 43.021 | O27: 0.023 | P27: 303.574 | Q27: 239.259 | R27: 0.001 | S27: 0.639 | T27: 0 | U27: 0.023 | V27: 0.014 | W27: <LOD | X27: 0.021 | Y27: 0.019 | Z27: 0.015 | AA27: 8.036 | AB27: 0.012 | AC27: 0.005 | AD27: 0.64 | AE27: 0.004 | AF27: 0.001 | AG27: 0.392 | AH27: 4.68 | AI27: 0.211 | AJ27: 0.218 | AK27: 0.053 | AL27: 0.247 | AM27: 0.066 | AN27: 0.047 | AO27: 0.064 | AP27: 0.011 | AQ27: 0.055 | AR27: 0.01 | AS27: 0.022 | AT27: 0.002 | AU27: 0.015 | AV27: 0.002 | AX27: 0.5047
A28: J0016b_2_100x | B28: 16.113 | C28: 0.071 | D28: 96.446 | E28: 0.011 | F28: 2167.765 | G28: 0.041 | H28: 0.036 | I28: 0.021 | J28: 1.422 | K28: 2.3 | L28: 0.005 | M28: 0.004 | N28: 42.802 | O28: 0.018 | P28: 288.968 | Q28: 162.717 | R28: <LOD | S28: 0.456 | T28: 0 | U28: 0.023 | V28: 0.017 | W28: <LOD | X28: 0.019 | Y28: 0.014 | Z28: 0.01 | AA28: 8.087 | AB28: <LOD | AC28: 0.004 | AD28: 0.513 | AE28: 0.003 | AF28: 0.001 | AG28: 0.347 | AH28: 3.161 | AI28: 0.186 | AJ28: 0.193 | AK28: 0.047 | AL28: 0.221 | AM28: 0.063 | AN28: 0.042 | AO28: 0.059 | AP28: 0.009 | AQ28: 0.049 | AR28: 0.009 | AS28: 0.021 | AT28: 0.003 | AU28: 0.015 | AV28: 0.002 | AX28: 0.5016
A29: J016c_2_100x | B29: 13.242 | C29: 0.069 | D29: 99.969 | E29: 0.009 | F29: 2192.937 | G29: 0.039 | H29: 0.029 | I29: 0.028 | J29: 1.333 | K29: 1.973 | L29: 0.002 | M29: 0 | N29: 28.903 | O29: 0.009 | P29: 254.515 | Q29: 151.997 | R29: <LOD | S29: 0.455 | T29: 0 | U29: 0.027 | V29: 0.018 | W29: <LOD | X29: 0.014 | Y29: 0.015 | Z29: 0.011 | AA29: 7.964 | AB29: <LOD | AC29: 0.005 | AD29: 0.006 | AE29: 0.003 | AF29: 0.002 | AG29: 0.358 | AH29: 3.306 | AI29: 0.193 | AJ29: 0.202 | AK29: 0.05 | AL29: 0.234 | AM29: 0.065 | AN29: 0.039 | AO29: 0.061 | AP29: 0.01 | AQ29: 0.051 | AR29: 7.2 | AS29: 0.021 | AT29: 0.002 | AU29: 0.013 | AV29: 0.002 | AX29: 0.513
A30: J018_2_100x | B30: 18.138 | C30: 0.021 | D30: 4.236 | E30: 0.004 | F30: 443.06 | G30: 0.008 | H30: 0.024 | I30: 0.047 | J30: 2.98 | K30: 23.294 | L30: 0.002 | M30: 0 | N30: 20.392 | O30: <LOD | P30: 31.063 | Q30: 8.13 | R30: 0.003 | S30: 0.117 | T30: 0 | U30: 0.168 | V30: 0.021 | W30: <LOD | X30: 0.02 | Y30: 0.002 | Z30: 0.014 | AA30: 0.463 | AB30: 0.281 | AC30: 0.005 | AD30: 0.006 | AE30: 0.019 | AF30: 0.001 | AG30: 0.074 | AH30: 0.981 | AI30: 0.017 | AJ30: 0.06 | AK30: 0.012 | AL30: 0.05 | AM30: 0.013 | AN30: 0.005 | AO30: 0.011 | AP30: 0.002 | AQ30: 0.012 | AR30: 11.5 | AS30: 0.007 | AT30: 0.001 | AU30: 0.004 | AV30: 0.001 | AX30: 0.5201
A31: J019_2_100x | B31: 4.947 | C31: 0.007 | D31: 4.305 | E31: 0.002 | F31: 52.163 | G31: 0.002 | H31: 0.009 | I31: 0.019 | J31: 0.395 | K31: 3.437 | L31: 0.002 | M31: 0 | N31: 19.381 | O31: <LOD | P31: 6.335 | Q31: 6.463 | R31: <LOD | S31: 0.03 | T31: 0 | U31: 0.179 | V31: 0.016 | W31: <LOD | X31: <LOD | Y31: 0.001 | Z31: 0.016 | AA31: 0.131 | AB31: 0.016 | AC31: 0.008 | AD31: 0.008 | AE31: 0.002 | AF31: 0 | AG31: 0.035 | AH31: 0.393 | AI31: 0 | AJ31: 0.109 | AK31: 0.007 | AL31: 0.027 | AM31: 0.006 | AN31: 0.002 | AO31: 0.006 | AP31: 0.001 | AQ31: 0.006 | AR31: 10.1 | AS31: 0.003 | AT31: 0 | AU31: 0.002 | AV31: 0 | AX31: 0.5287
A32: J024_2_100x | B32: 13.687 | C32: 0.285 | D32: 17.599 | E32: 0.005 | F32: 436.191 | G32: 0.102 | H32: 0.27 | I32: 0.068 | J32: 1.678 | K32: 3.157 | L32: 0.002 | M32: 0 | N32: 32.84 | O32: <LOD | P32: 47.973 | Q32: 97.414 | R32: <LOD | S32: 0.876 | T32: 0 | U32: 0.561 | V32: 0.059 | W32: 0.006 | X32: 0.011 | Y32: 0.018 | Z32: 0.012 | AA32: 0.821 | AB32: 0.048 | AC32: 0.007 | AD32: 0.007 | AE32: 0.053 | AF32: 0.001 | AG32: 0.11 | AH32: 2.035 | AI32: 0.028 | AJ32: 0.124 | AK32: 0.016 | AL32: 0.079 | AM32: 0.021 | AN32: 0.009 | AO32: 0.02 | AP32: 0.004 | AQ32: 0.021 | AR32: 9 | AS32: 0.01 | AT32: 0.001 | AU32: 0.007 | AV32: 0.001 | AX32: 0.5213
A33: J028_2_100x | B33: 11.468 | C33: 0.075 | D33: 26.366 | E33: 0.003 | F33: 359.588 | G33: 0.014 | H33: 0.094 | I33: 0.045 | J33: 0.607 | K33: 1.944 | L33: 0.002 | M33: 0 | N33: 23.037 | O33: <LOD | P33: 54.534 | Q33: 62.026 | R33: <LOD | S33: 0.225 | T33: 0 | U33: 0.299 | V33: 0.025 | W33: <LOD | X33: 0.002 | Y33: 0.008 | Z33: 0.01 | AA33: 1.639 | AB33: 0.015 | AC33: 0.009 | AD33: 0.008 | AE33: 0.01 | AF33: 0.001 | AG33: 0.09 | AH33: 1.14 | AI33: 0.016 | AJ33: 0.128 | AK33: 0.012 | AL33: 0.056 | AM33: 0.015 | AN33: 0.009 | AO33: 0.015 | AP33: 0.003 | AQ33: 0.017 | AR33: 16.7 | AS33: 0.008 | AT33: 0.001 | AU33: 0.006 | AV33: 0.001 | AX33: 0.5119
A34: J033_2_100x | B34: 11.747 | C34: 0.207 | D34: 17.285 | E34: 0.003 | F34: 468.932 | G34: 0.115 | H34: 0.269 | I34: 0.069 | J34: 2.719 | K34: 3.84 | L34: 0.002 | M34: 0 | N34: 31.925 | O34: <LOD | P34: 41.865 | Q34: 104.569 | R34: 0.001 | S34: 0.959 | T34: 0 | U34: 0.489 | V34: 0.052 | W34: 0.006 | X34: 0.007 | Y34: 0.022 | Z34: 0.009 | AA34: 0.938 | AB34: 0.038 | AC34: 0.006 | AD34: 0.006 | AE34: 0.061 | AF34: 0.001 | AG34: 0.085 | AH34: 2.022 | AI34: 0.017 | AJ34: 0.094 | AK34: 0.012 | AL34: 0.06 | AM34: 0.02 | AN34: 0.008 | AO34: 0.017 | AP34: 0.003 | AQ34: 0.016 | AR34: 4.3 | AS34: 0.008 | AT34: 0.001 | AU34: 0.005 | AV34: 0.001 | AX34: 0.5326
A35: J039_2_100x | B35: 17.379 | C35: 0.059 | D35: 27.974 | E35: 0.004 | F35: 843.267 | G35: 0.056 | H35: 0.361 | I35: 0.057 | J35: 21.57 | K35: 3.823 | L35: 0.003 | M35: 0 | N35: 23.755 | O35: <LOD | P35: 61.998 | Q35: 106.049 | R35: <LOD | S35: 0.719 | T35: 0 | U35: 0.176 | V35: 0.043 | W35: <LOD | X35: 0.014 | Y35: 0.018 | Z35: 0.006 | AA35: 1.9 | AB35: 0.076 | AC35: 0.012 | AD35: 0.013 | AE35: 0.035 | AF35: 0.002 | AG35: 0.147 | AH35: 2.467 | AI35: 0.055 | AJ35: 0.206 | AK35: 0.021 | AL35: 0.094 | AM35: 0.023 | AN35: 0.013 | AO35: 0.021 | AP35: 0.004 | AQ35: 0.023 | AR35: 7.7 | AS35: 0.013 | AT35: 0.002 | AU35: 0.011 | AV35: 0.002 | AX35: 0.5147
A36: J041_2_100x | B36: 25.073 | C36: 0.055 | D36: 61.554 | E36: 0.008 | F36: 1931.105 | G36: 0.078 | H36: 0.336 | I36: 0.067 | J36: 4.843 | K36: 12.244 | L36: 0.004 | M36: 0 | N36: 28.742 | O36: 0.001 | P36: 154.443 | Q36: 246.964 | R36: 0.002 | S36: 1.317 | T36: 0 | U36: 0.039 | V36: 0.044 | W36: <LOD | X36: 0.013 | Y36: 0.022 | Z36: 0.011 | AA36: 5.684 | AB36: 0.071 | AC36: 0.01 | AD36: 0.01 | AE36: 0.01 | AF36: 0.002 | AG36: 0.18 | AH36: 6.272 | AI36: 0.077 | AJ36: 0.112 | AK36: 0.025 | AL36: 0.11 | AM36: 0.029 | AN36: 0.019 | AO36: 0.026 | AP36: 0.005 | AQ36: 0.028 | AR36: 1.8 | AS36: 0.014 | AT36: 0.002 | AU36: 0.011 | AV36: 0.002 | AX36: 0.5234
A37: J043_2_100x | B37: 16.815 | C37: 0.027 | D37: 20.404 | E37: 0.008 | F37: 1182.27 | G37: 0.005 | H37: 0.035 | I37: 0.049 | J37: 1.542 | K37: 0.739 | L37: 0.005 | M37: 0 | N37: 21.285 | O37: <LOD | P37: 71.972 | Q37: 12.468 | R37: 0.001 | S37: 0.117 | T37: 0 | U37: 0.076 | V37: 0.021 | W37: <LOD | X37: 0.007 | Y37: 0.006 | Z37: 0.01 | AA37: 2.873 | AB37: <LOD | AC37: 0.008 | AD37: 0.008 | AE37: 0.003 | AF37: 0.001 | AG37: 0.111 | AH37: 0.468 | AI37: 0.135 | AJ37: 0.024 | AK37: 0.034 | AL37: 0.135 | AM37: 0.028 | AN37: 0.01 | AO37: 0.021 | AP37: 0.003 | AQ37: 0.017 | AR37: 10.9 | AS37: 0.008 | AT37: 0.001 | AU37: 0.006 | AV37: 0.001 | AX37: 0.5373
A39: Blank_3_100x | B39: 0.217 | C39: 0.003 | D39: 0.029 | E39: <LOD | F39: <LOD | G39: 0.001 | H39: <LOD | I39: <LOD | J39: 0.345 | K39: 0.244 | L39: 0 | M39: 0 | N39: 24.922 | O39: <LOD | P39: 5.164 | Q39: 0.034 | R39: <LOD | S39: 0.012 | T39: 0 | U39: 0.01 | V39: 0.004 | W39: <LOD | X39: <LOD | Y39: 0.002 | Z39: 0.011 | AA39: 0.041 | AB39: <LOD | AC39: 0.002 | AD39: 0.002 | AE39: <LOD | AF39: 0 | AG39: <LOD | AH39: 0.396 | AI39: 0 | AJ39: 0 | AK39: 0 | AL39: 0 | AM39: 0 | AN39: 0 | AO39: 0 | AP39: 0 | AQ39: 0 | AR39: 21.6 | AS39: 0 | AT39: 0 | AU39: 0 | AV39: 0 | AX39: 1
A40: J001_3_100x | B40: 318.701 | C40: 4.962 | D40: 11.583 | E40: 0.037 | F40: 41.131 | G40: 0.007 | H40: 0.339 | I40: 0.557 | J40: 2.548 | K40: 1006.763 | L40: 0.063 | M40: 0.014 | N40: 21.574 | O40: <LOD | P40: 10.245 | Q40: 25.444 | R40: 0.108 | S40: 0.544 | T40: 0.016 | U40: 0.774 | V40: 0.015 | W40: 0.012 | X40: 0.204 | Y40: 0.054 | Z40: 0.019 | AA40: 0.385 | AB40: 6.71 | AC40: 0.252 | AD40: 0.257 | AE40: 1.171 | AF40: 0.018 | AG40: 1.384 | AH40: 1.816 | AI40: 0.305 | AJ40: 0.681 | AK40: 0.148 | AL40: 0.686 | AM40: 0.198 | AN40: 0.054 | AO40: 0.164 | AP40: 0.038 | AQ40: 0.225 | AR40: 1.4 | AS40: 0.136 | AT40: 0.017 | AU40: 0.112 | AV40: 0.017 | AX40: 0.5009
A41: J002_3_100x | B41: 140.159 | C41: 6.157 | D41: 33.958 | E41: 0.024 | F41: 456.659 | G41: 0.021 | H41: 2.11 | I41: 0.412 | J41: 572.384 | K41: 3866.575 | L41: 0.072 | M41: 0.106 | N41: 17.936 | O41: 0.034 | P41: 981.73 | Q41: 1347.308 | R41: 6.635 | S41: 1.132 | T41: 0.01 | U41: 1.056 | V41: 0.02 | W41: 0.178 | X41: 0.452 | Y41: 0.306 | Z41: 0.066 | AA41: 0.387 | AB41: 4.442 | AC41: 0.129 | AD41: 0.132 | AE41: 1.036 | AF41: 0.015 | AG41: 1.235 | AH41: 3.604 | AI41: 0.107 | AJ41: 0.306 | AK41: 0.039 | AL41: 0.169 | AM41: 0.062 | AN41: 0.032 | AO41: 0.078 | AP41: 0.025 | AQ41: 0.186 | AR41: 2.8 | AS41: 0.114 | AT41: 0.017 | AU41: 0.111 | AV41: 0.016 | AX41: 0.5197
A42: J003_3_100x | B42: 201.439 | C42: 1.471 | D42: 6.391 | E42: 0.03 | F42: 63.851 | G42: 0.003 | H42: 0.124 | I42: 0.337 | J42: 6.92 | K42: 285.512 | L42: 0.038 | M42: 0.002 | N42: 19.913 | O42: 0.003 | P42: 12.878 | Q42: 19.522 | R42: 0.088 | S42: 0.449 | T42: 0.008 | U42: 0.267 | V42: 0.012 | W42: 0.008 | X42: 0.107 | Y42: 0.016 | Z42: 0.013 | AA42: 0.214 | AB42: 3.362 | AC42: 0.167 | AD42: 0.171 | AE42: 0.306 | AF42: 0.015 | AG42: 1.197 | AH42: 1.139 | AI42: 0.22 | AJ42: 0.468 | AK42: 0.093 | AL42: 0.444 | AM42: 0.138 | AN42: 0.039 | AO42: 0.125 | AP42: 0.032 | AQ42: 0.191 | AR42: 2.6 | AS42: 0.112 | AT42: 0.015 | AU42: 0.092 | AV42: 0.014 | AX42: 0.5248
A43: J007_3_100x | B43: 337.22 | C43: 3.174 | D43: 12.269 | E43: 0.036 | F43: 88.313 | G43: 0.014 | H43: 0.488 | I43: 0.548 | J43: 8.894 | K43: 600.289 | L43: 0.049 | M43: 0.018 | N43: 21.466 | O43: 0.001 | P43: 13.116 | Q43: 53.815 | R43: 0.074 | S43: 0.954 | T43: 0.015 | U43: 1.667 | V43: 0.018 | W43: 0.013 | X43: 0.197 | Y43: 0.029 | Z43: 0.036 | AA43: 0.476 | AB43: 6.421 | AC43: 0.239 | AD43: 0.25 | AE43: 0.695 | AF43: 0.022 | AG43: 1.827 | AH43: 2.88 | AI43: 0.39 | AJ43: 0.857 | AK43: 0.166 | AL43: 0.814 | AM43: 0.235 | AN43: 0.069 | AO43: 0.21 | AP43: 0.048 | AQ43: 0.292 | AR43: 1.3 | AS43: 0.171 | AT43: 0.023 | AU43: 0.145 | AV43: 0.022 | AX43: 0.5017
A44: J010_3_100x | B44: 133.814 | C44: 0.634 | D44: 2.523 | E44: 0.009 | F44: 33.392 | G44: 0.004 | H44: 0.141 | I44: 0.278 | J44: 1.375 | K44: 226.07 | L44: 0.05 | M44: 0.001 | N44: 18.412 | O44: <LOD | P44: 4.412 | Q44: 16.205 | R44: 0.028 | S44: 0.248 | T44: 0.009 | U44: 0.432 | V44: 0.006 | W44: 0.003 | X44: 0.057 | Y44: 0.015 | Z44: 0.027 | AA44: 0.158 | AB44: 4.017 | AC44: 0.084 | AD44: 0.085 | AE44: 0.503 | AF44: 0.005 | AG44: 0.423 | AH44: 0.63 | AI44: 0.035 | AJ44: 0.173 | AK44: 0.029 | AL44: 0.149 | AM44: 0.041 | AN44: 0.014 | AO44: 0.043 | AP44: 0.011 | AQ44: 0.074 | AR44: 2.4 | AS44: 0.043 | AT44: 0.006 | AU44: 0.036 | AV44: 0.005 | AX44: 0.51
A45: J016a_3_100x | B45: 1382.941 | C45: 7.176 | D45: 93.509 | E45: 0.092 | F45: 321.568 | G45: 0.03 | H45: 3 | I45: 1.125 | J45: 23.853 | K45: 3495.531 | L45: 0.172 | M45: 0.155 | N45: 19.382 | O45: 0.056 | P45: 145.278 | Q45: 2237.527 | R45: 0.568 | S45: 6.018 | T45: 0.026 | U45: 0.194 | V45: 0.01 | W45: 0.041 | X45: 0.609 | Y45: 0.113 | Z45: 0.019 | AA45: 1.623 | AB45: 10.232 | AC45: 0.321 | AD45: 0.327 | AE45: 2.014 | AF45: 0.021 | AG45: 2.345 | AH45: 19.517 | AI45: 0.457 | AJ45: 1.036 | AK45: 0.085 | AL45: 0.312 | AM45: 0.085 | AN45: 0.043 | AO45: 0.09 | AP45: 0.03 | AQ45: 0.228 | AR45: 3.1 | AS45: 0.153 | AT45: 0.023 | AU45: 0.148 | AV45: 0.022 | AX45: 0.5047
A46: J016b_3_100x | B46: 1293.734 | C46: 6.551 | D46: 94.338 | E46: 0.09 | F46: 246.047 | G46: 0.031 | H46: 2.791 | I46: 1.041 | J46: 22.863 | K46: 3206.068 | L46: 0.121 | M46: 0.122 | N46: 19.611 | O46: 0.048 | P46: 121.103 | Q46: 2152.978 | R46: 0.523 | S46: 5.829 | T46: 0.023 | U46: 0.084 | V46: 0.006 | W46: 0.039 | X46: 0.589 | Y46: 0.107 | Z46: 0.022 | AA46: 1.704 | AB46: 9.401 | AC46: 0.247 | AD46: 0.253 | AE46: 1.874 | AF46: 0.011 | AG46: 1.163 | AH46: 19.161 | AI46: 0.139 | AJ46: 0.521 | AK46: 0.027 | AL46: 0.1 | AM46: 0.027 | AN46: 0.025 | AO46: 0.034 | AP46: 0.011 | AQ46: 0.092 | AR46: 1.1 | AS46: 0.071 | AT46: 0.011 | AU46: 0.077 | AV46: 0.011 | AX46: 0.5016
A47: J016c_3_100x | B47: 1357.28 | C47: 6.652 | D47: 98.386 | E47: 0.099 | F47: 255.274 | G47: 0.03 | H47: 2.905 | I47: 1.078 | J47: 23.373 | K47: 3281.133 | L47: 0.103 | M47: 0.112 | N47: 0.296 | O47: 0.057 | P47: 138.408 | Q47: 2262.615 | R47: 0.529 | S47: 5.987 | T47: 0.024 | U47: 0.098 | V47: 0.006 | W47: 0.042 | X47: 0.62 | Y47: 0.114 | Z47: 0.022 | AA47: 1.752 | AB47: 9.318 | AC47: 0.271 | AD47: 0.284 | AE47: 1.935 | AF47: 0.012 | AG47: 1.369 | AH47: 19.781 | AI47: 0.209 | AJ47: 0.684 | AK47: 0.04 | AL47: 0.151 | AM47: 0.038 | AN47: 0.031 | AO47: 0.046 | AP47: 0.014 | AQ47: 0.122 | AR47: 3.3 | AS47: 0.09 | AT47: 0.014 | AU47: 0.089 | AV47: 0.013 | AX47: 0.513
A48: J018_3_100x | B48: 165.031 | C48: 0.814 | D48: 4.973 | E48: 0.008 | F48: 81.636 | G48: 0.007 | H48: 0.383 | I48: 0.292 | J48: 6.501 | K48: 639.311 | L48: 0.035 | M48: 0 | N48: <LOD | O48: 0.034 | P48: 139.27 | Q48: 89.08 | R48: 0.058 | S48: 0.46 | T48: 0.034 | U48: 0.245 | V48: 0.002 | W48: 0.009 | X48: 0.115 | Y48: 0.013 | Z48: 0.029 | AA48: 0.248 | AB48: 10.838 | AC48: 0.076 | AD48: 0.081 | AE48: 0.523 | AF48: 0.002 | AG48: 0.155 | AH48: 1.793 | AI48: 0.056 | AJ48: 0.215 | AK48: 0.023 | AL48: 0.089 | AM48: 0.022 | AN48: 0.007 | AO48: 0.018 | AP48: 0.004 | AQ48: 0.025 | AR48: 3 | AS48: 0.017 | AT48: 0.002 | AU48: 0.017 | AV48: 0.002 | AX48: 0.5201
A49: J019_3_100x | B49: 57.989 | C49: 0.195 | D49: 2.223 | E49: 0.004 | F49: 11.222 | G49: 0.001 | H49: 0.242 | I49: 0.101 | J49: 0.493 | K49: 165.606 | L49: 0.017 | M49: 0 | N49: <LOD | O49: 0.002 | P49: 7.744 | Q49: 35.911 | R49: 0.021 | S49: 0.268 | T49: 0.006 | U49: 0.34 | V49: 0.002 | W49: 0.001 | X49: 0.009 | Y49: 0.004 | Z49: 0.013 | AA49: 0.125 | AB49: 2.939 | AC49: 0.109 | AD49: 0.109 | AE49: 0.201 | AF49: 0.001 | AG49: 0.109 | AH49: 0.588 | AI49: 0.05 | AJ49: 0.395 | AK49: 0.022 | AL49: 0.083 | AM49: 0.022 | AN49: 0.005 | AO49: 0.019 | AP49: 0.004 | AQ49: 0.022 | AR49: 8.4 | AS49: 0.012 | AT49: 0.002 | AU49: 0.009 | AV49: 0.001 | AX49: 0.5287
A50: J024_3_100x | B50: 217.497 | C50: 1.841 | D50: 5.27 | E50: 0.012 | F50: 65.055 | G50: 0.023 | H50: 0.912 | I50: 0.512 | J50: 5.117 | K50: 402.702 | L50: 0.042 | M50: 0 | N50: <LOD | O50: 0.015 | P50: 29.937 | Q50: 130.752 | R50: 0.078 | S50: 1.084 | T50: 0.016 | U50: 1.139 | V50: 0.004 | W50: 0.022 | X50: 0.187 | Y50: 0.026 | Z50: 0.021 | AA50: 0.226 | AB50: 7.154 | AC50: 0.233 | AD50: 0.244 | AE50: 1.296 | AF50: 0.01 | AG50: 0.769 | AH50: 2.456 | AI50: 0.327 | AJ50: 0.998 | AK50: 0.111 | AL50: 0.471 | AM50: 0.124 | AN50: 0.035 | AO50: 0.109 | AP50: 0.024 | AQ50: 0.143 | AR50: 3.9 | AS50: 0.08 | AT50: 0.01 | AU50: 0.077 | AV50: 0.01 | AX50: 0.5213
A51: J028_3_100x | B51: 172.279 | C51: 1.029 | D51: 8.4 | E51: 0.011 | F51: 68.634 | G51: 0.005 | H51: 0.46 | I51: 0.347 | J51: 1.506 | K51: 374.731 | L51: 0.032 | M51: 0 | N51: 0.025 | O51: 0.009 | P51: 26.221 | Q51: 94.664 | R51: 0.071 | S51: 0.434 | T51: 0.02 | U51: 0.659 | V51: 0.006 | W51: 0.009 | X51: 0.067 | Y51: 0.013 | Z51: 0.019 | AA51: 0.327 | AB51: 5.671 | AC51: 0.2 | AD51: 0.2 | AE51: 0.382 | AF51: 0.007 | AG51: 0.578 | AH51: 1.536 | AI51: 0.263 | AJ51: 1.061 | AK51: 0.093 | AL51: 0.375 | AM51: 0.096 | AN51: 0.027 | AO51: 0.089 | AP51: 0.02 | AQ51: 0.116 | AR51: 2.5 | AS51: 0.059 | AT51: 0.008 | AU51: 0.051 | AV51: 0.007 | AX51: 0.5119
A52: J033_3_100x | B52: 248.348 | C52: 1.897 | D52: 6.073 | E52: 0.011 | F52: 71.316 | G52: 0.033 | H52: 1.519 | I52: 0.457 | J52: 8.753 | K52: 451.693 | L52: 0.04 | M52: 0.001 | N52: <LOD | O52: 0.011 | P52: 17.617 | Q52: 197.981 | R52: 0.09 | S52: 1.413 | T52: 0.014 | U52: 1.377 | V52: 0.006 | W52: 0.032 | X52: 0.199 | Y52: 0.043 | Z52: 0.02 | AA52: 0.243 | AB52: 6.99 | AC52: 0.194 | AD52: 0.197 | AE52: 1.493 | AF52: 0.011 | AG52: 0.881 | AH52: 2.566 | AI52: 0.329 | AJ52: 0.985 | AK52: 0.11 | AL52: 0.469 | AM52: 0.126 | AN52: 0.036 | AO52: 0.115 | AP52: 0.027 | AQ52: 0.152 | AR52: 1 | AS52: 0.089 | AT52: 0.012 | AU52: 0.082 | AV52: 0.012 | AX52: 0.5326
A53: J039_3_100x | B53: 371.232 | C53: 1.537 | D53: 12.243 | E53: 0.014 | F53: 139.036 | G53: 0.018 | H53: 2.026 | I53: 0.539 | J53: 68.958 | K53: 1181.035 | L53: 0.061 | M53: 0.018 | N53: 0.371 | O53: 0.017 | P53: 37.17 | Q53: 153.3 | R53: 0.068 | S53: 1.646 | T53: 0.022 | U53: 0.72 | V53: 0.008 | W53: 0.011 | X53: 0.292 | Y53: 0.045 | Z53: 0.019 | AA53: 0.452 | AB53: 7.191 | AC53: 0.356 | AD53: 0.362 | AE53: 1.658 | AF53: 0.022 | AG53: 1.194 | AH53: 7.245 | AI53: 0.722 | AJ53: 2.198 | AK53: 0.209 | AL53: 0.834 | AM53: 0.201 | AN53: 0.05 | AO53: 0.158 | AP53: 0.036 | AQ53: 0.209 | AR53: 1.2 | AS53: 0.125 | AT53: 0.019 | AU53: 0.133 | AV53: 0.022 | AX53: 0.5147
A54: J041_3_100x | B54: 1623.308 | C54: 12.35 | D54: 63.777 | E54: 0.077 | F54: 334.763 | G54: 0.054 | H54: 3.059 | I54: 2.041 | J54: 66.566 | K54: 7790.019 | L54: 0.11 | M54: 0.229 | N54: 3.266 | O54: 0.024 | P54: 37.539 | Q54: 916.614 | R54: 0.518 | S54: 6.054 | T54: 0.035 | U54: 0.651 | V54: 0.019 | W54: 0.025 | X54: 0.299 | Y54: 0.235 | Z54: 0.024 | AA54: 1.808 | AB54: 15.545 | AC54: 0.439 | AD54: 0.457 | AE54: 4.031 | AF54: 0.035 | AG54: 2.503 | AH54: 25.076 | AI54: 1.072 | AJ54: 1.799 | AK54: 0.274 | AL54: 1.043 | AM54: 0.237 | AN54: 0.074 | AO54: 0.219 | AP54: 0.053 | AQ54: 0.348 | AR54: 3.1 | AS54: 0.229 | AT54: 0.034 | AU54: 0.235 | AV54: 0.036 | AX54: 0.5234
A55: J043_3_100x | B55: 876.144 | C55: 0.981 | D55: 9.202 | E55: 0.037 | F55: 208.852 | G55: 0.004 | H55: 0.38 | I55: 0.666 | J55: 21.516 | K55: 319.606 | L55: 0.085 | M55: 0.005 | N55: 0.144 | O55: 0.004 | P55: 9.024 | Q55: 64.032 | R55: 0.057 | S55: 0.471 | T55: 0.014 | U55: 0.189 | V55: 0.007 | W55: 0.008 | X55: 0.674 | Y55: 0.036 | Z55: 0.014 | AA55: 0.661 | AB55: 6.005 | AC55: 0.452 | AD55: 0.457 | AE55: 0.533 | AF55: 0.035 | AG55: 2.895 | AH55: 1.104 | AI55: 2.544 | AJ55: 0.621 | AK55: 0.597 | AL55: 2.19 | AM55: 0.437 | AN55: 0.095 | AO55: 0.336 | AP55: 0.073 | AQ55: 0.423 | AR55: 2 | AS55: 0.255 | AT55: 0.035 | AU55: 0.227 | AV55: 0.035 | AX55: 0.5373
A57: Blank_4_100x | B57: 0.481 | C57: 0.001 | D57: <LOD | E57: 0.001 | F57: <LOD | G57: <LOD | H57: <LOD | I57: <LOD | J57: 0.04 | K57: 0.189 | L57: 0 | M57: 0 | N57: 1.804 | O57: <LOD | P57: 5.574 | Q57: 0.014 | R57: <LOD | S57: <LOD | T57: 0.001 | U57: 0.028 | V57: 0.005 | W57: <LOD | X57: <LOD | Y57: 0.002 | Z57: 0.012 | AA57: 0.044 | AB57: <LOD | AC57: 0.003 | AD57: 0.003 | AE57: <LOD | AF57: 0 | AG57: <LOD | AH57: 2.156 | AI57: 0 | AJ57: 0 | AK57: 0 | AL57: 0 | AM57: 0 | AN57: 0 | AO57: 0 | AP57: 0 | AQ57: 0 | AR57: 43.3 | AS57: 0 | AT57: 0 | AU57: 0 | AV57: 0 | AX57: 1
A58: J001_4_100x | B58: 265.069 | C58: 2.039 | D58: 4.082 | E58: 0.023 | F58: 5.259 | G58: 0.004 | H58: 0.463 | I58: 1.286 | J58: 1.336 | K58: 704.187 | L58: 0.121 | M58: 0.005 | N58: 6.955 | O58: 0.115 | P58: 48.008 | Q58: 9.189 | R58: 0.136 | S58: 0.866 | T58: 0.021 | U58: 0.471 | V58: 0.066 | W58: 0.01 | X58: 0.176 | Y58: 0.037 | Z58: 0.046 | AA58: 0.138 | AB58: 15.201 | AC58: 0.257 | AD58: 0.261 | AE58: 0.691 | AF58: 0.005 | AG58: 0.505 | AH58: 3.654 | AI58: 0.432 | AJ58: 0.728 | AK58: 0.135 | AL58: 0.586 | AM58: 0.149 | AN58: 0.037 | AO58: 0.109 | AP58: 0.02 | AQ58: 0.1 | AR58: 1.4 | AS58: 0.05 | AT58: 0.006 | AU58: 0.038 | AV58: 0.005 | AX58: 0.5009
A59: J002_4_100x | B59: 81.81 | C59: 4.913 | D59: 2.539 | E59: 0.013 | F59: <LOD | G59: 0.003 | H59: 0.524 | I59: 0.404 | J59: 275.681 | K59: 2904.499 | L59: 0.039 | M59: 0.086 | N59: 1.589 | O59: 0.135 | P59: 2270.861 | Q59: 303.801 | R59: 4.954 | S59: 0.568 | T59: 0.012 | U59: 1.244 | V59: 0.029 | W59: 0.195 | X59: 0.374 | Y59: 0.221 | Z59: 0.037 | AA59: 0.021 | AB59: 7.11 | AC59: 0.145 | AD59: 0.151 | AE59: 0.594 | AF59: 0.009 | AG59: 0.419 | AH59: 3.477 | AI59: 0 | AJ59: 0.039 | AK59: 0.007 | AL59: 0.031 | AM59: 0.016 | AN59: 0.007 | AO59: 0.022 | AP59: 0.008 | AQ59: 0.065 | AR59: 2.9 | AS59: 0.051 | AT59: 0.007 | AU59: 0.052 | AV59: 0.009 | AX59: 0.5197
A60: J003_4_100x | B60: 240.946 | C60: 1.954 | D60: 3.297 | E60: 0.023 | F60: 3.117 | G60: 0.002 | H60: 0.256 | I60: 1.261 | J60: 3.539 | K60: 634.287 | L60: 0.098 | M60: 0.014 | N60: 7.237 | O60: 0.333 | P60: 73.93 | Q60: 10.461 | R60: 0.143 | S60: 0.753 | T60: 0.021 | U60: 0.29 | V60: 0.077 | W60: 0.013 | X60: 0.131 | Y60: 0.03 | Z60: 0.021 | AA60: 0.204 | AB60: 14.098 | AC60: 0.28 | AD60: 0.295 | AE60: 0.565 | AF60: 0.004 | AG60: 0.33 | AH60: 3.643 | AI60: 0.12 | AJ60: 0.273 | AK60: 0.048 | AL60: 0.196 | AM60: 0.059 | AN60: 0.016 | AO60: 0.053 | AP60: 0.011 | AQ60: 0.065 | AR60: 3.1 | AS60: 0.033 | AT60: 0.005 | AU60: 0.029 | AV60: 0.005 | AX60: 0.5248
A61: J007_4_100x | B61: 282.03 | C61: 2.257 | D61: 5.783 | E61: 0.025 | F61: 20.382 | G61: 0.005 | H61: 0.396 | I61: 1.287 | J61: 3.372 | K61: 706.944 | L61: 0.094 | M61: 0.032 | N61: 15.323 | O61: 0.136 | P61: 52.676 | Q61: 17.287 | R61: 0.111 | S61: 0.934 | T61: 0.025 | U61: 0.807 | V61: 0.08 | W61: 0.017 | X61: 0.154 | Y61: 0.044 | Z61: 0.057 | AA61: 0.166 | AB61: 18.003 | AC61: 0.232 | AD61: 0.383 | AE61: 0.724 | AF61: 0.01 | AG61: 0.407 | AH61: 5.15 | AI61: 0.3 | AJ61: 0.555 | AK61: 0.099 | AL61: 0.432 | AM61: 0.113 | AN61: 0.03 | AO61: 0.088 | AP61: 0.016 | AQ61: 0.08 | AR61: 0.015 | AS61: 0.037 | AT61: 0.005 | AU61: 0.029 | AV61: 0.005 | AX61: 0.5017
A62: J010_4_100x | B62: 209.629 | C62: 0.836 | D62: 2.613 | E62: 0.015 | F62: 10.393 | G62: 0.004 | H62: 0.255 | I62: 1.087 | J62: 1.282 | K62: 435.846 | L62: 0.094 | M62: 0.018 | N62: 13.174 | O62: 0.109 | P62: 35.718 | Q62: 13.709 | R62: 0.047 | S62: 0.507 | T62: 0.022 | U62: 0.435 | V62: 0.041 | W62: 0.006 | X62: 0.103 | Y62: 0.029 | Z62: 0.063 | AA62: 0.115 | AB62: 15.68 | AC62: 0.225 | AD62: 0.227 | AE62: 0.82 | AF62: 0.006 | AG62: 0.274 | AH62: 3.8 | AI62: 0.11 | AJ62: 0.279 | AK62: 0.04 | AL62: 0.165 | AM62: 0.045 | AN62: 0.013 | AO62: 0.043 | AP62: 0.009 | AQ62: 0.051 | AR62: 0.01 | AS62: 0.026 | AT62: 0.003 | AU62: 0.021 | AV62: 0.003 | AX62: 0.51
A63: J016a_4_100x | B63: 706.636 | C63: 6.412 | D63: 19.105 | E63: 0.059 | F63: 7.781 | G63: 0.005 | H63: 0.94 | I63: 1.685 | J63: 7.469 | K63: 3343.092 | L63: 0.079 | M63: 0.125 | N63: 10.576 | O63: 0.095 | P63: 1205.713 | Q63: 455.129 | R63: 0.342 | S63: 2.346 | T63: 0.03 | U63: 0.37 | V63: 0.016 | W63: 0.013 | X63: 0.79 | Y63: 0.147 | Z63: 0.03 | AA63: 0.075 | AB63: 10.597 | AC63: 0.285 | AD63: 0.455 | AE63: 1.714 | AF63: 0.007 | AG63: 2.769 | AH63: 11.404 | AI63: 0.77 | AJ63: 1.332 | AK63: 0.248 | AL63: 1.057 | AM63: 0.355 | AN63: 0.111 | AO63: 0.353 | AP63: 0.078 | AQ63: 0.452 | AR63: 0.086 | AS63: 0.212 | AT63: 0.028 | AU63: 0.17 | AV63: 0.026 | AX63: 0.5047
A64: J016b_4_100x | B64: 750.103 | C64: 6.695 | D64: 21.121 | E64: 0.063 | F64: 10.943 | G64: 0.005 | H64: 1.034 | I64: 1.7 | J64: 7.718 | K64: 3476.203 | L64: 0.083 | M64: 0.122 | N64: 9.131 | O64: 0.09 | P64: 1192.129 | Q64: 528.625 | R64: 0.338 | S64: 2.523 | T64: 0.03 | U64: 0.34 | V64: 0.015 | W64: 0.013 | X64: 0.798 | Y64: 0.154 | Z64: 0.012 | AA64: 0.069 | AB64: 11.16 | AC64: 0.311 | AD64: 0.49 | AE64: 1.767 | AF64: 0.008 | AG64: 2.786 | AH64: 11.76 | AI64: 0.696 | AJ64: 1.184 | AK64: 0.22 | AL64: 0.948 | AM64: 0.309 | AN64: 0.105 | AO64: 0.325 | AP64: 0.075 | AQ64: 0.432 | AR64: 0.083 | AS64: 0.214 | AT64: 0.029 | AU64: 0.171 | AV64: 0.026 | AX64: 0.5016
A65: J016c_4_100x | B65: 760.569 | C65: 7.064 | D65: 21.392 | E65: 0.063 | F65: 17.414 | G65: 0.005 | H65: 1.041 | I65: 1.737 | J65: 7.792 | K65: 3605.668 | L65: 0.092 | M65: 0.136 | N65: 9.964 | O65: 0.096 | P65: 1235.823 | Q65: 502.848 | R65: 0.36 | S65: 2.584 | T65: 0.031 | U65: 0.33 | V65: 0.015 | W65: 0.013 | X65: 0.861 | Y65: 0.162 | Z65: 0.015 | AA65: 0.07 | AB65: 11.212 | AC65: 0.375 | AD65: 0.51 | AE65: 1.821 | AF65: 0.008 | AG65: 2.709 | AH65: 11.738 | AI65: 0.66 | AJ65: 1.114 | AK65: 0.212 | AL65: 0.904 | AM65: 0.3 | AN65: 0.101 | AO65: 0.319 | AP65: 0.075 | AQ65: 0.434 | AR65: 0.082 | AS65: 0.207 | AT65: 0.026 | AU65: 0.166 | AV65: 0.026 | AX65: 0.513
A66: J018_4_100x | B66: 118.74 | C66: 0.606 | D66: 3.113 | E66: 0.008 | F66: 8.091 | G66: 0.001 | H66: 0.279 | I66: 0.716 | J66: 2.743 | K66: 953.193 | L66: 0.05 | M66: 0.044 | N66: 12.498 | O66: 0.152 | P66: 295.354 | Q66: 31.413 | R66: 0.04 | S66: 0.55 | T66: 0.014 | U66: 0.187 | V66: 0.074 | W66: 0.007 | X66: 0.137 | Y66: 0.013 | Z66: 0.038 | AA66: 0.052 | AB66: 8.75 | AC66: 0.157 | AD66: 0.047 | AE66: 0.682 | AF66: 0.009 | AG66: 0.095 | AH66: 3.043 | AI66: 0.003 | AJ66: 0.066 | AK66: 0.009 | AL66: 0.034 | AM66: 0.01 | AN66: 0.004 | AO66: 0.01 | AP66: 0.003 | AQ66: 0.016 | AR66: 0.003 | AS66: 0.01 | AT66: 0.001 | AU66: 0.011 | AV66: 0.002 | AX66: 0.5201
A67: J019_4_100x | B67: 139.045 | C67: 0.152 | D67: 4.245 | E67: 0.008 | F67: 2.929 | G67: 0.001 | H67: 0.2 | I67: 0.477 | J67: 1.09 | K67: 424.027 | L67: 0.048 | M67: 0.025 | N67: 17.211 | O67: 0.204 | P67: 69.176 | Q67: 9.355 | R67: 0.013 | S67: 0.489 | T67: 0.013 | U67: 0.183 | V67: 0.119 | W67: 0.005 | X67: 0.04 | Y67: 0.004 | Z67: 0.014 | AA67: 0.11 | AB67: 9.693 | AC67: 0.315 | AD67: 0.037 | AE67: 0.371 | AF67: 0.007 | AG67: 0.109 | AH67: 2.453 | AI67: 0.092 | AJ67: 0.225 | AK67: 0.027 | AL67: 0.099 | AM67: 0.022 | AN67: 0.005 | AO67: 0.015 | AP67: 0.004 | AQ67: 0.021 | AR67: 0.004 | AS67: 0.011 | AT67: 0.002 | AU67: 0.011 | AV67: 0.002 | AX67: 0.5287
A68: J024_4_100x | B68: 342.566 | C68: 1.285 | D68: 5.599 | E68: 0.014 | F68: 19.296 | G68: 0.009 | H68: 0.906 | I68: 1.438 | J68: 4.067 | K68: 912.154 | L68: 0.107 | M68: 0.041 | N68: 26.618 | O68: 0.297 | P68: 256.224 | Q68: 32.955 | R68: 0.066 | S68: 1.771 | T68: 0.019 | U68: 0.411 | V68: 0.152 | W68: 0.016 | X68: 0.263 | Y68: 0.028 | Z68: 0.04 | AA68: 0.164 | AB68: 14.016 | AC68: 0.179 | AD68: 0.116 | AE68: 1.554 | AF68: 0.008 | AG68: 0.189 | AH68: 7.816 | AI68: 0.053 | AJ68: 0.176 | AK68: 0.021 | AL68: 0.084 | AM68: 0.023 | AN68: 0.007 | AO68: 0.023 | AP68: 0.006 | AQ68: 0.037 | AR68: 0.007 | AS68: 0.02 | AT68: 0.003 | AU68: 0.019 | AV68: 0.003 | AX68: 0.5213
A69: J028_4_100x | B69: 240.437 | C69: 0.626 | D69: 14.255 | E69: 0.011 | F69: 8 | G69: 0.002 | H69: 0.385 | I69: 0.768 | J69: 1.285 | K69: 611.362 | L69: 0.075 | M69: 0.025 | N69: 22.71 | O69: 0.274 | P69: 144.414 | Q69: 22.271 | R69: 0.068 | S69: 0.648 | T69: 0.029 | U69: 0.287 | V69: 0.158 | W69: 0.009 | X69: 0.075 | Y69: 0.013 | Z69: 0.06 | AA69: 0.171 | AB69: 17.279 | AC69: 0.19 | AD69: 0.054 | AE69: 0.519 | AF69: 0.165 | AG69: 0.159 | AH69: 4.176 | AI69: 0.062 | AJ69: 0.256 | AK69: 0.023 | AL69: 0.095 | AM69: 0.024 | AN69: 0.009 | AO69: 0.024 | AP69: 0.006 | AQ69: 0.033 | AR69: 0.006 | AS69: 0.017 | AT69: 0.002 | AU69: 0.015 | AV69: 0.002 | AX69: 0.5119
A70: J033_4_100x | B70: 381.981 | C70: 1.03 | D70: 5.552 | E70: 0.016 | F70: 9.288 | G70: 0.008 | H70: 1.175 | I70: 1.83 | J70: 5.373 | K70: 1253.256 | L70: 0.132 | M70: 0.053 | N70: 28.943 | O70: 0.338 | P70: 272.91 | Q70: 29.094 | R70: 0.055 | S70: 1.833 | T70: 0.018 | U70: 0.278 | V70: 0.246 | W70: 0.018 | X70: 0.268 | Y70: 0.029 | Z70: 0.033 | AA70: 0.168 | AB70: 16.513 | AC70: 0.217 | AD70: 0.119 | AE70: 1.949 | AF70: 0.009 | AG70: 0.155 | AH70: 6.373 | AI70: 0.096 | AJ70: 0.244 | AK70: 0.029 | AL70: 0.107 | AM70: 0.026 | AN70: 0.007 | AO70: 0.024 | AP70: 0.005 | AQ70: 0.03 | AR70: 0.006 | AS70: 0.014 | AT70: 0.002 | AU70: 0.015 | AV70: 0.002 | AX70: 0.5326
A71: J039_4_100x | B71: 493.675 | C71: 1.61 | D71: 9.005 | E71: 0.016 | F71: 5.148 | G71: 0.006 | H71: 2.02 | I71: 1.445 | J71: 59.698 | K71: 2103.936 | L71: 0.164 | M71: 0.075 | N71: 23.597 | O71: 0.28 | P71: 277.54 | Q71: 66.903 | R71: 0.102 | S71: 3.232 | T71: 0.04 | U71: 0.585 | V71: 0.132 | W71: 0.011 | X71: 0.313 | Y71: 0.053 | Z71: 0.016 | AA71: 0.166 | AB71: 30.131 | AC71: 0.327 | AD71: 0.063 | AE71: 3.559 | AF71: 0.038 | AG71: 0.475 | AH71: 15.149 | AI71: 0.212 | AJ71: 0.655 | AK71: 0.07 | AL71: 0.272 | AM71: 0.073 | AN71: 0.02 | AO71: 0.07 | AP71: 0.015 | AQ71: 0.092 | AR71: 0.018 | AS71: 0.051 | AT71: 0.007 | AU71: 0.052 | AV71: 0.008 | AX71: 0.5147
... A73: J043_4_100x | B73: 479.48 | C73: 1.488 | D73: 4.028 | E73: 0.026 | F73: 105.127 | G73: 0.002 | H73: 0.444 | I73: 2.581 | J73: 8.372 | K73: 754.461 | L73: 0.146 | M73: 0.073 | N73: 21.285 | O73: 0.318 | P73: 128.643 | Q73: 24.689 | R73: 0.075 | S73: 0.803 | T73: 0.029 | U73: 0.295 | V73: 0.185 | W73: 0.008 | X73: 0.635 | Y73: 0.105 | Z73: 0.028 | AA73: 0.38 | AB73: 19.381 | AC73: 0.448 | AD73: 0.791 | AE73: 1.117 | AF73: 0.011 | AG73: 1.199 | AH73: 9.307 | AI73: 2.011 | AJ73: 0.846 | AK73: 0.517 | AL73: 1.948 | AM73: 0.402 | AN73: 0.085 | AO73: 0.281 | AP73: 0.048 | AQ73: 0.233 | AR73: 0.044 | AS73: 0.107 | AT73: 0.014 | AU73: 0.089 | AV73: 0.014 | AX73: 0.5373
A75: Blank5_100x | B75: 0.545 | C75: 0.001 | D75: 0.019 | E75: <LOD | F75: 11.855 | G75: <LOD | H75: <LOD | I75: <LOD | J75: 0.082 | K75: 0.565 | L75: 0.005 | M75: 0.023 | N75: 24.069 | O75: <LOD | P75: 0.304 | Q75: 0.029 | R75: 0.013 | S75: 0.025 | T75: 0 | U75: 0.011 | V75: 0.002 | W75: 0.001 | X75: 0.021 | Y75: 0.002 | Z75: 0.009 | AA75: 0.034 | AB75: 0.043 | AC75: 0.001 | AD75: <LOD | AE75: <LOD | AF75: 0.003 | AG75: <LOD | AH75: 1.894 | AI75: 0 | AJ75: 0 | AK75: 0 | AL75: 0 | AM75: 0 | AN75: 0 | AO75: 0 | AP75: 0 | AQ75: 0 | AR75: 0 | AS75: 0 | AT75: 0 | AU75: 0 | AV75: 0 | AX75: 1
A76: Blank5_100x | B76: 1.203 | C76: 0.004 | D76: 0.029 | E76: <LOD | F76: <LOD | G76: <LOD | H76: 0.002 | I76: 0.003 | J76: 0.15 | K76: 2.852 | L76: 0 | M76: 0.001 | N76: 17.578 | O76: <LOD | P76: 0.858 | Q76: 0.09 | R76: 0.013 | S76: 0.034 | T76: 0 | U76: 0.01 | V76: 0.002 | W76: 0.001 | X76: <LOD | Y76: 0.001 | Z76: 0.011 | AA76: 0.033 | AB76: 0.086 | AC76: 0.001 | AD76: <LOD | AE76: 0.004 | AF76: 0.004 | AG76: 0.001 | AH76: 1.913 | AI76: 0 | AJ76: 0 | AK76: 0 | AL76: 0.001 | AM76: 0 | AN76: 0 | AO76: 0 | AP76: 0 | AQ76: 0 | AR76: 0 | AS76: 0 | AT76: 0 | AU76: 0 | AV76: 0 | AX76: 1
A77: J001_5_100x | B77: 56.53 | C77: 0.648 | D77: 0.192 | E77: <LOD | F77: 1.474 | G77: 0.004 | H77: 0.042 | I77: 0.308 | J77: 0.437 | K77: 29.434 | L77: 0.027 | M77: 0.01 | N77: 16.438 | O77: <LOD | P77: 1.279 | Q77: 0.589 | R77: 0.068 | S77: 0.186 | T77: 0.002 | U77: 0.028 | V77: 0.012 | W77: 0.013 | X77: 1.325 | Y77: 0.264 | Z77: 0.057 | AA77: 0.018 | AB77: 5.571 | AC77: 0.018 | AD77: 0.037 | AE77: 0.091 | AF77: 0.009 | AG77: 0.035 | AH77: 3.208 | AI77: 0.004 | AJ77: 0.039 | AK77: 0.01 | AL77: 0.041 | AM77: 0.008 | AN77: 0.002 | AO77: 0.007 | AP77: 0.001 | AQ77: 0.007 | AR77: 0.001 | AS77: 0.004 | AT77: 0 | AU77: 0.003 | AV77: 0 | AX77: 0.5009
A78: J002_5_100x | B78: 6.73 | C78: 0.235 | D78: 0.136 | E78: <LOD | F78: 8.453 | G78: <LOD | H78: 0.003 | I78: <LOD | J78: 6.094 | K78: 4.637 | L78: 0.002 | M78: 0 | N78: 19.456 | O78: 0.003 | P78: 1.05 | Q78: 1.37 | R78: 0.28 | S78: 0.354 | T78: 0 | U78: 0.249 | V78: 0.012 | W78: 0.014 | X78: 0.003 | Y78: 0.029 | Z78: 0.016 | AA78: 0.029 | AB78: 0.385 | AC78: 0.002 | AD78: 0.004 | AE78: 0.025 | AF78: 0.005 | AG78: 0.003 | AH78: 2.403 | AI78: 0 | AJ78: 0 | AK78: 0 | AL78: 0.002 | AM78: 0 | AN78: 0 | AO78: 0 | AP78: 0 | AQ78: 0.001 | AR78: 0 | AS78: 0 | AT78: 0 | AU78: 0 | AV78: 0 | AX78: 0.5197
A79: J003_5_100x | B79: 29.74 | C79: 0.539 | D79: 0.29 | E79: <LOD | F79: 9.298 | G79: 0.001 | H79: 0.018 | I79: 0.215 | J79: 0.402 | K79: 14.736 | L79: 0.012 | M79: 0 | N79: 17.528 | O79: 0.004 | P79: 4.207 | Q79: 0.447 | R79: 0.042 | S79: 0.239 | T79: 0.001 | U79: 0.044 | V79: 0.021 | W79: 0.008 | X79: 0.099 | Y79: 0.072 | Z79: 0.016 | AA79: 0.039 | AB79: 1.73 | AC79: 0.019 | AD79: 0.024 | AE79: 0.082 | AF79: 0.008 | AG79: 0.075 | AH79: 2.786 | AI79: 0 | AJ79: 0.051 | AK79: 0.01 | AL79: 0.052 | AM79: 0.016 | AN79: 0.004 | AO79: 0.014 | AP79: 0.003 | AQ79: 0.016 | AR79: 0.003 | AS79: 0.009 | AT79: 0.001 | AU79: 0.006 | AV79: 0.001 | AX79: 0.5248
A80: J007_5_100x | B80: 63.268 | C80: 0.739 | D80: 0.29 | E80: <LOD | F80: <LOD | G80: 0.003 | H80: 0.029 | I80: 0.345 | J80: 0.92 | K80: 14.097 | L80: 0.026 | M80: 0.001 | N80: 15.828 | O80: 0.002 | P80: 1.024 | Q80: 0.634 | R80: 0.06 | S80: 0.2 | T80: 0.003 | U80: 0.068 | V80: 0.015 | W80: 0.013 | X80: 0.711 | Y80: 0.216 | Z80: 0.08 | AA80: 0.025 | AB80: 5.261 | AC80: 0.017 | AD80: 0.036 | AE80: 0.106 | AF80: 0.01 | AG80: 0.052 | AH80: 2.901 | AI80: 0.002 | AJ80: 0.048 | AK80: 0.011 | AL80: 0.047 | AM80: 0.013 | AN80: 0.003 | AO80: 0.009 | AP80: 0.002 | AQ80: 0.01 | AR80: 0.002 | AS80: 0.006 | AT80: 0.001 | AU80: 0.004 | AV80: 0.001 | AX80: 0.5017
A81: J010_5_100x | B81: 32.085 | C81: 0.215 | D81: 0.218 | E81: <LOD | F81: 0.244 | G81: 0.004 | H81: 0.021 | I81: 0.271 | J81: 0.344 | K81: 18.469 | L81: 0.014 | M81: 0.003 | N81: 17.223 | O81: 0.004 | P81: 4.328 | Q81: 1.209 | R81: 0.035 | S81: 0.147 | T81: 0.002 | U81: 0.055 | V81: 0.016 | W81: 0.007 | X81: 0.443 | Y81: 0.163 | Z81: 0.025 | AA81: 0.028 | AB81: 2.698 | AC81: 0.018 | AD81: 0.018 | AE81: 0.098 | AF81: 0.007 | AG81: 0.044 | AH81: 3.688 | AI81: 0 | AJ81: 0.041 | AK81: 0.007 | AL81: 0.032 | AM81: 0.009 | AN81: 0.003 | AO81: 0.009 | AP81: 0.002 | AQ81: 0.011 | AR81: 0.002 | AS81: 0.004 | AT81: 0.001 | AU81: 0.003 | AV81: 0 | AX81: 0.51
A82: J016a_5_100x | B82: 46.204 | C82: 1.11 | D82: 3.168 | E82: 0.001 | F82: 217.314 | G82: 0.005 | H82: 0.064 | I82: 0.411 | J82: 0.901 | K82: 110.482 | L82: 0.019 | M82: 0.023 | N82: 13.71 | O82: 0.01 | P82: 45.778 | Q82: 16.84 | R82: 0.215 | S82: 0.249 | T82: 0.002 | U82: 0.275 | V82: 0.014 | W82: 0.026 | X82: 0.168 | Y82: 0.367 | Z82: 0.029 | AA82: 0.206 | AB82: 2.17 | AC82: 0.041 | AD82: 0.034 | AE82: 0.177 | AF82: 0.008 | AG82: 1.598 | AH82: 1.593 | AI82: 1.123 | AJ82: 1.558 | AK82: 0.314 | AL82: 1.305 | AM82: 0.324 | AN82: 0.092 | AO82: 0.283 | AP82: 0.051 | AQ82: 0.275 | AR82: 0.052 | AS82: 0.123 | AT82: 0.016 | AU82: 0.094 | AV82: 0.014 | AX82: 0.5047
A83: J016b_5_100x | B83: 50.905 | C83: 1.207 | D83: 3.432 | E83: 0.001 | F83: 216.773 | G83: 0.007 | H83: 0.069 | I83: 0.399 | J83: 0.932 | K83: 103.759 | L83: 0.019 | M83: 0.025 | N83: 16.004 | O83: 0.008 | P83: 40.849 | Q83: 18.445 | R83: 0.234 | S83: 0.253 | T83: 0.002 | U83: 0.284 | V83: 0.015 | W83: 0.026 | X83: 0.185 | Y83: 0.368 | Z83: 0.025 | AA83: 0.218 | AB83: 2.042 | AC83: 0.041 | AD83: 0.038 | AE83: 0.181 | AF83: 0.012 | AG83: 1.735 | AH83: 1.365 | AI83: 1.169 | AJ83: 1.636 | AK83: 0.325 | AL83: 1.365 | AM83: 0.32 | AN83: 0.098 | AO83: 0.293 | AP83: 0.055 | AQ83: 0.291 | AR83: 0.055 | AS83: 0.133 | AT83: 0.017 | AU83: 0.104 | AV83: 0.016 | AX83: 0.5016
A84: J016c_5_100x | B84: 49.961 | C84: 1.204 | D84: 3.562 | E84: 0.001 | F84: 204.784 | G84: 0.006 | H84: 0.068 | I84: 0.43 | J84: 0.907 | K84: 105.926 | L84: 0.019 | M84: 0.026 | N84: 16.328 | O84: 0.009 | P84: 44.865 | Q84: 17.344 | R84: 0.239 | S84: 0.255 | T84: 0.003 | U84: 0.284 | V84: 0.018 | W84: 0.026 | X84: 0.188 | Y84: 0.373 | Z84: 0.024 | AA84: 0.232 | AB84: 2.485 | AC84: 0.049 | AD84: 0.038 | AE84: 0.186 | AF84: 0.014 | AG84: 1.662 | AH84: 1.595 | AI84: 1.161 | AJ84: 1.604 | AK84: 0.325 | AL84: 1.374 | AM84: 0.324 | AN84: 0.096 | AO84: 0.289 | AP84: 0.053 | AQ84: 0.281 | AR84: 0.052 | AS84: 0.129 | AT84: 0.016 | AU84: 0.098 | AV84: 0.015 | AX84: 0.513
A85: J018_5_100x | B85: 7.072 | C85: 0.037 | D85: 0.118 | E85: <LOD | F85: 8.871 | G85: <LOD | H85: 0.006 | I85: 0.002 | J85: 0.229 | K85: 8.765 | L85: 0.003 | M85: 0 | N85: 17.341 | O85: 0.001 | P85: 0.835 | Q85: 0.411 | R85: 0.018 | S85: 0.033 | T85: 0 | U85: 0.032 | V85: 0.014 | W85: 0.003 | X85: 0.006 | Y85: 0.01 | Z85: 0.014 | AA85: 0.059 | AB85: 0.471 | AC85: 0.002 | AD85: 0.004 | AE85: 0.034 | AF85: 0.005 | AG85: 0.004 | AH85: 0.982 | AI85: 0 | AJ85: 0 | AK85: 0.001 | AL85: 0.003 | AM85: 0.001 | AN85: 0 | AO85: 0.001 | AP85: 0 | AQ85: 0.001 | AR85: 0 | AS85: 0.001 | AT85: 0 | AU85: 0 | AV85: 0 | AX85: 0.5201
A86: J019_5_100x | B86: 7.168 | C86: 0.021 | D86: 0.105 | E86: <LOD | F86: <LOD | G86: <LOD | H86: 0.006 | I86: 0.007 | J86: 0.092 | K86: 4.013 | L86: 0.002 | M86: 0 | N86: 18.189 | O86: 0.003 | P86: 1.038 | Q86: 0.192 | R86: 0.017 | S86: 0.083 | T86: 0 | U86: 0.057 | V86: 0.012 | W86: 0.001 | X86: 0.001 | Y86: 0.004 | Z86: 0.06 | AA86: 0.031 | AB86: 0.638 | AC86: 0.002 | AD86: 0.003 | AE86: 0.021 | AF86: 0.006 | AG86: 0.003 | AH86: 1.829 | AI86: 0 | AJ86: 0.004 | AK86: 0.001 | AL86: 0.004 | AM86: 0.001 | AN86: 0 | AO86: 0.001 | AP86: 0 | AQ86: 0 | AR86: 0 | AS86: 0 | AT86: 0 | AU86: 0 | AV86: 0 | AX86: 0.5287
A87: J024_5_100x | B87: 18.304 | C87: 0.176 | D87: 0.111 | E87: <LOD | F87: 3.425 | G87: 0.006 | H87: 0.035 | I87: 0.05 | J87: 0.402 | K87: 6.152 | L87: 0.006 | M87: 0.005 | N87: 17.031 | O87: <LOD | P87: 1.313 | Q87: 0.889 | R87: 0.033 | S87: 0.145 | T87: 0.001 | U87: 0.05 | V87: 0.012 | W87: 0.013 | X87: 0.245 | Y87: 0.097 | Z87: 0.042 | AA87: 0.057 | AB87: 1.314 | AC87: 0.006 | AD87: 0.006 | AE87: 0.119 | AF87: 0.007 | AG87: 0.019 | AH87: 1.896 | AI87: 0 | AJ87: 0.02 | AK87: 0.003 | AL87: 0.016 | AM87: 0.004 | AN87: 0.001 | AO87: 0.004 | AP87: 0.001 | AQ87: 0.005 | AR87: 0.001 | AS87: 0.002 | AT87: 0 | AU87: 0.001 | AV87: 0 | AX87: 0.5213
A88: J028_5_100x | B88: 10.044 | C88: 0.119 | D88: 0.357 | E88: <LOD | F88: <LOD | G88: 0.001 | H88: 0.014 | I88: 0.6 | J88: 0.156 | K88: 6.393 | L88: 0.005 | M88: 0 | N88: 8.157 | O88: 0.01 | P88: 0.766 | Q88: 0.507 | R88: 0.026 | S88: 0.034 | T88: 0.002 | U88: 0.049 | V88: 0.012 | W88: 0.004 | X88: 0.039 | Y88: 0.048 | Z88: 0.013 | AA88: 0.051 | AB88: 2.374 | AC88: 0.018 | AD88: 0.005 | AE88: 0.048 | AF88: 0.086 | AG88: 0.036 | AH88: 0.837 | AI88: 0 | AJ88: 0.062 | AK88: 0.007 | AL88: 0.033 | AM88: 0.011 | AN88: 0.002 | AO88: 0.008 | AP88: 0.002 | AQ88: 0.009 | AR88: 0.002 | AS88: 0.004 | AT88: 0 | AU88: 0.003 | AV88: 0 | AX88: 0.5119
A89: J033_5_100x | B89: 17.461 | C89: 0.154 | D89: 0.098 | E89: <LOD | F89: <LOD | G89: 0.003 | H89: 0.042 | I89: 0.274 | J89: 0.519 | K89: 11.203 | L89: 0.006 | M89: 0.001 | N89: 10.06 | O89: 0.012 | P89: 1.026 | Q89: 0.643 | R89: 0.03 | S89: 0.092 | T89: 0.001 | U89: 0.061 | V89: 0.016 | W89: 0.014 | X89: 0.339 | Y89: 0.145 | Z89: 0.024 | AA89: 0.043 | AB89: 1.924 | AC89: 0.01 | AD89: 0.007 | AE89: 0.133 | AF89: 0.006 | AG89: 0.026 | AH89: 1.054 | AI89: 0 | AJ89: 0.034 | AK89: 0.005 | AL89: 0.024 | AM89: 0.006 | AN89: 0.002 | AO89: 0.006 | AP89: 0.001 | AQ89: 0.006 | AR89: 0.001 | AS89: 0.003 | AT89: 0 | AU89: 0.002 | AV89: 0 | AX89: 0.5326
A90: J039_5_100x | B90: 20.254 | C90: 0.214 | D90: 0.246 | E90: <LOD | F90: 16.547 | G90: 0.001 | H90: 0.057 | I90: 0.102 | J90: 2.603 | K90: 18.334 | L90: 0.01 | M90: 0 | N90: 11.649 | O90: 0.011 | P90: 2.282 | Q90: 0.939 | R90: 0.038 | S90: 0.137 | T90: 0.001 | U90: 0.049 | V90: 0.02 | W90: 0.009 | X90: 0.093 | Y90: 0.093 | Z90: 0.016 | AA90: 0.065 | AB90: 4.087 | AC90: 0.011 | AD90: 0.004 | AE90: 0.367 | AF90: 0.026 | AG90: 0.045 | AH90: 1.579 | AI90: 0.014 | AJ90: 0.123 | AK90: 0.014 | AL90: 0.062 | AM90: 0.015 | AN90: 0.003 | AO90: 0.011 | AP90: 0.002 | AQ90: 0.01 | AR90: 0.002 | AS90: 0.005 | AT90: 0.001 | AU90: 0.004 | AV90: 0.001 | AX90: 0.5147
A91: J041_5_100x | B91: 68.898 | C91: 1.161 | D91: 3.062 | E91: 0.001 | F91: 135.181 | G91: 0.011 | H91: 0.076 | I91: 0.35 | J91: 2.064 | K91: 152.012 | L91: 0.02 | M91: 0.007 | N91: 13.922 | O91: 0.016 | P91: 4.151 | Q91: 9.437 | R91: 0.228 | S91: 0.206 | T91: 0.005 | U91: 0.373 | V91: 0.036 | W91: 0.019 | X91: 0.103 | Y91: 0.395 | Z91: 0.033 | AA91: 0.351 | AB91: 4.821 | AC91: 0.076 | AD91: 0.037 | AE91: 0.298 | AF91: 0.072 | AG91: 0.787 | AH91: 1.353 | AI91: 0.758 | AJ91: 1.083 | AK91: 0.225 | AL91: 0.901 | AM91: 0.209 | AN91: 0.05 | AO91: 0.152 | AP91: 0.03 | AQ91: 0.154 | AR91: 0.03 | AS91: 0.081 | AT91: 0.011 | AU91: 0.063 | AV91: 0.01 | AX91: 0.5234
A92: J043_5_100x | B92: 41.497 | C92: 0.425 | D92: 0.632 | E92: 0.001 | F92: 129.733 | G92: 0.001 | H92: 0.025 | I92: 0.655 | J92: 0.93 | K92: 27.673 | L92: 0.023 | M92: 0.005 | N92: 15.023 | O92: 0.017 | P92: 3.452 | Q92: 0.801 | R92: 0.045 | S92: 0.185 | T92: 0.004 | U92: 0.129 | V92: 0.046 | W92: 0.007 | X92: 0.075 | Y92: 0.169 | Z92: 0.019 | AA92: 0.26 | AB92: 4.116 | AC92: 0.077 | AD92: 0.047 | AE92: 0.162 | AF92: 0.012 | AG92: 0.934 | AH92: 2.411 | AI92: 1.399 | AJ92: 0.41 | AK92: 0.381 | AL92: 1.491 | AM92: 0.288 | AN92: 0.06 | AO92: 0.198 | AP92: 0.036 | AQ92: 0.18 | AR92: 0.034 | AS92: 0.091 | AT92: 0.011 | AU92: 0.066 | AV92: 0.011 | AX92: 0.5373
A94: Blank 6_100x | B94: 6.941 | C94: 0.007 | D94: 0.054 | E94: 0.006 | F94: 4.03 | G94: 0.001 | H94: <LOD | I94: 0.042 | J94: 0.101 | K94: 0.644 | L94: 0 | M94: 0 | N94: 6.167 | O94: 0.017 | P94: 0.746 | Q94: 0.015 | R94: 0.072 | S94: 0.496 | T94: 0 | U94: 0.017 | V94: 0.005 | W94: 0.086 | X94: <LOD | Y94: 0.005 | Z94: 0.107 | AA94: 0.012 | AB94: 0.29 | AC94: 0.002 | AD94: 0.003 | AE94: 0.001 | AF94: 0.001 | AG94: <LOD | AH94: 4.697 | AI94: 0 | AJ94: 0 | AK94: 0 | AL94: 0.001 | AM94: 0 | AN94: 0 | AO94: 0 | AP94: 0 | AQ94: 0 | AR94: 0 | AS94: 0 | AT94: 0 | AU94: 0 | AV94: 0 | AX94: 1
A95: J001_6_100x | B95: 2288.719 | C95: 1.306 | D95: 45.627 | E95: 0.056 | F95: 121.703 | G95: 0.012 | H95: 2.058 | I95: 4.888 | J95: 5.012 | K95: 2249.914 | L95: 0.683 | M95: 0.091 | N95: 397.454 | O95: 2.359 | P95: 1055.95 | Q95: 25.295 | R95: 0.053 | S95: 6.798 | T95: 0.019 | U95: 1.067 | V95: 6.575 | W95: 0.005 | X95: 0.322 | Y95: 0.272 | Z95: 0.051 | AA95: 1.238 | AB95: 9.636 | AC95: 0.643 | AD95: 0.214 | AE95: 2.166 | AF95: 0.003 | AG95: 1.583 | AH95: 10.488 | AI95: 4.625 | AJ95: 7.71 | AK95: 1.1 | AL95: 4.174 | AM95: 0.791 | AN95: 0.164 | AO95: 0.446 | AP95: 0.07 | AQ95: 0.323 | AR95: 0.061 | AS95: 0.163 | AT95: 0.021 | AU95: 0.136 | AV95: 0.02 | AX95: 0.5009
A96: J002_6_100x | B96: 4134.428 | C96: 1.157 | D96: 75.944 | E96: 0.078 | F96: 55574.252 | G96: 0.081 | H96: 5.644 | I96: 13.041 | J96: 256.286 | K96: 12009.997 | L96: 1.15 | M96: 0.368 | N96: 274 | O96: 9.259 | P96: 19401.226 | Q96: 3186.715 | R96: 3.584 | S96: 18.794 | T96: 0.058 | U96: 34.982 | V96: 2.604 | W96: 0.041 | X96: 2.278 | Y96: 0.308 | Z96: 0.044 | AA96: 14.276 | AB96: 29.132 | AC96: 1.834 | AD96: 0.648 | AE96: 4.993 | AF96: 0.017 | AG96: 17.424 | AH96: 22.85 | AI96: 6.625 | AJ96: 14.899 | AK96: 2.018 | AL96: 8.942 | AM96: 2.97 | AN96: 1.05 | AO96: 2.618 | AP96: 0.635 | AQ96: 3.632 | AR96: 0.673 | AS96: 1.769 | AT96: 0.237 | AU96: 1.426 | AV96: 0.204 | AX96: 0.5197
A97: J003_6_100x | B97: 2923.903 | C97: 1.77 | D97: 49.414 | E97: 0.071 | F97: 567.559 | G97: 0.007 | H97: 2.416 | I97: 7.302 | J97: 6.778 | K97: 3515.428 | L97: 0.873 | M97: 0.138 | N97: 492.952 | O97: 3.478 | P97: 1559.165 | Q97: 35.902 | R97: 0.089 | S97: 8.74 | T97: 0.026 | U97: 1.652 | V97: 8.42 | W97: 0.008 | X97: 0.45 | Y97: 0.147 | Z97: 0.015 | AA97: 2.183 | AB97: 19.817 | AC97: 1.522 | AD97: 0.437 | AE97: 3.261 | AF97: 0.004 | AG97: 3.439 | AH97: 13.689 | AI97: 6.543 | AJ97: 12.444 | AK97: 1.627 | AL97: 6.296 | AM97: 1.283 | AN97: 0.259 | AO97: 0.814 | AP97: 0.137 | AQ97: 0.662 | AR97: 0.123 | AS97: 0.326 | AT97: 0.043 | AU97: 0.267 | AV97: 0.04 | AX97: 0.5248
A98: J007_6_100x | B98: 2939.31 | C98: 1.883 | D98: 192.38 | E98: 0.065 | F98: 248.219 | G98: 0.016 | H98: 2.781 | I98: 6.999 | J98: 30.23 | K98: 3218.975 | L98: 0.864 | M98: 0.111 | N98: 505.013 | O98: 3.547 | P98: 1601.789 | Q98: 36.908 | R98: 0.13 | S98: 9.559 | T98: 0.019 | U98: 3.147 | V98: 6.899 | W98: 0.005 | X98: 0.499 | Y98: 0.259 | Z98: 0.025 | AA98: 4.308 | AB98: 14.578 | AC98: 1.125 | AD98: 0.267 | AE98: 3.475 | AF98: 0.003 | AG98: 2.619 | AH98: 17.419 | AI98: 5.788 | AJ98: 10.163 | AK98: 1.422 | AL98: 5.507 | AM98: 1.08 | AN98: 0.257 | AO98: 0.65 | AP98: 0.108 | AQ98: 0.52 | AR98: 0.1 | AS98: 0.268 | AT98: 0.035 | AU98: 0.22 | AV98: 0.033 | AX98: 0.5017
A99: J010_6_100x | B99: 2287.505 | C99: 0.651 | D99: 27.698 | E99: 0.042 | F99: 364.245 | G99: 0.02 | H99: 2.654 | I99: 6.357 | J99: 5.761 | K99: 2998.933 | L99: 0.759 | M99: 0.102 | N99: 353.819 | O99: 3.083 | P99: 1581.779 | Q99: 41.108 | R99: 0.035 | S99: 7.133 | T99: 0.024 | U99: 1.803 | V99: 4.829 | W99: 0.007 | X99: 0.487 | Y99: 0.301 | Z99: 0.05 | AA99: 1.379 | AB99: 24.322 | AC99: 1.079 | AD99: 0.177 | AE99: 3.673 | AF99: 0.003 | AG99: 2.248 | AH99: 13.71 | AI99: 4.358 | AJ99: 8.599 | AK99: 1.071 | AL99: 4.156 | AM99: 0.859 | AN99: 0.18 | AO99: 0.551 | AP99: 0.095 | AQ99: 0.472 | AR99: 0.087 | AS99: 0.231 | AT99: 0.03 | AU99: 0.178 | AV99: 0.027 | AX99: 0.51
A100: J016a_6_100x | B100: 2974.358 | C100: 5.322 | D100: 97.027 | E100: 0.09 | F100: 10107.512 | G100: 0.106 | H100: 1.984 | I100: 5.323 | J100: 17.79 | K100: 6205.332 | L100: 1.1 | M100: 0.434 | N100: 124.304 | O100: 2.401 | P100: 4965.129 | Q100: 281.623 | R100: 0.34 | S100: 6.856 | T100: 0.067 | U100: 8.365 | V100: 2.359 | W100: 0.031 | X100: 1.546 | Y100: 0.889 | Z100: 0.049 | AA100: 6.808 | AB100: 40.434 | AC100: 1.379 | AD100: 0.433 | AE100: 5.984 | AF100: 0.02 | AG100: 31.924 | AH100: 21.728 | AI100: 33.39 | AJ100: 46.895 | AK100: 8.652 | AL100: 36.427 | AM100: 8.566 | AN100: 2.311 | AO100: 6.597 | AP100: 1.19 | AQ100: 5.859 | AR100: 1.061 | AS100: 2.58 | AT100: 0.315 | AU100: 1.894 | AV100: 0.286 | AX100: 0.5047
A101: J016b_6_100x | B101: 2950.884 | C101: 5.65 | D101: 103.243 | E101: 0.096 | F101: 10431.969 | G101: 0.123 | H101: 1.976 | I101: 5.379 | J101: 18.244 | K101: 6451.809 | L101: 1.119 | M101: 0.467 | N101: 117.113 | O101: 2.412 | P101: 4944.126 | Q101: 326.75 | R101: 0.36 | S101: 6.825 | T101: 0.072 | U101: 8.533 | V101: 2.28 | W101: 0.032 | X101: 1.693 | Y101: 0.905 | Z101: 0.03 | AA101: 7.116 | AB101: 39.821 | AC101: 1.505 | AD101: 0.447 | AE101: 6.052 | AF101: 0.023 | AG101: 35.488 | AH101: 20.716 | AI101: 33.901 | AJ101: 48.285 | AK101: 8.818 | AL101: 37.087 | AM101: 8.594 | AN101: 2.354 | AO101: 6.639 | AP101: 1.223 | AQ101: 6.105 | AR101: 1.122 | AS101: 2.844 | AT101: 0.347 | AU101: 2.068 | AV101: 0.314 | AX101: 0.5016
A102: J016c_6_100x | B102: 3070.31 | C102: 5.895 | D102: 108.006 | E102: 0.102 | F102: 10998.637 | G102: 0.129 | H102: 2.054 | I102: 5.621 | J102: 18.884 | K102: 6863.098 | L102: 1.164 | M102: 0.482 | N102: 119.727 | O102: 2.507 | P102: 5256.305 | Q102: 329.763 | R102: 0.365 | S102: 7.091 | T102: 0.075 | U102: 8.915 | V102: 2.354 | W102: 0.035 | X102: 1.828 | Y102: 0.941 | Z102: 0.041 | AA102: 7.501 | AB102: 41.3 | AC102: 1.55 | AD102: 0.455 | AE102: 6.286 | AF102: 0.026 | AG102: 37.453 | AH102: 22.023 | AI102: 35.954 | AJ102: 50.472 | AK102: 9.137 | AL102: 38.445 | AM102: 9.027 | AN102: 2.447 | AO102: 7.022 | AP102: 1.286 | AQ102: 6.477 | AR102: 1.18 | AS102: 2.952 | AT102: 0.36 | AU102: 2.157 | AV102: 0.324 | AX102: 0.513
A103: J018_6_100x | B103: 1965.216 | C103: 0.386 | D103: 65.4 | E103: 0.044 | F103: 3267.96 | G103: 0.024 | H103: 7.208 | I103: 4.745 | J103: 322.618 | K103: 3685.239 | L103: 0.589 | M103: 0.121 | N103: 340.88 | O103: 2.363 | P103: 2094.648 | Q103: 73.596 | R103: 0.025 | S103: 7.084 | T103: 0.052 | U103: 1.823 | V103: 3.782 | W103: 0.007 | X103: 1.027 | Y103: 0.439 | Z103: 0.084 | AA103: 3.315 | AB103: 62.024 | AC103: 1.343 | AD103: 0.265 | AE103: 3.235 | AF103: 0.007 | AG103: 2.718 | AH103: 9.414 | AI103: 3.617 | AJ103: 7.59 | AK103: 0.888 | AL103: 3.507 | AM103: 0.756 | AN103: 0.169 | AO103: 0.536 | AP103: 0.104 | AQ103: 0.559 | AR103: 0.108 | AS103: 0.289 | AT103: 0.041 | AU103: 0.259 | AV103: 0.038 | AX103: 0.5201
A104: J019_6_100x | B104: 1081.952 | C104: 0.378 | D104: 18.289 | E104: 0.025 | F104: 764.405 | G104: 0.006 | H104: 1.24 | I104: 2.366 | J104: 3.001 | K104: 1527.944 | L104: 0.368 | M104: 0.091 | N104: 267.981 | O104: 1.137 | P104: 928.614 | Q104: 24.03 | R104: 0.011 | S104: 3.886 | T104: 0.012 | U104: 1.443 | V104: 2.528 | W104: 0.005 | X104: 0.204 | Y104: 0.014 | Z104: 0.144 | AA104: 2.739 | AB104: 28.554 | AC104: 2.233 | AD104: 0.455 | AE104: 1.336 | AF104: 0.004 | AG104: 4.051 | AH104: 5.361 | AI104: 6.882 | AJ104: 14.469 | AK104: 1.726 | AL104: 6.641 | AM104: 1.343 | AN104: 0.235 | AO104: 0.871 | AP104: 0.157 | AQ104: 0.808 | AR104: 0.154 | AS104: 0.419 | AT104: 0.058 | AU104: 0.363 | AV104: 0.053 | AX104: 0.5287
A105: J024_6_100x | B105: 4692.188 | C105: 1.437 | D105: 53.31 | E105: 0.077 | F105: 1077.962 | G105: 0.084 | H105: 5.125 | I105: 15.316 | J105: 23.116 | K105: 7587.357 | L105: 1.454 | M105: 0.23 | N105: 661.323 | O105: 4.372 | P105: 4543.16 | Q105: 110.283 | R105: 0.137 | S105: 13.742 | T105: 0.06 | U105: 2.126 | V105: 6.118 | W105: 0.012 | X105: 1.37 | Y105: 0.442 | Z105: 0.044 | AA105: 2.569 | AB105: 81.255 | AC105: 1.595 | AD105: 0.298 | AE105: 15.182 | AF105: 0.006 | AG105: 3.12 | AH105: 24.312 | AI105: 5.824 | AJ105: 12.059 | AK105: 1.436 | AL105: 5.607 | AM105: 1.157 | AN105: 0.231 | AO105: 0.73 | AP105: 0.128 | AQ105: 0.649 | AR105: 0.119 | AS105: 0.32 | AT105: 0.043 | AU105: 0.269 | AV105: 0.041 | AX105: 0.5213
A106: J028_6_100x | B106: 2274.07 | C106: 0.622 | D106: 81.927 | E106: 0.047 | F106: 848.853 | G106: 0.011 | H106: 2.207 | I106: 6.221 | J106: 5.291 | K106: 3185.187 | L106: 0.649 | M106: 0.119 | N106: 484.059 | O106: 2.576 | P106: 2173.057 | Q106: 43.009 | R106: 0.069 | S106: 6.862 | T106: 0.043 | U106: 1.527 | V106: 4.662 | W106: 0.011 | X106: 0.335 | Y106: 0.107 | Z106: 0.055 | AA106: 2.912 | AB106: 56.304 | AC106: 1.768 | AD106: 0.313 | AE106: 3.002 | AF106: 1.19 | AG106: 2.767 | AH106: 12.118 | AI106: 5.574 | AJ106: 12.059 | AK106: 1.374 | AL106: 5.357 | AM106: 1.091 | AN106: 0.215 | AO106: 0.691 | AP106: 0.119 | AQ106: 0.583 | AR106: 0.111 | AS106: 0.3 | AT106: 0.04 | AU106: 0.254 | AV106: 0.038 | AX106: 0.5119
...

Sheet Umanjeno za Blankove
A1: izraženo u mg/kg i umanjeno za blankove
B2: Al | C2: As | D2: Ba | E2: Be | F2: Ca | G2: Cd | H2: Co | I2: Cr | J2: Cu | K2: Fe | L2: Ga | M2: Ge | N2: K | O2: Li | P2: Mg | Q2: Mn | R2: Mo | S2: Ni | T2: Nb | U2: Pb | V2: Rb | W2: Sb | X2: Sc | Y2: Se | Z2: Sn | AA2: Sr | AB2: Ti | AC2: Th | AD2: U | AE2: V | AF2: W | AG2: Y | AH2: Zn | AI2: La | AJ2: Ce | AK2: Pr | AL2: Nd | AM2: Sm | AN2: Eu | AO2: Gd | AP2: Tb | AQ2: Dy | AR2: Ho | AS2: Er | AT2: Tm | AU2: Yb | AV2: Lu
A3: J001_1_100x | B3: =IF(OR(Podaci!B$3="<LOD", Podaci!B4="<LOD"), Podaci!B4,(Podaci!B4-Podaci!B$3)) -> 0.808 | C3: =IF(OR(Podaci!C$3="<LOD", Podaci!C4="<LOD"), Podaci!C4,(Podaci!C4-Podaci!C$3)) -> 0.101 | D3: =IF(OR(Podaci!D$3="<LOD", Podaci!D4="<LOD"), Podaci!D4,(Podaci!D4-Podaci!D$3)) -> 0.082 | E3: =IF(OR(Podaci!E$3="<LOD", Podaci!E4="<LOD"), Podaci!E4,(Podaci!E4-Podaci!E$3)) -> <LOD | F3: =IF(OR(Podaci!F$3="<LOD", Podaci!F4="<LOD"), Podaci!F4,(Podaci!F4-Podaci!F$3)) -> <LOD | G3: =IF(OR(Podaci!G$3="<LOD", Podaci!G4="<LOD"), Podaci!G4,(Podaci!G4-Podaci!G$3)) -> <LOD | H3: =IF(OR(Podaci!H$3="<LOD", Podaci!H4="<LOD"), Podaci!H4,(Podaci!H4-Podaci!H$3)) -> 0.004 | I3: =IF(OR(Podaci!I$3="<LOD", Podaci!I4="<LOD"), Podaci!I4,(Podaci!I4-Podaci!I$3)) -> <LOD | ... AV3: =IF(OR(Podaci!AV$3="<LOD", Podaci!AV4="<LOD"), Podaci!AV4,(Podaci!AV4-Podaci!AV$3)) -> 0
A4: J002_1_100x | B4: =IF(OR(Podaci!B$3="<LOD", Podaci!B5="<LOD"), Podaci!B5,(Podaci!B5-Podaci!B$3)) -> 0.152 | C4: =IF(OR(Podaci!C$3="<LOD", Podaci!C5="<LOD"), Podaci!C5,(Podaci!C5-Podaci!C$3)) -> 0.008 | D4: =IF(OR(Podaci!D$3="<LOD", Podaci!D5="<LOD"), Podaci!D5,(Podaci!D5-Podaci!D$3)) -> 0.055 | E4: =IF(OR(Podaci!E$3="<LOD", Podaci!E5="<LOD"), Podaci!E5,(Podaci!E5-Podaci!E$3)) -> <LOD | F4: =IF(OR(Podaci!F$3="<LOD", Podaci!F5="<LOD"), Podaci!F5,(Podaci!F5-Podaci!F$3)) -> <LOD | G4: =IF(OR(Podaci!G$3="<LOD", Podaci!G5="<LOD"), Podaci!G5,(Podaci!G5-Podaci!G$3)) -> <LOD | H4: =IF(OR(Podaci!H$3="<LOD", Podaci!H5="<LOD"), Podaci!H5,(Podaci!H5-Podaci!H$3)) -> <LOD | I4: =IF(OR(Podaci!I$3="<LOD", Podaci!I5="<LOD"), Podaci!I5,(Podaci!I5-Podaci!I$3)) -> <LOD | ... AV4: =IF(OR(Podaci!AV$3="<LOD", Podaci!AV5="<LOD"), Podaci!AV5,(Podaci!AV5-Podaci!AV$3)) -> 0
A5: J003_1_100x | B5: =IF(OR(Podaci!B$3="<LOD", Podaci!B6="<LOD"), Podaci!B6,(Podaci!B6-Podaci!B$3)) -> <LOD | C5: =IF(OR(Podaci!C$3="<LOD", Podaci!C6="<LOD"), Podaci!C6,(Podaci!C6-Podaci!C$3)) -> 0.031 | D5: =IF(OR(Podaci!D$3="<LOD", Podaci!D6="<LOD"), Podaci!D6,(Podaci!D6-Podaci!D$3)) -> 0.021 | E5: =IF(OR(Podaci!E$3="<LOD", Podaci!E6="<LOD"), Podaci!E6,(Podaci!E6-Podaci!E$3)) -> <LOD | F5: =IF(OR(Podaci!F$3="<LOD", Podaci!F6="<LOD"), Podaci!F6,(Podaci!F6-Podaci!F$3)) -> <LOD | G5: =IF(OR(Podaci!G$3="<LOD", Podaci!G6="<LOD"), Podaci!G6,(Podaci!G6-Podaci!G$3)) -> <LOD | H5: =IF(OR(Podaci!H$3="<LOD", Podaci!H6="<LOD"), Podaci!H6,(Podaci!H6-Podaci!H$3)) -> <LOD | I5: =IF(OR(Podaci!I$3="<LOD", Podaci!I6="<LOD"), Podaci!I6,(Podaci!I6-Podaci!I$3)) -> <LOD | ... AV5: =IF(OR(Podaci!AV$3="<LOD", Podaci!AV6="<LOD"), Podaci!AV6,(Podaci!AV6-Podaci!AV$3)) -> 0
A6: J007_1_100x | B6: =IF(OR(Podaci!B$3="<LOD", Podaci!B7="<LOD"), Podaci!B7,(Podaci!B7-Podaci!B$3)) -> -0.128 | C6: =IF(OR(Podaci!C$3="<LOD", Podaci!C7="<LOD"), Podaci!C7,(Podaci!C7-Podaci!C$3)) -> 0.084 | D6: =IF(OR(Podaci!D$3="<LOD", Podaci!D7="<LOD"), Podaci!D7,(Podaci!D7-Podaci!D$3)) -> 0.091 | E6: =IF(OR(Podaci!E$3="<LOD", Podaci!E7="<LOD"), Podaci!E7,(Podaci!E7-Podaci!E$3)) -> <LOD | F6: =IF(OR(Podaci!F$3="<LOD", Podaci!F7="<LOD"), Podaci!F7,(Podaci!F7-Podaci!F$3)) -> <LOD | G6: =IF(OR(Podaci!G$3="<LOD", Podaci!G7="<LOD"), Podaci!G7,(Podaci!G7-Podaci!G$3)) -> 0.001 | H6: =IF(OR(Podaci!H$3="<LOD", Podaci!H7="<LOD"), Podaci!H7,(Podaci!H7-Podaci!H$3)) -> 0.002 | I6: =IF(OR(Podaci!I$3="<LOD", Podaci!I7="<LOD"), Podaci!I7,(Podaci!I7-Podaci!I$3)) -> <LOD | ... AV6: =IF(OR(Podaci!AV$3="<LOD", Podaci!AV7="<LOD"), Podaci!AV7,(Podaci!AV7-Podaci!AV$3)) -> 0
A7: J010_1_100x | B7: =IF(OR(Podaci!B$3="<LOD", Podaci!B8="<LOD"), Podaci!B8,(Podaci!B8-Podaci!B$3)) -> <LOD | C7: =IF(OR(Podaci!C$3="<LOD", Podaci!C8="<LOD"), Podaci!C8,(Podaci!C8-Podaci!C$3)) -> 0.019 | D7: =IF(OR(Podaci!D$3="<LOD", Podaci!D8="<LOD"), Podaci!D8,(Podaci!D8-Podaci!D$3)) -> 0.021 | E7: =IF(OR(Podaci!E$3="<LOD", Podaci!E8="<LOD"), Podaci!E8,(Podaci!E8-Podaci!E$3)) -> <LOD | F7: =IF(OR(Podaci!F$3="<LOD", Podaci!F8="<LOD"), Podaci!F8,(Podaci!F8-Podaci!F$3)) -> <LOD | G7: =IF(OR(Podaci!G$3="<LOD", Podaci!G8="<LOD"), Podaci!G8,(Podaci!G8-Podaci!G$3)) -> <LOD | H7: =IF(OR(Podaci!H$3="<LOD", Podaci!H8="<LOD"), Podaci!H8,(Podaci!H8-Podaci!H$3)) -> <LOD | I7: =IF(OR(Podaci!I$3="<LOD", Podaci!I8="<LOD"), Podaci!I8,(Podaci!I8-Podaci!I$3)) -> <LOD | ... AV7: =IF(OR(Podaci!AV$3="<LOD", Podaci!AV8="<LOD"), Podaci!AV8,(Podaci!AV8-Podaci!AV$3)) -> 0
A8: J016a_1_100x | B8: =IF(OR(Podaci!B$3="<LOD", Podaci!B9="<LOD"), Podaci!B9,(Podaci!B9-Podaci!B$3)) -> -0.009 | C8: =IF(OR(Podaci!C$3="<LOD", Podaci!C9="<LOD"), Podaci!C9,(Podaci!C9-Podaci!C$3)) -> 0.016 | D8: =IF(OR(Podaci!D$3="<LOD", Podaci!D9="<LOD"), Podaci!D9,(Podaci!D9-Podaci!D$3)) -> 0.12 | E8: =IF(OR(Podaci!E$3="<LOD", Podaci!E9="<LOD"), Podaci!E9,(Podaci!E9-Podaci!E$3)) -> <LOD | F8: =IF(OR(Podaci!F$3="<LOD", Podaci!F9="<LOD"), Podaci!F9,(Podaci!F9-Podaci!F$3)) -> <LOD | G8: =IF(OR(Podaci!G$3="<LOD", Podaci!G9="<LOD"), Podaci!G9,(Podaci!G9-Podaci!G$3)) -> <LOD | H8: =IF(OR(Podaci!H$3="<LOD", Podaci!H9="<LOD"), Podaci!H9,(Podaci!H9-Podaci!H$3)) -> <LOD | I8: =IF(OR(Podaci!I$3="<LOD", Podaci!I9="<LOD"), Podaci!I9,(Podaci!I9-Podaci!I$3)) -> <LOD | ... AV8: =IF(OR(Podaci!AV$3="<LOD", Podaci!AV9="<LOD"), Podaci!AV9,(Podaci!AV9-Podaci!AV$3)) -> 0
A9: J016b_1_100x | B9: =IF(OR(Podaci!B$3="<LOD", Podaci!B10="<LOD"), Podaci!B10,(Podaci!B10-Podaci!B$3)) -> 0.246 | C9: =IF(OR(Podaci!C$3="<LOD", Podaci!C10="<LOD"), Podaci!C10,(Podaci!C10-Podaci!C$3)) -> 0.025 | D9: =IF(OR(Podaci!D$3="<LOD", Podaci!D10="<LOD"), Podaci!D10,(Podaci!D10-Podaci!D$3)) -> 0.223 | E9: =IF(OR(Podaci!E$3="<LOD", Podaci!E10="<LOD"), Podaci!E10,(Podaci!E10-Podaci!E$3)) -> <LOD | F9: =IF(OR(Podaci!F$3="<LOD", Podaci!F10="<LOD"), Podaci!F10,(Podaci!F10-Podaci!F$3)) -> <LOD | G9: =IF(OR(Podaci!G$3="<LOD", Podaci!G10="<LOD"), Podaci!G10,(Podaci!G10-Podaci!G$3)) -> <LOD | H9: =IF(OR(Podaci!H$3="<LOD", Podaci!H10="<LOD"), Podaci!H10,(Podaci!H10-Podaci!H$3)) -> <LOD | I9: =IF(OR(Podaci!I$3="<LOD", Podaci!I10="<LOD"), Podaci!I10,(Podaci!I10-Podaci!I$3)) -> <LOD | ... AV9: =IF(OR(Podaci!AV$3="<LOD", Podaci!AV10="<LOD"), Podaci!AV10,(Podaci!AV10-Podaci!AV$3)) -> 0
A10: J016c_1_100x | B10: =IF(OR(Podaci!B$3="<LOD", Podaci!B11="<LOD"), Podaci!B11,(Podaci!B11-Podaci!B$3)) -> -0.122 | C10: =IF(OR(Podaci!C$3="<LOD", Podaci!C11="<LOD"), Podaci!C11,(Podaci!C11-Podaci!C$3)) -> 0.017 | D10: =IF(OR(Podaci!D$3="<LOD", Podaci!D11="<LOD"), Podaci!D11,(Podaci!D11-Podaci!D$3)) -> 0.187 | E10: =IF(OR(Podaci!E$3="<LOD", Podaci!E11="<LOD"), Podaci!E11,(Podaci!E11-Podaci!E$3)) -> <LOD | F10: =IF(OR(Podaci!F$3="<LOD", Podaci!F11="<LOD"), Podaci!F11,(Podaci!F11-Podaci!F$3)) -> <LOD | G10: =IF(OR(Podaci!G$3="<LOD", Podaci!G11="<LOD"), Podaci!G11,(Podaci!G11-Podaci!G$3)) -> <LOD | H10: =IF(OR(Podaci!H$3="<LOD", Podaci!H11="<LOD"), Podaci!H11,(Podaci!H11-Podaci!H$3)) -> <LOD | I10: =IF(OR(Podaci!I$3="<LOD", Podaci!I11="<LOD"), Podaci!I11,(Podaci!I11-Podaci!I$3)) -> <LOD | ... AV10: =IF(OR(Podaci!AV$3="<LOD", Podaci!AV11="<LOD"), Podaci!AV11,(Podaci!AV11-Podaci!AV$3)) -> 0
A11: J018_1_100x | B11: =IF(OR(Podaci!B$3="<LOD", Podaci!B12="<LOD"), Podaci!B12,(Podaci!B12-Podaci!B$3)) -> -0.158 | C11: =IF(OR(Podaci!C$3="<LOD", Podaci!C12="<LOD"), Podaci!C12,(Podaci!C12-Podaci!C$3)) -> 0.004 | D11: =IF(OR(Podaci!D$3="<LOD", Podaci!D12="<LOD"), Podaci!D12,(Podaci!D12-Podaci!D$3)) -> -0.002 | E11: =IF(OR(Podaci!E$3="<LOD", Podaci!E12="<LOD"), Podaci!E12,(Podaci!E12-Podaci!E$3)) -> <LOD | F11: =IF(OR(Podaci!F$3="<LOD", Podaci!F12="<LOD"), Podaci!F12,(Podaci!F12-Podaci!F$3)) -> <LOD | G11: =IF(OR(Podaci!G$3="<LOD", Podaci!G12="<LOD"), Podaci!G12,(Podaci!G12-Podaci!G$3)) -> <LOD | H11: =IF(OR(Podaci!H$3="<LOD", Podaci!H12="<LOD"), Podaci!H12,(Podaci!H12-Podaci!H$3)) -> <LOD | I11: =IF(OR(Podaci!I$3="<LOD", Podaci!I12="<LOD"), Podaci!I12,(Podaci!I12-Podaci!I$3)) -> <LOD | ... AV11: =IF(OR(Podaci!AV$3="<LOD", Podaci!AV12="<LOD"), Podaci!AV12,(Podaci!AV12-Podaci!AV$3)) -> 0
A12: J019_1_100x | B12: =IF(OR(Podaci!B$3="<LOD", Podaci!B13="<LOD"), Podaci!B13,(Podaci!B13-Podaci!B$3)) -> <LOD | C12: =IF(OR(Podaci!C$3="<LOD", Podaci!C13="<LOD"), Podaci!C13,(Podaci!C13-Podaci!C$3)) -> 0.001 | D12: =IF(OR(Podaci!D$3="<LOD", Podaci!D13="<LOD"), Podaci!D13,(Podaci!D13-Podaci!D$3)) -> 0.004 | E12: =IF(OR(Podaci!E$3="<LOD", Podaci!E13="<LOD"), Podaci!E13,(Podaci!E13-Podaci!E$3)) -> <LOD | F12: =IF(OR(Podaci!F$3="<LOD", Podaci!F13="<LOD"), Podaci!F13,(Podaci!F13-Podaci!F$3)) -> <LOD | G12: =IF(OR(Podaci!G$3="<LOD", Podaci!G13="<LOD"), Podaci!G13,(Podaci!G13-Podaci!G$3)) -> <LOD | H12: =IF(OR(Podaci!H$3="<LOD", Podaci!H13="<LOD"), Podaci!H13,(Podaci!H13-Podaci!H$3)) -> <LOD | I12: =IF(OR(Podaci!I$3="<LOD", Podaci!I13="<LOD"), Podaci!I13,(Podaci!I13-Podaci!I$3)) -> <LOD | ... AV12: =IF(OR(Podaci!AV$3="<LOD", Podaci!AV13="<LOD"), Podaci!AV13,(Podaci!AV13-Podaci!AV$3)) -> 0
A13: J024_1_100x | B13: =IF(OR(Podaci!B$3="<LOD", Podaci!B14="<LOD"), Podaci!B14,(Podaci!B14-Podaci!B$3)) -> -0.245 | C13: =IF(OR(Podaci!C$3="<LOD", Podaci!C14="<LOD"), Podaci!C14,(Podaci!C14-Podaci!C$3)) -> 0.077 | D13: =IF(OR(Podaci!D$3="<LOD", Podaci!D14="<LOD"), Podaci!D14,(Podaci!D14-Podaci!D$3)) -> 0.05 | E13: =IF(OR(Podaci!E$3="<LOD", Podaci!E14="<LOD"), Podaci!E14,(Podaci!E14-Podaci!E$3)) -> <LOD | F13: =IF(OR(Podaci!F$3="<LOD", Podaci!F14="<LOD"), Podaci!F14,(Podaci!F14-Podaci!F$3)) -> <LOD | G13: =IF(OR(Podaci!G$3="<LOD", Podaci!G14="<LOD"), Podaci!G14,(Podaci!G14-Podaci!G$3)) -> <LOD | H13: =IF(OR(Podaci!H$3="<LOD", Podaci!H14="<LOD"), Podaci!H14,(Podaci!H14-Podaci!H$3)) -> 0.002 | I13: =IF(OR(Podaci!I$3="<LOD", Podaci!I14="<LOD"), Podaci!I14,(Podaci!I14-Podaci!I$3)) -> <LOD | ... AV13: =IF(OR(Podaci!AV$3="<LOD", Podaci!AV14="<LOD"), Podaci!AV14,(Podaci!AV14-Podaci!AV$3)) -> 0
A14: J028_1_100x | B14: =IF(OR(Podaci!B$3="<LOD", Podaci!B15="<LOD"), Podaci!B15,(Podaci!B15-Podaci!B$3)) -> 0.31 | C14: =IF(OR(Podaci!C$3="<LOD", Podaci!C15="<LOD"), Podaci!C15,(Podaci!C15-Podaci!C$3)) -> 0.021 | D14: =IF(OR(Podaci!D$3="<LOD", Podaci!D15="<LOD"), Podaci!D15,(Podaci!D15-Podaci!D$3)) -> 0.098 | E14: =IF(OR(Podaci!E$3="<LOD", Podaci!E15="<LOD"), Podaci!E15,(Podaci!E15-Podaci!E$3)) -> <LOD | F14: =IF(OR(Podaci!F$3="<LOD", Podaci!F15="<LOD"), Podaci!F15,(Podaci!F15-Podaci!F$3)) -> <LOD | G14: =IF(OR(Podaci!G$3="<LOD", Podaci!G15="<LOD"), Podaci!G15,(Podaci!G15-Podaci!G$3)) -> <LOD | H14: =IF(OR(Podaci!H$3="<LOD", Podaci!H15="<LOD"), Podaci!H15,(Podaci!H15-Podaci!H$3)) -> <LOD | I14: =IF(OR(Podaci!I$3="<LOD", Podaci!I15="<LOD"), Podaci!I15,(Podaci!I15-Podaci!I$3)) -> 0.068 | ... AV14: =IF(OR(Podaci!AV$3="<LOD", Podaci!AV15="<LOD"), Podaci!AV15,(Podaci!AV15-Podaci!AV$3)) -> 0
... A18: J043_1_100x | B18: =IF(OR(Podaci!B$3="<LOD", Podaci!B19="<LOD"), Podaci!B19,(Podaci!B19-Podaci!B$3)) -> 1.223 | C18: =IF(OR(Podaci!C$3="<LOD", Podaci!C19="<LOD"), Podaci!C19,(Podaci!C19-Podaci!C$3)) -> 0.008 | D18: =IF(OR(Podaci!D$3="<LOD", Podaci!D19="<LOD"), Podaci!D19,(Podaci!D19-Podaci!D$3)) -> 0.039 | E18: =IF(OR(Podaci!E$3="<LOD", Podaci!E19="<LOD"), Podaci!E19,(Podaci!E19-Podaci!E$3)) -> <LOD | F18: =IF(OR(Podaci!F$3="<LOD", Podaci!F19="<LOD"), Podaci!F19,(Podaci!F19-Podaci!F$3)) -> <LOD | G18: =IF(OR(Podaci!G$3="<LOD", Podaci!G19="<LOD"), Podaci!G19,(Podaci!G19-Podaci!G$3)) -> <LOD | H18: =IF(OR(Podaci!H$3="<LOD", Podaci!H19="<LOD"), Podaci!H19,(Podaci!H19-Podaci!H$3)) -> <LOD | I18: =IF(OR(Podaci!I$3="<LOD", Podaci!I19="<LOD"), Podaci!I19,(Podaci!I19-Podaci!I$3)) -> 0.008 | ... AV18: =IF(OR(Podaci!AV$3="<LOD", Podaci!AV19="<LOD"), Podaci!AV19,(Podaci!AV19-Podaci!AV$3)) -> 0
A20: J001_2_100x | B20: =IF(OR(Podaci!B$21="<LOD", Podaci!B22="<LOD"), Podaci!B22,(Podaci!B22-Podaci!B$21)) -> 16.298 | C20: =IF(OR(Podaci!C$21="<LOD", Podaci!C22="<LOD"), Podaci!C22,(Podaci!C22-Podaci!C$21)) -> 0.372 | D20: =IF(OR(Podaci!D$21="<LOD", Podaci!D22="<LOD"), Podaci!D22,(Podaci!D22-Podaci!D$21)) -> 37.76 | E20: =IF(OR(Podaci!E$21="<LOD", Podaci!E22="<LOD"), Podaci!E22,(Podaci!E22-Podaci!E$21)) -> 0.016 | F20: =IF(OR(Podaci!F$21="<LOD", Podaci!F22="<LOD"), Podaci!F22,(Podaci!F22-Podaci!F$21)) -> 430.831 | G20: =IF(OR(Podaci!G$21="<LOD", Podaci!G22="<LOD"), Podaci!G22,(Podaci!G22-Podaci!G$21)) -> 0.016 | H20: =IF(OR(Podaci!H$21="<LOD", Podaci!H22="<LOD"), Podaci!H22,(Podaci!H22-Podaci!H$21)) -> 0.297 | I20: =IF(OR(Podaci!I$21="<LOD", Podaci!I22="<LOD"), Podaci!I22,(Podaci!I22-Podaci!I$21)) -> 0.037 | ... AV20: =IF(OR(Podaci!AV$21="<LOD", Podaci!AV22="<LOD"), Podaci!AV22,(Podaci!AV22-Podaci!AV$21)) -> 0.001
A21: J002_2_100x | B21: =IF(OR(Podaci!B$21="<LOD", Podaci!B23="<LOD"), Podaci!B23,(Podaci!B23-Podaci!B$21)) -> 13.992 | C21: =IF(OR(Podaci!C$21="<LOD", Podaci!C23="<LOD"), Podaci!C23,(Podaci!C23-Podaci!C$21)) -> 0.032 | D21: =IF(OR(Podaci!D$21="<LOD", Podaci!D23="<LOD"), Podaci!D23,(Podaci!D23-Podaci!D$21)) -> 29.135 | E21: =IF(OR(Podaci!E$21="<LOD", Podaci!E23="<LOD"), Podaci!E23,(Podaci!E23-Podaci!E$21)) -> 0.006 | F21: =IF(OR(Podaci!F$21="<LOD", Podaci!F23="<LOD"), Podaci!F23,(Podaci!F23-Podaci!F$21)) -> 606.024 | G21: =IF(OR(Podaci!G$21="<LOD", Podaci!G23="<LOD"), Podaci!G23,(Podaci!G23-Podaci!G$21)) -> 0.023 | H21: =IF(OR(Podaci!H$21="<LOD", Podaci!H23="<LOD"), Podaci!H23,(Podaci!H23-Podaci!H$21)) -> 0.046 | I21: =IF(OR(Podaci!I$21="<LOD", Podaci!I23="<LOD"), Podaci!I23,(Podaci!I23-Podaci!I$21)) -> 0.06 | ... AV21: =IF(OR(Podaci!AV$21="<LOD", Podaci!AV23="<LOD"), Podaci!AV23,(Podaci!AV23-Podaci!AV$21)) -> 0.004
A22: J003_2_100x | B22: =IF(OR(Podaci!B$21="<LOD", Podaci!B24="<LOD"), Podaci!B24,(Podaci!B24-Podaci!B$21)) -> 8.238 | C22: =IF(OR(Podaci!C$21="<LOD", Podaci!C24="<LOD"), Podaci!C24,(Podaci!C24-Podaci!C$21)) -> 0.057 | D22: =IF(OR(Podaci!D$21="<LOD", Podaci!D24="<LOD"), Podaci!D24,(Podaci!D24-Podaci!D$21)) -> 27.711 | E22: =IF(OR(Podaci!E$21="<LOD", Podaci!E24="<LOD"), Podaci!E24,(Podaci!E24-Podaci!E$21)) -> 0.01 | F22: =IF(OR(Podaci!F$21="<LOD", Podaci!F24="<LOD"), Podaci!F24,(Podaci!F24-Podaci!F$21)) -> 388.946 | G22: =IF(OR(Podaci!G$21="<LOD", Podaci!G24="<LOD"), Podaci!G24,(Podaci!G24-Podaci!G$21)) -> 0.008 | H22: =IF(OR(Podaci!H$21="<LOD", Podaci!H24="<LOD"), Podaci!H24,(Podaci!H24-Podaci!H$21)) -> 0.089 | I22: =IF(OR(Podaci!I$21="<LOD", Podaci!I24="<LOD"), Podaci!I24,(Podaci!I24-Podaci!I$21)) -> 0.011 | ... AV22: =IF(OR(Podaci!AV$21="<LOD", Podaci!AV24="<LOD"), Podaci!AV24,(Podaci!AV24-Podaci!AV$21)) -> 0.001
A23: J007_2_100x | B23: =IF(OR(Podaci!B$21="<LOD", Podaci!B25="<LOD"), Podaci!B25,(Podaci!B25-Podaci!B$21)) -> 6.569 | C23: =IF(OR(Podaci!C$21="<LOD", Podaci!C25="<LOD"), Podaci!C25,(Podaci!C25-Podaci!C$21)) -> 0.16 | D23: =IF(OR(Podaci!D$21="<LOD", Podaci!D25="<LOD"), Podaci!D25,(Podaci!D25-Podaci!D$21)) -> 37.245 | E23: =IF(OR(Podaci!E$21="<LOD", Podaci!E25="<LOD"), Podaci!E25,(Podaci!E25-Podaci!E$21)) -> 0.009 | F23: =IF(OR(Podaci!F$21="<LOD", Podaci!F25="<LOD"), Podaci!F25,(Podaci!F25-Podaci!F$21)) -> 489.238 | G23: =IF(OR(Podaci!G$21="<LOD", Podaci!G25="<LOD"), Podaci!G25,(Podaci!G25-Podaci!G$21)) -> 0.031 | H23: =IF(OR(Podaci!H$21="<LOD", Podaci!H25="<LOD"), Podaci!H25,(Podaci!H25-Podaci!H$21)) -> 0.212 | I23: =IF(OR(Podaci!I$21="<LOD", Podaci!I25="<LOD"), Podaci!I25,(Podaci!I25-Podaci!I$21)) -> 0.037 | ... AV23: =IF(OR(Podaci!AV$21="<LOD", Podaci!AV25="<LOD"), Podaci!AV25,(Podaci!AV25-Podaci!AV$21)) -> 0
A24: J0010_2_100x | B24: =IF(OR(Podaci!B$21="<LOD", Podaci!B26="<LOD"), Podaci!B26,(Podaci!B26-Podaci!B$21)) -> 6.396 | C24: =IF(OR(Podaci!C$21="<LOD", Podaci!C26="<LOD"), Podaci!C26,(Podaci!C26-Podaci!C$21)) -> 0.057 | D24: =IF(OR(Podaci!D$21="<LOD", Podaci!D26="<LOD"), Podaci!D26,(Podaci!D26-Podaci!D$21)) -> 12.631 | E24: =IF(OR(Podaci!E$21="<LOD", Podaci!E26="<LOD"), Podaci!E26,(Podaci!E26-Podaci!E$21)) -> 0.004 | F24: =IF(OR(Podaci!F$21="<LOD", Podaci!F26="<LOD"), Podaci!F26,(Podaci!F26-Podaci!F$21)) -> 300.463 | G24: =IF(OR(Podaci!G$21="<LOD", Podaci!G26="<LOD"), Podaci!G26,(Podaci!G26-Podaci!G$21)) -> 0.013 | H24: =IF(OR(Podaci!H$21="<LOD", Podaci!H26="<LOD"), Podaci!H26,(Podaci!H26-Podaci!H$21)) -> 0.125 | I24: =IF(OR(Podaci!I$21="<LOD", Podaci!I26="<LOD"), Podaci!I26,(Podaci!I26-Podaci!I$21)) -> 0.016 | ... AV24: =IF(OR(Podaci!AV$21="<LOD", Podaci!AV26="<LOD"), Podaci!AV26,(Podaci!AV26-Podaci!AV$21)) -> 0
A25: J0016a_2_100x | B25: =IF(OR(Podaci!B$21="<LOD", Podaci!B27="<LOD"), Podaci!B27,(Podaci!B27-Podaci!B$21)) -> 21.536 | C25: =IF(OR(Podaci!C$21="<LOD", Podaci!C27="<LOD"), Podaci!C27,(Podaci!C27-Podaci!C$21)) -> 0.052 | D25: =IF(OR(Podaci!D$21="<LOD", Podaci!D27="<LOD"), Podaci!D27,(Podaci!D27-Podaci!D$21)) -> 103.11 | E25: =IF(OR(Podaci!E$21="<LOD", Podaci!E27="<LOD"), Podaci!E27,(Podaci!E27-Podaci!E$21)) -> 0.015 | F25: =IF(OR(Podaci!F$21="<LOD", Podaci!F27="<LOD"), Podaci!F27,(Podaci!F27-Podaci!F$21)) -> 2213.549 | G25: =IF(OR(Podaci!G$21="<LOD", Podaci!G27="<LOD"), Podaci!G27,(Podaci!G27-Podaci!G$21)) -> 0.046 | H25: =IF(OR(Podaci!H$21="<LOD", Podaci!H27="<LOD"), Podaci!H27,(Podaci!H27-Podaci!H$21)) -> 0.03 | I25: =IF(OR(Podaci!I$21="<LOD", Podaci!I27="<LOD"), Podaci!I27,(Podaci!I27-Podaci!I$21)) -> 0.034 | ... AV25: =IF(OR(Podaci!AV$21="<LOD", Podaci!AV27="<LOD"), Podaci!AV27,(Podaci!AV27-Podaci!AV$21)) -> 0.002
A26: J0016b_2_100x | B26: =IF(OR(Podaci!B$21="<LOD", Podaci!B28="<LOD"), Podaci!B28,(Podaci!B28-Podaci!B$21)) -> 14.574 | C26: =IF(OR(Podaci!C$21="<LOD", Podaci!C28="<LOD"), Podaci!C28,(Podaci!C28-Podaci!C$21)) -> 0.067 | D26: =IF(OR(Podaci!D$21="<LOD", Podaci!D28="<LOD"), Podaci!D28,(Podaci!D28-Podaci!D$21)) -> 96.389 | E26: =IF(OR(Podaci!E$21="<LOD", Podaci!E28="<LOD"), Podaci!E28,(Podaci!E28-Podaci!E$21)) -> 0.011 | F26: =IF(OR(Podaci!F$21="<LOD", Podaci!F28="<LOD"), Podaci!F28,(Podaci!F28-Podaci!F$21)) -> 2167.765 | G26: =IF(OR(Podaci!G$21="<LOD", Podaci!G28="<LOD"), Podaci!G28,(Podaci!G28-Podaci!G$21)) -> 0.041 | H26: =IF(OR(Podaci!H$21="<LOD", Podaci!H28="<LOD"), Podaci!H28,(Podaci!H28-Podaci!H$21)) -> 0.036 | I26: =IF(OR(Podaci!I$21="<LOD", Podaci!I28="<LOD"), Podaci!I28,(Podaci!I28-Podaci!I$21)) -> 0.016 | ... AV26: =IF(OR(Podaci!AV$21="<LOD", Podaci!AV28="<LOD"), Podaci!AV28,(Podaci!AV28-Podaci!AV$21)) -> 0.002
A27: J016c_2_100x | B27: =IF(OR(Podaci!B$21="<LOD", Podaci!B29="<LOD"), Podaci!B29,(Podaci!B29-Podaci!B$21)) -> 11.703 | C27: =IF(OR(Podaci!C$21="<LOD", Podaci!C29="<LOD"), Podaci!C29,(Podaci!C29-Podaci!C$21)) -> 0.065 | D27: =IF(OR(Podaci!D$21="<LOD", Podaci!D29="<LOD"), Podaci!D29,(Podaci!D29-Podaci!D$21)) -> 99.912 | E27: =IF(OR(Podaci!E$21="<LOD", Podaci!E29="<LOD"), Podaci!E29,(Podaci!E29-Podaci!E$21)) -> 0.009 | F27: =IF(OR(Podaci!F$21="<LOD", Podaci!F29="<LOD"), Podaci!F29,(Podaci!F29-Podaci!F$21)) -> 2192.937 | G27: =IF(OR(Podaci!G$21="<LOD", Podaci!G29="<LOD"), Podaci!G29,(Podaci!G29-Podaci!G$21)) -> 0.039 | H27: =IF(OR(Podaci!H$21="<LOD", Podaci!H29="<LOD"), Podaci!H29,(Podaci!H29-Podaci!H$21)) -> 0.029 | I27: =IF(OR(Podaci!I$21="<LOD", Podaci!I29="<LOD"), Podaci!I29,(Podaci!I29-Podaci!I$21)) -> 0.023 | ... AV27: =IF(OR(Podaci!AV$21="<LOD", Podaci!AV29="<LOD"), Podaci!AV29,(Podaci!AV29-Podaci!AV$21)) -> 0.002
A28: J018_2_100x | B28: =IF(OR(Podaci!B$21="<LOD", Podaci!B30="<LOD"), Podaci!B30,(Podaci!B30-Podaci!B$21)) -> 16.599 | C28: =IF(OR(Podaci!C$21="<LOD", Podaci!C30="<LOD"), Podaci!C30,(Podaci!C30-Podaci!C$21)) -> 0.017 | D28: =IF(OR(Podaci!D$21="<LOD", Podaci!D30="<LOD"), Podaci!D30,(Podaci!D30-Podaci!D$21)) -> 4.179 | E28: =IF(OR(Podaci!E$21="<LOD", Podaci!E30="<LOD"), Podaci!E30,(Podaci!E30-Podaci!E$21)) -> 0.004 | F28: =IF(OR(Podaci!F$21="<LOD", Podaci!F30="<LOD"), Podaci!F30,(Podaci!F30-Podaci!F$21)) -> 443.06 | G28: =IF(OR(Podaci!G$21="<LOD", Podaci!G30="<LOD"), Podaci!G30,(Podaci!G30-Podaci!G$21)) -> 0.008 | H28: =IF(OR(Podaci!H$21="<LOD", Podaci!H30="<LOD"), Podaci!H30,(Podaci!H30-Podaci!H$21)) -> 0.024 | I28: =IF(OR(Podaci!I$21="<LOD", Podaci!I30="<LOD"), Podaci!I30,(Podaci!I30-Podaci!I$21)) -> 0.042 | ... AV28: =IF(OR(Podaci!AV$21="<LOD", Podaci!AV30="<LOD"), Podaci!AV30,(Podaci!AV30-Podaci!AV$21)) -> 0.001
A29: J019_2_100x | B29: =IF(OR(Podaci!B$21="<LOD", Podaci!B31="<LOD"), Podaci!B31,(Podaci!B31-Podaci!B$21)) -> 3.408 | C29: =IF(OR(Podaci!C$21="<LOD", Podaci!C31="<LOD"), Podaci!C31,(Podaci!C31-Podaci!C$21)) -> 0.003 | D29: =IF(OR(Podaci!D$21="<LOD", Podaci!D31="<LOD"), Podaci!D31,(Podaci!D31-Podaci!D$21)) -> 4.248 | E29: =IF(OR(Podaci!E$21="<LOD", Podaci!E31="<LOD"), Podaci!E31,(Podaci!E31-Podaci!E$21)) -> 0.002 | F29: =IF(OR(Podaci!F$21="<LOD", Podaci!F31="<LOD"), Podaci!F31,(Podaci!F31-Podaci!F$21)) -> 52.163 | G29: =IF(OR(Podaci!G$21="<LOD", Podaci!G31="<LOD"), Podaci!G31,(Podaci!G31-Podaci!G$21)) -> 0.002 | H29: =IF(OR(Podaci!H$21="<LOD", Podaci!H31="<LOD"), Podaci!H31,(Podaci!H31-Podaci!H$21)) -> 0.009 | I29: =IF(OR(Podaci!I$21="<LOD", Podaci!I31="<LOD"), Podaci!I31,(Podaci!I31-Podaci!I$21)) -> 0.014 | ... AV29: =IF(OR(Podaci!AV$21="<LOD", Podaci!AV31="<LOD"), Podaci!AV31,(Podaci!AV31-Podaci!AV$21)) -> 0
A30: J024_2_100x | B30: =IF(OR(Podaci!B$21="<LOD", Podaci!B32="<LOD"), Podaci!B32,(Podaci!B32-Podaci!B$21)) -> 12.148 | C30: =IF(OR(Podaci!C$21="<LOD", Podaci!C32="<LOD"), Podaci!C32,(Podaci!C32-Podaci!C$21)) -> 0.281 | D30: =IF(OR(Podaci!D$21="<LOD", Podaci!D32="<LOD"), Podaci!D32,(Podaci!D32-Podaci!D$21)) -> 17.542 | E30: =IF(OR(Podaci!E$21="<LOD", Podaci!E32="<LOD"), Podaci!E32,(Podaci!E32-Podaci!E$21)) -> 0.005 | F30: =IF(OR(Podaci!F$21="<LOD", Podaci!F32="<LOD"), Podaci!F32,(Podaci!F32-Podaci!F$21)) -> 436.191 | G30: =IF(OR(Podaci!G$21="<LOD", Podaci!G32="<LOD"), Podaci!G32,(Podaci!G32-Podaci!G$21)) -> 0.102 | H30: =IF(OR(Podaci!H$21="<LOD", Podaci!H32="<LOD"), Podaci!H32,(Podaci!H32-Podaci!H$21)) -> 0.27 | I30: =IF(OR(Podaci!I$21="<LOD", Podaci!I32="<LOD"), Podaci!I32,(Podaci!I32-Podaci!I$21)) -> 0.063 | ... AV30: =IF(OR(Podaci!AV$21="<LOD", Podaci!AV32="<LOD"), Podaci!AV32,(Podaci!AV32-Podaci!AV$21)) -> 0.001
A31: J028_2_100x | B31: =IF(OR(Podaci!B$21="<LOD", Podaci!B33="<LOD"), Podaci!B33,(Podaci!B33-Podaci!B$21)) -> 9.929 | C31: =IF(OR(Podaci!C$21="<LOD", Podaci!C33="<LOD"), Podaci!C33,(Podaci!C33-Podaci!C$21)) -> 0.071 | D31: =IF(OR(Podaci!D$21="<LOD", Podaci!D33="<LOD"), Podaci!D33,(Podaci!D33-Podaci!D$21)) -> 26.309 | E31: =IF(OR(Podaci!E$21="<LOD", Podaci!E33="<LOD"), Podaci!E33,(Podaci!E33-Podaci!E$21)) -> 0.003 | F31: =IF(OR(Podaci!F$21="<LOD", Podaci!F33="<LOD"), Podaci!F33,(Podaci!F33-Podaci!F$21)) -> 359.588 | G31: =IF(OR(Podaci!G$21="<LOD", Podaci!G33="<LOD"), Podaci!G33,(Podaci!G33-Podaci!G$21)) -> 0.014 | H31: =IF(OR(Podaci!H$21="<LOD", Podaci!H33="<LOD"), Podaci!H33,(Podaci!H33-Podaci!H$21)) -> 0.094 | I31: =IF(OR(Podaci!I$21="<LOD", Podaci!I33="<LOD"), Podaci!I33,(Podaci!I33-Podaci!I$21)) -> 0.04 | ... AV31: =IF(OR(Podaci!AV$21="<LOD", Podaci!AV33="<LOD"), Podaci!AV33,(Podaci!AV33-Podaci!AV$21)) -> 0.001
... A35: J043_2_100x | B35: =IF(OR(Podaci!B$21="<LOD", Podaci!B37="<LOD"), Podaci!B37,(Podaci!B37-Podaci!B$21)) -> 15.276 | C35: =IF(OR(Podaci!C$21="<LOD", Podaci!C37="<LOD"), Podaci!C37,(Podaci!C37-Podaci!C$21)) -> 0.023 | D35: =IF(OR(Podaci!D$21="<LOD", Podaci!D37="<LOD"), Podaci!D37,(Podaci!D37-Podaci!D$21)) -> 20.347 | E35: =IF(OR(Podaci!E$21="<LOD", Podaci!E37="<LOD"), Podaci!E37,(Podaci!E37-Podaci!E$21)) -> 0.008 | F35: =IF(OR(Podaci!F$21="<LOD", Podaci!F37="<LOD"), Podaci!F37,(Podaci!F37-Podaci!F$21)) -> 1182.27 | G35: =IF(OR(Podaci!G$21="<LOD", Podaci!G37="<LOD"), Podaci!G37,(Podaci!G37-Podaci!G$21)) -> 0.005 | H35: =IF(OR(Podaci!H$21="<LOD", Podaci!H37="<LOD"), Podaci!H37,(Podaci!H37-Podaci!H$21)) -> 0.035 | I35: =IF(OR(Podaci!I$21="<LOD", Podaci!I37="<LOD"), Podaci!I37,(Podaci!I37-Podaci!I$21)) -> 0.044 | ... AV35: =IF(OR(Podaci!AV$21="<LOD", Podaci!AV37="<LOD"), Podaci!AV37,(Podaci!AV37-Podaci!AV$21)) -> 0.001
A37: J001_3_100x | B37: =IF(OR(Podaci!B$39="<LOD", Podaci!B40="<LOD"), Podaci!B40,(Podaci!B40-Podaci!B$39)) -> 318.484 | C37: =IF(OR(Podaci!C$39="<LOD", Podaci!C40="<LOD"), Podaci!C40,(Podaci!C40-Podaci!C$39)) -> 4.959 | D37: =IF(OR(Podaci!D$39="<LOD", Podaci!D40="<LOD"), Podaci!D40,(Podaci!D40-Podaci!D$39)) -> 11.554 | E37: =IF(OR(Podaci!E$39="<LOD", Podaci!E40="<LOD"), Podaci!E40,(Podaci!E40-Podaci!E$39)) -> 0.037 | F37: =IF(OR(Podaci!F$39="<LOD", Podaci!F40="<LOD"), Podaci!F40,(Podaci!F40-Podaci!F$39)) -> 41.131 | G37: =IF(OR(Podaci!G$39="<LOD", Podaci!G40="<LOD"), Podaci!G40,(Podaci!G40-Podaci!G$39)) -> 0.006 | H37: =IF(OR(Podaci!H$39="<LOD", Podaci!H40="<LOD"), Podaci!H40,(Podaci!H40-Podaci!H$39)) -> 0.339 | I37: =IF(OR(Podaci!I$39="<LOD", Podaci!I40="<LOD"), Podaci!I40,(Podaci!I40-Podaci!I$39)) -> 0.557 | ... AV37: =IF(OR(Podaci!AV$39="<LOD", Podaci!AV40="<LOD"), Podaci!AV40,(Podaci!AV40-Podaci!AV$39)) -> 0.017
A38: J002_3_100x | B38: =IF(OR(Podaci!B$39="<LOD", Podaci!B41="<LOD"), Podaci!B41,(Podaci!B41-Podaci!B$39)) -> 139.942 | C38: =IF(OR(Podaci!C$39="<LOD", Podaci!C41="<LOD"), Podaci!C41,(Podaci!C41-Podaci!C$39)) -> 6.154 | D38: =IF(OR(Podaci!D$39="<LOD", Podaci!D41="<LOD"), Podaci!D41,(Podaci!D41-Podaci!D$39)) -> 33.929 | E38: =IF(OR(Podaci!E$39="<LOD", Podaci!E41="<LOD"), Podaci!E41,(Podaci!E41-Podaci!E$39)) -> 0.024 | F38: =IF(OR(Podaci!F$39="<LOD", Podaci!F41="<LOD"), Podaci!F41,(Podaci!F41-Podaci!F$39)) -> 456.659 | G38: =IF(OR(Podaci!G$39="<LOD", Podaci!G41="<LOD"), Podaci!G41,(Podaci!G41-Podaci!G$39)) -> 0.02 | H38: =IF(OR(Podaci!H$39="<LOD", Podaci!H41="<LOD"), Podaci!H41,(Podaci!H41-Podaci!H$39)) -> 2.11 | I38: =IF(OR(Podaci!I$39="<LOD", Podaci!I41="<LOD"), Podaci!I41,(Podaci!I41-Podaci!I$39)) -> 0.412 | ... AV38: =IF(OR(Podaci!AV$39="<LOD", Podaci!AV41="<LOD"), Podaci!AV41,(Podaci!AV41-Podaci!AV$39)) -> 0.016
A39: J003_3_100x | B39: =IF(OR(Podaci!B$39="<LOD", Podaci!B42="<LOD"), Podaci!B42,(Podaci!B42-Podaci!B$39)) -> 201.222 | C39: =IF(OR(Podaci!C$39="<LOD", Podaci!C42="<LOD"), Podaci!C42,(Podaci!C42-Podaci!C$39)) -> 1.468 | D39: =IF(OR(Podaci!D$39="<LOD", Podaci!D42="<LOD"), Podaci!D42,(Podaci!D42-Podaci!D$39)) -> 6.362 | E39: =IF(OR(Podaci!E$39="<LOD", Podaci!E42="<LOD"), Podaci!E42,(Podaci!E42-Podaci!E$39)) -> 0.03 | F39: =IF(OR(Podaci!F$39="<LOD", Podaci!F42="<LOD"), Podaci!F42,(Podaci!F42-Podaci!F$39)) -> 63.851 | G39: =IF(OR(Podaci!G$39="<LOD", Podaci!G42="<LOD"), Podaci!G42,(Podaci!G42-Podaci!G$39)) -> 0.002 | H39: =IF(OR(Podaci!H$39="<LOD", Podaci!H42="<LOD"), Podaci!H42,(Podaci!H42-Podaci!H$39)) -> 0.124 | I39: =IF(OR(Podaci!I$39="<LOD", Podaci!I42="<LOD"), Podaci!I42,(Podaci!I42-Podaci!I$39)) -> 0.337 | ... AV39: =IF(OR(Podaci!AV$39="<LOD", Podaci!AV42="<LOD"), Podaci!AV42,(Podaci!AV42-Podaci!AV$39)) -> 0.014
A40: J007_3_100x | B40: =IF(OR(Podaci!B$39="<LOD", Podaci!B43="<LOD"), Podaci!B43,(Podaci!B43-Podaci!B$39)) -> 337.003 | C40: =IF(OR(Podaci!C$39="<LOD", Podaci!C43="<LOD"), Podaci!C43,(Podaci!C43-Podaci!C$39)) -> 3.171 | D40: =IF(OR(Podaci!D$39="<LOD", Podaci!D43="<LOD"), Podaci!D43,(Podaci!D43-Podaci!D$39)) -> 12.24 | E40: =IF(OR(Podaci!E$39="<LOD", Podaci!E43="<LOD"), Podaci!E43,(Podaci!E43-Podaci!E$39)) -> 0.036 | F40: =IF(OR(Podaci!F$39="<LOD", Podaci!F43="<LOD"), Podaci!F43,(Podaci!F43-Podaci!F$39)) -> 88.313 | G40: =IF(OR(Podaci!G$39="<LOD", Podaci!G43="<LOD"), Podaci!G43,(Podaci!G43-Podaci!G$39)) -> 0.013 | H40: =IF(OR(Podaci!H$39="<LOD", Podaci!H43="<LOD"), Podaci!H43,(Podaci!H43-Podaci!H$39)) -> 0.488 | I40: =IF(OR(Podaci!I$39="<LOD", Podaci!I43="<LOD"), Podaci!I43,(Podaci!I43-Podaci!I$39)) -> 0.548 | ... AV40: =IF(OR(Podaci!AV$39="<LOD", Podaci!AV43="<LOD"), Podaci!AV43,(Podaci!AV43-Podaci!AV$39)) -> 0.022
A41: J010_3_100x | B41: =IF(OR(Podaci!B$39="<LOD", Podaci!B44="<LOD"), Podaci!B44,(Podaci!B44-Podaci!B$39)) -> 133.597 | C41: =IF(OR(Podaci!C$39="<LOD", Podaci!C44="<LOD"), Podaci!C44,(Podaci!C44-Podaci!C$39)) -> 0.631 | D41: =IF(OR(Podaci!D$39="<LOD", Podaci!D44="<LOD"), Podaci!D44,(Podaci!D44-Podaci!D$39)) -> 2.494 | E41: =IF(OR(Podaci!E$39="<LOD", Podaci!E44="<LOD"), Podaci!E44,(Podaci!E44-Podaci!E$39)) -> 0.009 | F41: =IF(OR(Podaci!F$39="<LOD", Podaci!F44="<LOD"), Podaci!F44,(Podaci!F44-Podaci!F$39)) -> 33.392 | G41: =IF(OR(Podaci!G$39="<LOD", Podaci!G44="<LOD"), Podaci!G44,(Podaci!G44-Podaci!G$39)) -> 0.003 | H41: =IF(OR(Podaci!H$39="<LOD", Podaci!H44="<LOD"), Podaci!H44,(Podaci!H44-Podaci!H$39)) -> 0.141 | I41: =IF(OR(Podaci!I$39="<LOD", Podaci!I44="<LOD"), Podaci!I44,(Podaci!I44-Podaci!I$39)) -> 0.278 | ... AV41: =IF(OR(Podaci!AV$39="<LOD", Podaci!AV44="<LOD"), Podaci!AV44,(Podaci!AV44-Podaci!AV$39)) -> 0.005
A42: J016a_3_100x | B42: =IF(OR(Podaci!B$39="<LOD", Podaci!B45="<LOD"), Podaci!B45,(Podaci!B45-Podaci!B$39)) -> 1382.724 | C42: =IF(OR(Podaci!C$39="<LOD", Podaci!C45="<LOD"), Podaci!C45,(Podaci!C45-Podaci!C$39)) -> 7.173 | D42: =IF(OR(Podaci!D$39="<LOD", Podaci!D45="<LOD"), Podaci!D45,(Podaci!D45-Podaci!D$39)) -> 93.48 | E42: =IF(OR(Podaci!E$39="<LOD", Podaci!E45="<LOD"), Podaci!E45,(Podaci!E45-Podaci!E$39)) -> 0.092 | F42: =IF(OR(Podaci!F$39="<LOD", Podaci!F45="<LOD"), Podaci!F45,(Podaci!F45-Podaci!F$39)) -> 321.568 | G42: =IF(OR(Podaci!G$39="<LOD", Podaci!G45="<LOD"), Podaci!G45,(Podaci!G45-Podaci!G$39)) -> 0.029 | H42: =IF(OR(Podaci!H$39="<LOD", Podaci!H45="<LOD"), Podaci!H45,(Podaci!H45-Podaci!H$39)) -> 3 | I42: =IF(OR(Podaci!I$39="<LOD", Podaci!I45="<LOD"), Podaci!I45,(Podaci!I45-Podaci!I$39)) -> 1.125 | ... AV42: =IF(OR(Podaci!AV$39="<LOD", Podaci!AV45="<LOD"), Podaci!AV45,(Podaci!AV45-Podaci!AV$39)) -> 0.022
A43: J016b_3_100x | B43: =IF(OR(Podaci!B$39="<LOD", Podaci!B46="<LOD"), Podaci!B46,(Podaci!B46-Podaci!B$39)) -> 1293.517 | C43: =IF(OR(Podaci!C$39="<LOD", Podaci!C46="<LOD"), Podaci!C46,(Podaci!C46-Podaci!C$39)) -> 6.548 | D43: =IF(OR(Podaci!D$39="<LOD", Podaci!D46="<LOD"), Podaci!D46,(Podaci!D46-Podaci!D$39)) -> 94.309 | E43: =IF(OR(Podaci!E$39="<LOD", Podaci!E46="<LOD"), Podaci!E46,(Podaci!E46-Podaci!E$39)) -> 0.09 | F43: =IF(OR(Podaci!F$39="<LOD", Podaci!F46="<LOD"), Podaci!F46,(Podaci!F46-Podaci!F$39)) -> 246.047 | G43: =IF(OR(Podaci!G$39="<LOD", Podaci!G46="<LOD"), Podaci!G46,(Podaci!G46-Podaci!G$39)) -> 0.03 | H43: =IF(OR(Podaci!H$39="<LOD", Podaci!H46="<LOD"), Podaci!H46,(Podaci!H46-Podaci!H$39)) -> 2.791 | I43: =IF(OR(Podaci!I$39="<LOD", Podaci!I46="<LOD"), Podaci!I46,(Podaci!I46-Podaci!I$39)) -> 1.041 | ... AV43: =IF(OR(Podaci!AV$39="<LOD", Podaci!AV46="<LOD"), Podaci!AV46,(Podaci!AV46-Podaci!AV$39)) -> 0.011
A44: J016c_3_100x | B44: =IF(OR(Podaci!B$39="<LOD", Podaci!B47="<LOD"), Podaci!B47,(Podaci!B47-Podaci!B$39)) -> 1357.063 | C44: =IF(OR(Podaci!C$39="<LOD", Podaci!C47="<LOD"), Podaci!C47,(Podaci!C47-Podaci!C$39)) -> 6.649 | D44: =IF(OR(Podaci!D$39="<LOD", Podaci!D47="<LOD"), Podaci!D47,(Podaci!D47-Podaci!D$39)) -> 98.357 | E44: =IF(OR(Podaci!E$39="<LOD", Podaci!E47="<LOD"), Podaci!E47,(Podaci!E47-Podaci!E$39)) -> 0.099 | F44: =IF(OR(Podaci!F$39="<LOD", Podaci!F47="<LOD"), Podaci!F47,(Podaci!F47-Podaci!F$39)) -> 255.274 | G44: =IF(OR(Podaci!G$39="<LOD", Podaci!G47="<LOD"), Podaci!G47,(Podaci!G47-Podaci!G$39)) -> 0.029 | H44: =IF(OR(Podaci!H$39="<LOD", Podaci!H47="<LOD"), Podaci!H47,(Podaci!H47-Podaci!H$39)) -> 2.905 | I44: =IF(OR(Podaci!I$39="<LOD", Podaci!I47="<LOD"), Podaci!I47,(Podaci!I47-Podaci!I$39)) -> 1.078 | ... AV44: =IF(OR(Podaci!AV$39="<LOD", Podaci!AV47="<LOD"), Podaci!AV47,(Podaci!AV47-Podaci!AV$39)) -> 0.013
A45: J018_3_100x | B45: =IF(OR(Podaci!B$39="<LOD", Podaci!B48="<LOD"), Podaci!B48,(Podaci!B48-Podaci!B$39)) -> 164.814 | C45: =IF(OR(Podaci!C$39="<LOD", Podaci!C48="<LOD"), Podaci!C48,(Podaci!C48-Podaci!C$39)) -> 0.811 | D45: =IF(OR(Podaci!D$39="<LOD", Podaci!D48="<LOD"), Podaci!D48,(Podaci!D48-Podaci!D$39)) -> 4.944 | E45: =IF(OR(Podaci!E$39="<LOD", Podaci!E48="<LOD"), Podaci!E48,(Podaci!E48-Podaci!E$39)) -> 0.008 | F45: =IF(OR(Podaci!F$39="<LOD", Podaci!F48="<LOD"), Podaci!F48,(Podaci!F48-Podaci!F$39)) -> 81.636 | G45: =IF(OR(Podaci!G$39="<LOD", Podaci!G48="<LOD"), Podaci!G48,(Podaci!G48-Podaci!G$39)) -> 0.006 | H45: =IF(OR(Podaci!H$39="<LOD", Podaci!H48="<LOD"), Podaci!H48,(Podaci!H48-Podaci!H$39)) -> 0.383 | I45: =IF(OR(Podaci!I$39="<LOD", Podaci!I48="<LOD"), Podaci!I48,(Podaci!I48-Podaci!I$39)) -> 0.292 | ... AV45: =IF(OR(Podaci!AV$39="<LOD", Podaci!AV48="<LOD"), Podaci!AV48,(Podaci!AV48-Podaci!AV$39)) -> 0.002
A46: J019_3_100x | B46: =IF(OR(Podaci!B$39="<LOD", Podaci!B49="<LOD"), Podaci!B49,(Podaci!B49-Podaci!B$39)) -> 57.772 | C46: =IF(OR(Podaci!C$39="<LOD", Podaci!C49="<LOD"), Podaci!C49,(Podaci!C49-Podaci!C$39)) -> 0.192 | D46: =IF(OR(Podaci!D$39="<LOD", Podaci!D49="<LOD"), Podaci!D49,(Podaci!D49-Podaci!D$39)) -> 2.194 | E46: =IF(OR(Podaci!E$39="<LOD", Podaci!E49="<LOD"), Podaci!E49,(Podaci!E49-Podaci!E$39)) -> 0.004 | F46: =IF(OR(Podaci!F$39="<LOD", Podaci!F49="<LOD"), Podaci!F49,(Podaci!F49-Podaci!F$39)) -> 11.222 | G46: =IF(OR(Podaci!G$39="<LOD", Podaci!G49="<LOD"), Podaci!G49,(Podaci!G49-Podaci!G$39)) -> 0 | H46: =IF(OR(Podaci!H$39="<LOD", Podaci!H49="<LOD"), Podaci!H49,(Podaci!H49-Podaci!H$39)) -> 0.242 | I46: =IF(OR(Podaci!I$39="<LOD", Podaci!I49="<LOD"), Podaci!I49,(Podaci!I49-Podaci!I$39)) -> 0.101 | ... AV46: =IF(OR(Podaci!AV$39="<LOD", Podaci!AV49="<LOD"), Podaci!AV49,(Podaci!AV49-Podaci!AV$39)) -> 0.001
A47: J024_3_100x | B47: =IF(OR(Podaci!B$39="<LOD", Podaci!B50="<LOD"), Podaci!B50,(Podaci!B50-Podaci!B$39)) -> 217.28 | C47: =IF(OR(Podaci!C$39="<LOD", Podaci!C50="<LOD"), Podaci!C50,(Podaci!C50-Podaci!C$39)) -> 1.838 | D47: =IF(OR(Podaci!D$39="<LOD", Podaci!D50="<LOD"), Podaci!D50,(Podaci!D50-Podaci!D$39)) -> 5.241 | E47: =IF(OR(Podaci!E$39="<LOD", Podaci!E50="<LOD"), Podaci!E50,(Podaci!E50-Podaci!E$39)) -> 0.012 | F47: =IF(OR(Podaci!F$39="<LOD", Podaci!F50="<LOD"), Podaci!F50,(Podaci!F50-Podaci!F$39)) -> 65.055 | G47: =IF(OR(Podaci!G$39="<LOD", Podaci!G50="<LOD"), Podaci!G50,(Podaci!G50-Podaci!G$39)) -> 0.022 | H47: =IF(OR(Podaci!H$39="<LOD", Podaci!H50="<LOD"), Podaci!H50,(Podaci!H50-Podaci!H$39)) -> 0.912 | I47: =IF(OR(Podaci!I$39="<LOD", Podaci!I50="<LOD"), Podaci!I50,(Podaci!I50-Podaci!I$39)) -> 0.512 | ... AV47: =IF(OR(Podaci!AV$39="<LOD", Podaci!AV50="<LOD"), Podaci!AV50,(Podaci!AV50-Podaci!AV$39)) -> 0.01
A48: J028_3_100x | B48: =IF(OR(Podaci!B$39="<LOD", Podaci!B51="<LOD"), Podaci!B51,(Podaci!B51-Podaci!B$39)) -> 172.062 | C48: =IF(OR(Podaci!C$39="<LOD", Podaci!C51="<LOD"), Podaci!C51,(Podaci!C51-Podaci!C$39)) -> 1.026 | D48: =IF(OR(Podaci!D$39="<LOD", Podaci!D51="<LOD"), Podaci!D51,(Podaci!D51-Podaci!D$39)) -> 8.371 | E48: =IF(OR(Podaci!E$39="<LOD", Podaci!E51="<LOD"), Podaci!E51,(Podaci!E51-Podaci!E$39)) -> 0.011 | F48: =IF(OR(Podaci!F$39="<LOD", Podaci!F51="<LOD"), Podaci!F51,(Podaci!F51-Podaci!F$39)) -> 68.634 | G48: =IF(OR(Podaci!G$39="<LOD", Podaci!G51="<LOD"), Podaci!G51,(Podaci!G51-Podaci!G$39)) -> 0.004 | H48: =IF(OR(Podaci!H$39="<LOD", Podaci!H51="<LOD"), Podaci!H51,(Podaci!H51-Podaci!H$39)) -> 0.46 | I48: =IF(OR(Podaci!I$39="<LOD", Podaci!I51="<LOD"), Podaci!I51,(Podaci!I51-Podaci!I$39)) -> 0.347 | ... AV48: =IF(OR(Podaci!AV$39="<LOD", Podaci!AV51="<LOD"), Podaci!AV51,(Podaci!AV51-Podaci!AV$39)) -> 0.007
... A52: J043_3_100x | B52: =IF(OR(Podaci!B$39="<LOD", Podaci!B55="<LOD"), Podaci!B55,(Podaci!B55-Podaci!B$39)) -> 875.927 | C52: =IF(OR(Podaci!C$39="<LOD", Podaci!C55="<LOD"), Podaci!C55,(Podaci!C55-Podaci!C$39)) -> 0.978 | D52: =IF(OR(Podaci!D$39="<LOD", Podaci!D55="<LOD"), Podaci!D55,(Podaci!D55-Podaci!D$39)) -> 9.173 | E52: =IF(OR(Podaci!E$39="<LOD", Podaci!E55="<LOD"), Podaci!E55,(Podaci!E55-Podaci!E$39)) -> 0.037 | F52: =IF(OR(Podaci!F$39="<LOD", Podaci!F55="<LOD"), Podaci!F55,(Podaci!F55-Podaci!F$39)) -> 208.852 | G52: =IF(OR(Podaci!G$39="<LOD", Podaci!G55="<LOD"), Podaci!G55,(Podaci!G55-Podaci!G$39)) -> 0.003 | H52: =IF(OR(Podaci!H$39="<LOD", Podaci!H55="<LOD"), Podaci!H55,(Podaci!H55-Podaci!H$39)) -> 0.38 | I52: =IF(OR(Podaci!I$39="<LOD", Podaci!I55="<LOD"), Podaci!I55,(Podaci!I55-Podaci!I$39)) -> 0.666 | ... AV52: =IF(OR(Podaci!AV$39="<LOD", Podaci!AV55="<LOD"), Podaci!AV55,(Podaci!AV55-Podaci!AV$39)) -> 0.035
A54: J001_4_100x | B54: =IF(OR(Podaci!B$57="<LOD", Podaci!B58="<LOD"), Podaci!B58,(Podaci!B58-Podaci!B$57)) -> 264.588 | C54: =IF(OR(Podaci!C$57="<LOD", Podaci!C58="<LOD"), Podaci!C58,(Podaci!C58-Podaci!C$57)) -> 2.038 | D54: =IF(OR(Podaci!D$57="<LOD", Podaci!D58="<LOD"), Podaci!D58,(Podaci!D58-Podaci!D$57)) -> 4.082 | E54: =IF(OR(Podaci!E$57="<LOD", Podaci!E58="<LOD"), Podaci!E58,(Podaci!E58-Podaci!E$57)) -> 0.022 | F54: =IF(OR(Podaci!F$57="<LOD", Podaci!F58="<LOD"), Podaci!F58,(Podaci!F58-Podaci!F$57)) -> 5.259 | G54: =IF(OR(Podaci!G$57="<LOD", Podaci!G58="<LOD"), Podaci!G58,(Podaci!G58-Podaci!G$57)) -> 0.004 | H54: =IF(OR(Podaci!H$57="<LOD", Podaci!H58="<LOD"), Podaci!H58,(Podaci!H58-Podaci!H$57)) -> 0.463 | I54: =IF(OR(Podaci!I$57="<LOD", Podaci!I58="<LOD"), Podaci!I58,(Podaci!I58-Podaci!I$57)) -> 1.286 | ... AV54: =IF(OR(Podaci!AV$57="<LOD", Podaci!AV58="<LOD"), Podaci!AV58,(Podaci!AV58-Podaci!AV$57)) -> 0.005
A55: J002_4_100x | B55: =IF(OR(Podaci!B$57="<LOD", Podaci!B59="<LOD"), Podaci!B59,(Podaci!B59-Podaci!B$57)) -> 81.329 | C55: =IF(OR(Podaci!C$57="<LOD", Podaci!C59="<LOD"), Podaci!C59,(Podaci!C59-Podaci!C$57)) -> 4.912 | D55: =IF(OR(Podaci!D$57="<LOD", Podaci!D59="<LOD"), Podaci!D59,(Podaci!D59-Podaci!D$57)) -> 2.539 | E55: =IF(OR(Podaci!E$57="<LOD", Podaci!E59="<LOD"), Podaci!E59,(Podaci!E59-Podaci!E$57)) -> 0.012 | F55: =IF(OR(Podaci!F$57="<LOD", Podaci!F59="<LOD"), Podaci!F59,(Podaci!F59-Podaci!F$57)) -> <LOD | G55: =IF(OR(Podaci!G$57="<LOD", Podaci!G59="<LOD"), Podaci!G59,(Podaci!G59-Podaci!G$57)) -> 0.003 | H55: =IF(OR(Podaci!H$57="<LOD", Podaci!H59="<LOD"), Podaci!H59,(Podaci!H59-Podaci!H$57)) -> 0.524 | I55: =IF(OR(Podaci!I$57="<LOD", Podaci!I59="<LOD"), Podaci!I59,(Podaci!I59-Podaci!I$57)) -> 0.404 | ... AV55: =IF(OR(Podaci!AV$57="<LOD", Podaci!AV59="<LOD"), Podaci!AV59,(Podaci!AV59-Podaci!AV$57)) -> 0.009
A56: J003_4_100x | B56: =IF(OR(Podaci!B$57="<LOD", Podaci!B60="<LOD"), Podaci!B60,(Podaci!B60-Podaci!B$57)) -> 240.465 | C56: =IF(OR(Podaci!C$57="<LOD", Podaci!C60="<LOD"), Podaci!C60,(Podaci!C60-Podaci!C$57)) -> 1.953 | D56: =IF(OR(Podaci!D$57="<LOD", Podaci!D60="<LOD"), Podaci!D60,(Podaci!D60-Podaci!D$57)) -> 3.297 | E56: =IF(OR(Podaci!E$57="<LOD", Podaci!E60="<LOD"), Podaci!E60,(Podaci!E60-Podaci!E$57)) -> 0.022 | F56: =IF(OR(Podaci!F$57="<LOD", Podaci!F60="<LOD"), Podaci!F60,(Podaci!F60-Podaci!F$57)) -> 3.117 | G56: =IF(OR(Podaci!G$57="<LOD", Podaci!G60="<LOD"), Podaci!G60,(Podaci!G60-Podaci!G$57)) -> 0.002 | H56: =IF(OR(Podaci!H$57="<LOD", Podaci!H60="<LOD"), Podaci!H60,(Podaci!H60-Podaci!H$57)) -> 0.256 | I56: =IF(OR(Podaci!I$57="<LOD", Podaci!I60="<LOD"), Podaci!I60,(Podaci!I60-Podaci!I$57)) -> 1.261 | ... AV56: =IF(OR(Podaci!AV$57="<LOD", Podaci!AV60="<LOD"), Podaci!AV60,(Podaci!AV60-Podaci!AV$57)) -> 0.005
A57: J007_4_100x | B57: =IF(OR(Podaci!B$57="<LOD", Podaci!B61="<LOD"), Podaci!B61,(Podaci!B61-Podaci!B$57)) -> 281.549 | C57: =IF(OR(Podaci!C$57="<LOD", Podaci!C61="<LOD"), Podaci!C61,(Podaci!C61-Podaci!C$57)) -> 2.256 | D57: =IF(OR(Podaci!D$57="<LOD", Podaci!D61="<LOD"), Podaci!D61,(Podaci!D61-Podaci!D$57)) -> 5.783 | E57: =IF(OR(Podaci!E$57="<LOD", Podaci!E61="<LOD"), Podaci!E61,(Podaci!E61-Podaci!E$57)) -> 0.024 | F57: =IF(OR(Podaci!F$57="<LOD", Podaci!F61="<LOD"), Podaci!F61,(Podaci!F61-Podaci!F$57)) -> 20.382 | G57: =IF(OR(Podaci!G$57="<LOD", Podaci!G61="<LOD"), Podaci!G61,(Podaci!G61-Podaci!G$57)) -> 0.005 | H57: =IF(OR(Podaci!H$57="<LOD", Podaci!H61="<LOD"), Podaci!H61,(Podaci!H61-Podaci!H$57)) -> 0.396 | I57: =IF(OR(Podaci!I$57="<LOD", Podaci!I61="<LOD"), Podaci!I61,(Podaci!I61-Podaci!I$57)) -> 1.287 | ... AV57: =IF(OR(Podaci!AV$57="<LOD", Podaci!AV61="<LOD"), Podaci!AV61,(Podaci!AV61-Podaci!AV$57)) -> 0.005
A58: J010_4_100x | B58: =IF(OR(Podaci!B$57="<LOD", Podaci!B62="<LOD"), Podaci!B62,(Podaci!B62-Podaci!B$57)) -> 209.148 | C58: =IF(OR(Podaci!C$57="<LOD", Podaci!C62="<LOD"), Podaci!C62,(Podaci!C62-Podaci!C$57)) -> 0.835 | D58: =IF(OR(Podaci!D$57="<LOD", Podaci!D62="<LOD"), Podaci!D62,(Podaci!D62-Podaci!D$57)) -> 2.613 | E58: =IF(OR(Podaci!E$57="<LOD", Podaci!E62="<LOD"), Podaci!E62,(Podaci!E62-Podaci!E$57)) -> 0.014 | F58: =IF(OR(Podaci!F$57="<LOD", Podaci!F62="<LOD"), Podaci!F62,(Podaci!F62-Podaci!F$57)) -> 10.393 | G58: =IF(OR(Podaci!G$57="<LOD", Podaci!G62="<LOD"), Podaci!G62,(Podaci!G62-Podaci!G$57)) -> 0.004 | H58: =IF(OR(Podaci!H$57="<LOD", Podaci!H62="<LOD"), Podaci!H62,(Podaci!H62-Podaci!H$57)) -> 0.255 | I58: =IF(OR(Podaci!I$57="<LOD", Podaci!I62="<LOD"), Podaci!I62,(Podaci!I62-Podaci!I$57)) -> 1.087 | ... AV58: =IF(OR(Podaci!AV$57="<LOD", Podaci!AV62="<LOD"), Podaci!AV62,(Podaci!AV62-Podaci!AV$57)) -> 0.003
A59: J016a_4_100x | B59: =IF(OR(Podaci!B$57="<LOD", Podaci!B63="<LOD"), Podaci!B63,(Podaci!B63-Podaci!B$57)) -> 706.155 | C59: =IF(OR(Podaci!C$57="<LOD", Podaci!C63="<LOD"), Podaci!C63,(Podaci!C63-Podaci!C$57)) -> 6.411 | D59: =IF(OR(Podaci!D$57="<LOD", Podaci!D63="<LOD"), Podaci!D63,(Podaci!D63-Podaci!D$57)) -> 19.105 | E59: =IF(OR(Podaci!E$57="<LOD", Podaci!E63="<LOD"), Podaci!E63,(Podaci!E63-Podaci!E$57)) -> 0.058 | F59: =IF(OR(Podaci!F$57="<LOD", Podaci!F63="<LOD"), Podaci!F63,(Podaci!F63-Podaci!F$57)) -> 7.781 | G59: =IF(OR(Podaci!G$57="<LOD", Podaci!G63="<LOD"), Podaci!G63,(Podaci!G63-Podaci!G$57)) -> 0.005 | H59: =IF(OR(Podaci!H$57="<LOD", Podaci!H63="<LOD"), Podaci!H63,(Podaci!H63-Podaci!H$57)) -> 0.94 | I59: =IF(OR(Podaci!I$57="<LOD", Podaci!I63="<LOD"), Podaci!I63,(Podaci!I63-Podaci!I$57)) -> 1.685 | ... AV59: =IF(OR(Podaci!AV$57="<LOD", Podaci!AV63="<LOD"), Podaci!AV63,(Podaci!AV63-Podaci!AV$57)) -> 0.026
A60: J016b_4_100x | B60: =IF(OR(Podaci!B$57="<LOD", Podaci!B64="<LOD"), Podaci!B64,(Podaci!B64-Podaci!B$57)) -> 749.622 | C60: =IF(OR(Podaci!C$57="<LOD", Podaci!C64="<LOD"), Podaci!C64,(Podaci!C64-Podaci!C$57)) -> 6.694 | D60: =IF(OR(Podaci!D$57="<LOD", Podaci!D64="<LOD"), Podaci!D64,(Podaci!D64-Podaci!D$57)) -> 21.121 | E60: =IF(OR(Podaci!E$57="<LOD", Podaci!E64="<LOD"), Podaci!E64,(Podaci!E64-Podaci!E$57)) -> 0.062 | F60: =IF(OR(Podaci!F$57="<LOD", Podaci!F64="<LOD"), Podaci!F64,(Podaci!F64-Podaci!F$57)) -> 10.943 | G60: =IF(OR(Podaci!G$57="<LOD", Podaci!G64="<LOD"), Podaci!G64,(Podaci!G64-Podaci!G$57)) -> 0.005 | H60: =IF(OR(Podaci!H$57="<LOD", Podaci!H64="<LOD"), Podaci!H64,(Podaci!H64-Podaci!H$57)) -> 1.034 | I60: =IF(OR(Podaci!I$57="<LOD", Podaci!I64="<LOD"), Podaci!I64,(Podaci!I64-Podaci!I$57)) -> 1.7 | ... AV60: =IF(OR(Podaci!AV$57="<LOD", Podaci!AV64="<LOD"), Podaci!AV64,(Podaci!AV64-Podaci!AV$57)) -> 0.026
A61: J016c_4_100x | B61: =IF(OR(Podaci!B$57="<LOD", Podaci!B65="<LOD"), Podaci!B65,(Podaci!B65-Podaci!B$57)) -> 760.088 | C61: =IF(OR(Podaci!C$57="<LOD", Podaci!C65="<LOD"), Podaci!C65,(Podaci!C65-Podaci!C$57)) -> 7.063 | D61: =IF(OR(Podaci!D$57="<LOD", Podaci!D65="<LOD"), Podaci!D65,(Podaci!D65-Podaci!D$57)) -> 21.392 | E61: =IF(OR(Podaci!E$57="<LOD", Podaci!E65="<LOD"), Podaci!E65,(Podaci!E65-Podaci!E$57)) -> 0.062 | F61: =IF(OR(Podaci!F$57="<LOD", Podaci!F65="<LOD"), Podaci!F65,(Podaci!F65-Podaci!F$57)) -> 17.414 | G61: =IF(OR(Podaci!G$57="<LOD", Podaci!G65="<LOD"), Podaci!G65,(Podaci!G65-Podaci!G$57)) -> 0.005 | H61: =IF(OR(Podaci!H$57="<LOD", Podaci!H65="<LOD"), Podaci!H65,(Podaci!H65-Podaci!H$57)) -> 1.041 | I61: =IF(OR(Podaci!I$57="<LOD", Podaci!I65="<LOD"), Podaci!I65,(Podaci!I65-Podaci!I$57)) -> 1.737 | ... AV61: =IF(OR(Podaci!AV$57="<LOD", Podaci!AV65="<LOD"), Podaci!AV65,(Podaci!AV65-Podaci!AV$57)) -> 0.026
A62: J018_4_100x | B62: =IF(OR(Podaci!B$57="<LOD", Podaci!B66="<LOD"), Podaci!B66,(Podaci!B66-Podaci!B$57)) -> 118.259 | C62: =IF(OR(Podaci!C$57="<LOD", Podaci!C66="<LOD"), Podaci!C66,(Podaci!C66-Podaci!C$57)) -> 0.605 | D62: =IF(OR(Podaci!D$57="<LOD", Podaci!D66="<LOD"), Podaci!D66,(Podaci!D66-Podaci!D$57)) -> 3.113 | E62: =IF(OR(Podaci!E$57="<LOD", Podaci!E66="<LOD"), Podaci!E66,(Podaci!E66-Podaci!E$57)) -> 0.007 | F62: =IF(OR(Podaci!F$57="<LOD", Podaci!F66="<LOD"), Podaci!F66,(Podaci!F66-Podaci!F$57)) -> 8.091 | G62: =IF(OR(Podaci!G$57="<LOD", Podaci!G66="<LOD"), Podaci!G66,(Podaci!G66-Podaci!G$57)) -> 0.001 | H62: =IF(OR(Podaci!H$57="<LOD", Podaci!H66="<LOD"), Podaci!H66,(Podaci!H66-Podaci!H$57)) -> 0.279 | I62: =IF(OR(Podaci!I$57="<LOD", Podaci!I66="<LOD"), Podaci!I66,(Podaci!I66-Podaci!I$57)) -> 0.716 | ... AV62: =IF(OR(Podaci!AV$57="<LOD", Podaci!AV66="<LOD"), Podaci!AV66,(Podaci!AV66-Podaci!AV$57)) -> 0.002
A63: J019_4_100x | B63: =IF(OR(Podaci!B$57="<LOD", Podaci!B67="<LOD"), Podaci!B67,(Podaci!B67-Podaci!B$57)) -> 138.564 | C63: =IF(OR(Podaci!C$57="<LOD", Podaci!C67="<LOD"), Podaci!C67,(Podaci!C67-Podaci!C$57)) -> 0.151 | D63: =IF(OR(Podaci!D$57="<LOD", Podaci!D67="<LOD"), Podaci!D67,(Podaci!D67-Podaci!D$57)) -> 4.245 | E63: =IF(OR(Podaci!E$57="<LOD", Podaci!E67="<LOD"), Podaci!E67,(Podaci!E67-Podaci!E$57)) -> 0.007 | F63: =IF(OR(Podaci!F$57="<LOD", Podaci!F67="<LOD"), Podaci!F67,(Podaci!F67-Podaci!F$57)) -> 2.929 | G63: =IF(OR(Podaci!G$57="<LOD", Podaci!G67="<LOD"), Podaci!G67,(Podaci!G67-Podaci!G$57)) -> 0.001 | H63: =IF(OR(Podaci!H$57="<LOD", Podaci!H67="<LOD"), Podaci!H67,(Podaci!H67-Podaci!H$57)) -> 0.2 | I63: =IF(OR(Podaci!I$57="<LOD", Podaci!I67="<LOD"), Podaci!I67,(Podaci!I67-Podaci!I$57)) -> 0.477 | ... AV63: =IF(OR(Podaci!AV$57="<LOD", Podaci!AV67="<LOD"), Podaci!AV67,(Podaci!AV67-Podaci!AV$57)) -> 0.002
A64: J024_4_100x | B64: =IF(OR(Podaci!B$57="<LOD", Podaci!B68="<LOD"), Podaci!B68,(Podaci!B68-Podaci!B$57)) -> 342.085 | C64: =IF(OR(Podaci!C$57="<LOD", Podaci!C68="<LOD"), Podaci!C68,(Podaci!C68-Podaci!C$57)) -> 1.284 | D64: =IF(OR(Podaci!D$57="<LOD", Podaci!D68="<LOD"), Podaci!D68,(Podaci!D68-Podaci!D$57)) -> 5.599 | E64: =IF(OR(Podaci!E$57="<LOD", Podaci!E68="<LOD"), Podaci!E68,(Podaci!E68-Podaci!E$57)) -> 0.013 | F64: =IF(OR(Podaci!F$57="<LOD", Podaci!F68="<LOD"), Podaci!F68,(Podaci!F68-Podaci!F$57)) -> 19.296 | G64: =IF(OR(Podaci!G$57="<LOD", Podaci!G68="<LOD"), Podaci!G68,(Podaci!G68-Podaci!G$57)) -> 0.009 | H64: =IF(OR(Podaci!H$57="<LOD", Podaci!H68="<LOD"), Podaci!H68,(Podaci!H68-Podaci!H$57)) -> 0.906 | I64: =IF(OR(Podaci!I$57="<LOD", Podaci!I68="<LOD"), Podaci!I68,(Podaci!I68-Podaci!I$57)) -> 1.438 | ... AV64: =IF(OR(Podaci!AV$57="<LOD", Podaci!AV68="<LOD"), Podaci!AV68,(Podaci!AV68-Podaci!AV$57)) -> 0.003
A65: J028_4_100x | B65: =IF(OR(Podaci!B$57="<LOD", Podaci!B69="<LOD"), Podaci!B69,(Podaci!B69-Podaci!B$57)) -> 239.956 | C65: =IF(OR(Podaci!C$57="<LOD", Podaci!C69="<LOD"), Podaci!C69,(Podaci!C69-Podaci!C$57)) -> 0.625 | D65: =IF(OR(Podaci!D$57="<LOD", Podaci!D69="<LOD"), Podaci!D69,(Podaci!D69-Podaci!D$57)) -> 14.255 | E65: =IF(OR(Podaci!E$57="<LOD", Podaci!E69="<LOD"), Podaci!E69,(Podaci!E69-Podaci!E$57)) -> 0.01 | F65: =IF(OR(Podaci!F$57="<LOD", Podaci!F69="<LOD"), Podaci!F69,(Podaci!F69-Podaci!F$57)) -> 8 | G65: =IF(OR(Podaci!G$57="<LOD", Podaci!G69="<LOD"), Podaci!G69,(Podaci!G69-Podaci!G$57)) -> 0.002 | H65: =IF(OR(Podaci!H$57="<LOD", Podaci!H69="<LOD"), Podaci!H69,(Podaci!H69-Podaci!H$57)) -> 0.385 | I65: =IF(OR(Podaci!I$57="<LOD", Podaci!I69="<LOD"), Podaci!I69,(Podaci!I69-Podaci!I$57)) -> 0.768 | ... AV65: =IF(OR(Podaci!AV$57="<LOD", Podaci!AV69="<LOD"), Podaci!AV69,(Podaci!AV69-Podaci!AV$57)) -> 0.002
... A69: J043_4_100x | B69: =IF(OR(Podaci!B$57="<LOD", Podaci!B73="<LOD"), Podaci!B73,(Podaci!B73-Podaci!B$57)) -> 478.999 | C69: =IF(OR(Podaci!C$57="<LOD", Podaci!C73="<LOD"), Podaci!C73,(Podaci!C73-Podaci!C$57)) -> 1.487 | D69: =IF(OR(Podaci!D$57="<LOD", Podaci!D73="<LOD"), Podaci!D73,(Podaci!D73-Podaci!D$57)) -> 4.028 | E69: =IF(OR(Podaci!E$57="<LOD", Podaci!E73="<LOD"), Podaci!E73,(Podaci!E73-Podaci!E$57)) -> 0.025 | F69: =IF(OR(Podaci!F$57="<LOD", Podaci!F73="<LOD"), Podaci!F73,(Podaci!F73-Podaci!F$57)) -> 105.127 | G69: =IF(OR(Podaci!G$57="<LOD", Podaci!G73="<LOD"), Podaci!G73,(Podaci!G73-Podaci!G$57)) -> 0.002 | H69: =IF(OR(Podaci!H$57="<LOD", Podaci!H73="<LOD"), Podaci!H73,(Podaci!H73-Podaci!H$57)) -> 0.444 | I69: =IF(OR(Podaci!I$57="<LOD", Podaci!I73="<LOD"), Podaci!I73,(Podaci!I73-Podaci!I$57)) -> 2.581 | ... AV69: =IF(OR(Podaci!AV$57="<LOD", Podaci!AV73="<LOD"), Podaci!AV73,(Podaci!AV73-Podaci!AV$57)) -> 0.014
A71: BLank5 | B71: =IF(OR(Podaci!B75="<LOD", Podaci!B76="<LOD"), "<LOD", AVERAGE(Podaci!B75,Podaci!B76)) -> 0.874 | C71: =AVERAGE(Podaci!C75,Podaci!C76) -> 0.0025 | D71: =AVERAGE(Podaci!D75,Podaci!D76) -> 0.024 | E71: =IF(OR(Podaci!E75="<LOD", Podaci!E76="<LOD"), "<LOD", AVERAGE(Podaci!E75,Podaci!E76)) -> <LOD | F71: =AVERAGE(Podaci!F75,Podaci!F76) -> 11.855 | G71: =IF(OR(Podaci!G75="<LOD", Podaci!G76="<LOD"), "<LOD", AVERAGE(Podaci!G75,Podaci!G76)) -> <LOD | H71: =AVERAGE(Podaci!H75,Podaci!H76) -> 0.002 | I71: =AVERAGE(Podaci!I75,Podaci!I76) -> 0.003 | J71: =AVERAGE(Podaci!J75,Podaci!J76) -> 0.116 | K71: =AVERAGE(Podaci!K75,Podaci!K76) -> 1.7085 | L71: =AVERAGE(Podaci!L75,Podaci!L76) -> 0.0025 | M71: =AVERAGE(Podaci!M75,Podaci!M76) -> 0.012 | N71: =AVERAGE(Podaci!N75,Podaci!N76) -> 20.8235 | O71: =IF(OR(Podaci!O75="<LOD", Podaci!O76="<LOD"), "<LOD", AVERAGE(Podaci!O75,Podaci!O76)) -> <LOD | P71: =AVERAGE(Podaci!P75,Podaci!P76) -> 0.581 | Q71: =AVERAGE(Podaci!Q75,Podaci!Q76) -> 0.0595 | R71: =AVERAGE(Podaci!R75,Podaci!R76) -> 0.013 | S71: =AVERAGE(Podaci!S75,Podaci!S76) -> 0.0295 | T71: =AVERAGE(Podaci!T75,Podaci!T76) -> 0 | U71: =AVERAGE(Podaci!U75,Podaci!U76) -> 0.0105 | V71: =AVERAGE(Podaci!V75,Podaci!V76) -> 0.002 | W71: =AVERAGE(Podaci!W75,Podaci!W76) -> 0.001 | ... AC71: =AVERAGE(Podaci!AC75,Podaci!AC76) -> 0.001 | AD71: =IF(OR(Podaci!AD75="<LOD", Podaci!AD76="<LOD"), "<LOD", AVERAGE(Podaci!AD75,Podaci!AD76)) -> <LOD | AE71: =AVERAGE(Podaci!AE75,Podaci!AE76) -> 0.004 | AF71: =AVERAGE(Podaci!AF75,Podaci!AF76) -> 0.0035 | AG71: =AVERAGE(Podaci!AG75,Podaci!AG76) -> 0.001 | AH71: =AVERAGE(Podaci!AH75,Podaci!AH76) -> 1.9035 | AI71: =AVERAGE(Podaci!AI75,Podaci!AI76) -> 0 | AJ71: =AVERAGE(Podaci!AJ75,Podaci!AJ76) -> 0 | AK71: =AVERAGE(Podaci!AK75,Podaci!AK76) -> 0 | AL71: =AVERAGE(Podaci!AL75,Podaci!AL76) -> 0.0005 | ... AV71: =AVERAGE(Podaci!AV75,Podaci!AV76) -> 0
A72: J001_5_100x | B72: =IF(OR(B$71="<LOD", Podaci!B77="<LOD"), Podaci!B77,(Podaci!B77-B$71)) -> 55.656 | C72: =IF(OR(C$71="<LOD", Podaci!C77="<LOD"), Podaci!C77,(Podaci!C77-C$71)) -> 0.6455 | D72: =IF(OR(D$71="<LOD", Podaci!D77="<LOD"), Podaci!D77,(Podaci!D77-D$71)) -> 0.168 | E72: =IF(OR(E$71="<LOD", Podaci!E77="<LOD"), Podaci!E77,(Podaci!E77-E$71)) -> <LOD | F72: =IF(OR(F$71="<LOD", Podaci!F77="<LOD"), Podaci!F77,(Podaci!F77-F$71)) -> -10.381 | G72: =IF(OR(G$71="<LOD", Podaci!G77="<LOD"), Podaci!G77,(Podaci!G77-G$71)) -> 0.004 | H72: =IF(OR(H$71="<LOD", Podaci!H77="<LOD"), Podaci!H77,(Podaci!H77-H$71)) -> 0.04 | I72: =IF(OR(I$71="<LOD", Podaci!I77="<LOD"), Podaci!I77,(Podaci!I77-I$71)) -> 0.305 | ... AV72: =IF(OR(AV$71="<LOD", Podaci!AV77="<LOD"), Podaci!AV77,(Podaci!AV77-AV$71)) -> 0
A73: J002_5_100x | B73: =IF(OR(B$71="<LOD", Podaci!B78="<LOD"), Podaci!B78,(Podaci!B78-B$71)) -> 5.856 | C73: =IF(OR(C$71="<LOD", Podaci!C78="<LOD"), Podaci!C78,(Podaci!C78-C$71)) -> 0.2325 | D73: =IF(OR(D$71="<LOD", Podaci!D78="<LOD"), Podaci!D78,(Podaci!D78-D$71)) -> 0.112 | E73: =IF(OR(E$71="<LOD", Podaci!E78="<LOD"), Podaci!E78,(Podaci!E78-E$71)) -> <LOD | F73: =IF(OR(F$71="<LOD", Podaci!F78="<LOD"), Podaci!F78,(Podaci!F78-F$71)) -> -3.402 | G73: =IF(OR(G$71="<LOD", Podaci!G78="<LOD"), Podaci!G78,(Podaci!G78-G$71)) -> <LOD | H73: =IF(OR(H$71="<LOD", Podaci!H78="<LOD"), Podaci!H78,(Podaci!H78-H$71)) -> 0.001 | I73: =IF(OR(I$71="<LOD", Podaci!I78="<LOD"), Podaci!I78,(Podaci!I78-I$71)) -> <LOD | ... AV73: =IF(OR(AV$71="<LOD", Podaci!AV78="<LOD"), Podaci!AV78,(Podaci!AV78-AV$71)) -> 0
A74: J003_5_100x | B74: =IF(OR(B$71="<LOD", Podaci!B79="<LOD"), Podaci!B79,(Podaci!B79-B$71)) -> 28.866 | C74: =IF(OR(C$71="<LOD", Podaci!C79="<LOD"), Podaci!C79,(Podaci!C79-C$71)) -> 0.5365 | D74: =IF(OR(D$71="<LOD", Podaci!D79="<LOD"), Podaci!D79,(Podaci!D79-D$71)) -> 0.266 | E74: =IF(OR(E$71="<LOD", Podaci!E79="<LOD"), Podaci!E79,(Podaci!E79-E$71)) -> <LOD | F74: =IF(OR(F$71="<LOD", Podaci!F79="<LOD"), Podaci!F79,(Podaci!F79-F$71)) -> -2.557 | G74: =IF(OR(G$71="<LOD", Podaci!G79="<LOD"), Podaci!G79,(Podaci!G79-G$71)) -> 0.001 | H74: =IF(OR(H$71="<LOD", Podaci!H79="<LOD"), Podaci!H79,(Podaci!H79-H$71)) -> 0.016 | I74: =IF(OR(I$71="<LOD", Podaci!I79="<LOD"), Podaci!I79,(Podaci!I79-I$71)) -> 0.212 | ... AV74: =IF(OR(AV$71="<LOD", Podaci!AV79="<LOD"), Podaci!AV79,(Podaci!AV79-AV$71)) -> 0.001
A75: J007_5_100x | B75: =IF(OR(B$71="<LOD", Podaci!B80="<LOD"), Podaci!B80,(Podaci!B80-B$71)) -> 62.394 | C75: =IF(OR(C$71="<LOD", Podaci!C80="<LOD"), Podaci!C80,(Podaci!C80-C$71)) -> 0.7365 | D75: =IF(OR(D$71="<LOD", Podaci!D80="<LOD"), Podaci!D80,(Podaci!D80-D$71)) -> 0.266 | E75: =IF(OR(E$71="<LOD", Podaci!E80="<LOD"), Podaci!E80,(Podaci!E80-E$71)) -> <LOD | F75: =IF(OR(F$71="<LOD", Podaci!F80="<LOD"), Podaci!F80,(Podaci!F80-F$71)) -> <LOD | G75: =IF(OR(G$71="<LOD", Podaci!G80="<LOD"), Podaci!G80,(Podaci!G80-G$71)) -> 0.003 | H75: =IF(OR(H$71="<LOD", Podaci!H80="<LOD"), Podaci!H80,(Podaci!H80-H$71)) -> 0.027 | I75: =IF(OR(I$71="<LOD", Podaci!I80="<LOD"), Podaci!I80,(Podaci!I80-I$71)) -> 0.342 | ... AV75: =IF(OR(AV$71="<LOD", Podaci!AV80="<LOD"), Podaci!AV80,(Podaci!AV80-AV$71)) -> 0.001
A76: J010_5_100x | B76: =IF(OR(B$71="<LOD", Podaci!B81="<LOD"), Podaci!B81,(Podaci!B81-B$71)) -> 31.211 | C76: =IF(OR(C$71="<LOD", Podaci!C81="<LOD"), Podaci!C81,(Podaci!C81-C$71)) -> 0.2125 | D76: =IF(OR(D$71="<LOD", Podaci!D81="<LOD"), Podaci!D81,(Podaci!D81-D$71)) -> 0.194 | E76: =IF(OR(E$71="<LOD", Podaci!E81="<LOD"), Podaci!E81,(Podaci!E81-E$71)) -> <LOD | F76: =IF(OR(F$71="<LOD", Podaci!F81="<LOD"), Podaci!F81,(Podaci!F81-F$71)) -> -11.611 | G76: =IF(OR(G$71="<LOD", Podaci!G81="<LOD"), Podaci!G81,(Podaci!G81-G$71)) -> 0.004 | H76: =IF(OR(H$71="<LOD", Podaci!H81="<LOD"), Podaci!H81,(Podaci!H81-H$71)) -> 0.019 | I76: =IF(OR(I$71="<LOD", Podaci!I81="<LOD"), Podaci!I81,(Podaci!I81-I$71)) -> 0.268 | ... AV76: =IF(OR(AV$71="<LOD", Podaci!AV81="<LOD"), Podaci!AV81,(Podaci!AV81-AV$71)) -> 0
A77: J016a_5_100x | B77: =IF(OR(B$71="<LOD", Podaci!B82="<LOD"), Podaci!B82,(Podaci!B82-B$71)) -> 45.33 | C77: =IF(OR(C$71="<LOD", Podaci!C82="<LOD"), Podaci!C82,(Podaci!C82-C$71)) -> 1.1075 | D77: =IF(OR(D$71="<LOD", Podaci!D82="<LOD"), Podaci!D82,(Podaci!D82-D$71)) -> 3.144 | E77: =IF(OR(E$71="<LOD", Podaci!E82="<LOD"), Podaci!E82,(Podaci!E82-E$71)) -> 0.001 | F77: =IF(OR(F$71="<LOD", Podaci!F82="<LOD"), Podaci!F82,(Podaci!F82-F$71)) -> 205.459 | G77: =IF(OR(G$71="<LOD", Podaci!G82="<LOD"), Podaci!G82,(Podaci!G82-G$71)) -> 0.005 | H77: =IF(OR(H$71="<LOD", Podaci!H82="<LOD"), Podaci!H82,(Podaci!H82-H$71)) -> 0.062 | I77: =IF(OR(I$71="<LOD", Podaci!I82="<LOD"), Podaci!I82,(Podaci!I82-I$71)) -> 0.408 | ... AV77: =IF(OR(AV$71="<LOD", Podaci!AV82="<LOD"), Podaci!AV82,(Podaci!AV82-AV$71)) -> 0.014
A78: J016b_5_100x | B78: =IF(OR(B$71="<LOD", Podaci!B83="<LOD"), Podaci!B83,(Podaci!B83-B$71)) -> 50.031 | C78: =IF(OR(C$71="<LOD", Podaci!C83="<LOD"), Podaci!C83,(Podaci!C83-C$71)) -> 1.2045 | D78: =IF(OR(D$71="<LOD", Podaci!D83="<LOD"), Podaci!D83,(Podaci!D83-D$71)) -> 3.408 | E78: =IF(OR(E$71="<LOD", Podaci!E83="<LOD"), Podaci!E83,(Podaci!E83-E$71)) -> 0.001 | F78: =IF(OR(F$71="<LOD", Podaci!F83="<LOD"), Podaci!F83,(Podaci!F83-F$71)) -> 204.918 | G78: =IF(OR(G$71="<LOD", Podaci!G83="<LOD"), Podaci!G83,(Podaci!G83-G$71)) -> 0.007 | H78: =IF(OR(H$71="<LOD", Podaci!H83="<LOD"), Podaci!H83,(Podaci!H83-H$71)) -> 0.067 | I78: =IF(OR(I$71="<LOD", Podaci!I83="<LOD"), Podaci!I83,(Podaci!I83-I$71)) -> 0.396 | ... AV78: =IF(OR(AV$71="<LOD", Podaci!AV83="<LOD"), Podaci!AV83,(Podaci!AV83-AV$71)) -> 0.016
A79: J016c_5_100x | B79: =IF(OR(B$71="<LOD", Podaci!B84="<LOD"), Podaci!B84,(Podaci!B84-B$71)) -> 49.087 | C79: =IF(OR(C$71="<LOD", Podaci!C84="<LOD"), Podaci!C84,(Podaci!C84-C$71)) -> 1.2015 | D79: =IF(OR(D$71="<LOD", Podaci!D84="<LOD"), Podaci!D84,(Podaci!D84-D$71)) -> 3.538 | E79: =IF(OR(E$71="<LOD", Podaci!E84="<LOD"), Podaci!E84,(Podaci!E84-E$71)) -> 0.001 | F79: =IF(OR(F$71="<LOD", Podaci!F84="<LOD"), Podaci!F84,(Podaci!F84-F$71)) -> 192.929 | G79: =IF(OR(G$71="<LOD", Podaci!G84="<LOD"), Podaci!G84,(Podaci!G84-G$71)) -> 0.006 | H79: =IF(OR(H$71="<LOD", Podaci!H84="<LOD"), Podaci!H84,(Podaci!H84-H$71)) -> 0.066 | I79: =IF(OR(I$71="<LOD", Podaci!I84="<LOD"), Podaci!I84,(Podaci!I84-I$71)) -> 0.427 | ... AV79: =IF(OR(AV$71="<LOD", Podaci!AV84="<LOD"), Podaci!AV84,(Podaci!AV84-AV$71)) -> 0.015
A80: J018_5_100x | B80: =IF(OR(B$71="<LOD", Podaci!B85="<LOD"), Podaci!B85,(Podaci!B85-B$71)) -> 6.198 | C80: =IF(OR(C$71="<LOD", Podaci!C85="<LOD"), Podaci!C85,(Podaci!C85-C$71)) -> 0.0345 | D80: =IF(OR(D$71="<LOD", Podaci!D85="<LOD"), Podaci!D85,(Podaci!D85-D$71)) -> 0.094 | E80: =IF(OR(E$71="<LOD", Podaci!E85="<LOD"), Podaci!E85,(Podaci!E85-E$71)) -> <LOD | F80: =IF(OR(F$71="<LOD", Podaci!F85="<LOD"), Podaci!F85,(Podaci!F85-F$71)) -> -2.984 | G80: =IF(OR(G$71="<LOD", Podaci!G85="<LOD"), Podaci!G85,(Podaci!G85-G$71)) -> <LOD | H80: =IF(OR(H$71="<LOD", Podaci!H85="<LOD"), Podaci!H85,(Podaci!H85-H$71)) -> 0.004 | I80: =IF(OR(I$71="<LOD", Podaci!I85="<LOD"), Podaci!I85,(Podaci!I85-I$71)) -> -0.001 | ... AV80: =IF(OR(AV$71="<LOD", Podaci!AV85="<LOD"), Podaci!AV85,(Podaci!AV85-AV$71)) -> 0
A81: J019_5_100x | B81: =IF(OR(B$71="<LOD", Podaci!B86="<LOD"), Podaci!B86,(Podaci!B86-B$71)) -> 6.294 | C81: =IF(OR(C$71="<LOD", Podaci!C86="<LOD"), Podaci!C86,(Podaci!C86-C$71)) -> 0.0185 | D81: =IF(OR(D$71="<LOD", Podaci!D86="<LOD"), Podaci!D86,(Podaci!D86-D$71)) -> 0.081 | E81: =IF(OR(E$71="<LOD", Podaci!E86="<LOD"), Podaci!E86,(Podaci!E86-E$71)) -> <LOD | F81: =IF(OR(F$71="<LOD", Podaci!F86="<LOD"), Podaci!F86,(Podaci!F86-F$71)) -> <LOD | G81: =IF(OR(G$71="<LOD", Podaci!G86="<LOD"), Podaci!G86,(Podaci!G86-G$71)) -> <LOD | H81: =IF(OR(H$71="<LOD", Podaci!H86="<LOD"), Podaci!H86,(Podaci!H86-H$71)) -> 0.004 | I81: =IF(OR(I$71="<LOD", Podaci!I86="<LOD"), Podaci!I86,(Podaci!I86-I$71)) -> 0.004 | ... AV81: =IF(OR(AV$71="<LOD", Podaci!AV86="<LOD"), Podaci!AV86,(Podaci!AV86-AV$71)) -> 0
A82: J024_5_100x | B82: =IF(OR(B$71="<LOD", Podaci!B87="<LOD"), Podaci!B87,(Podaci!B87-B$71)) -> 17.43 | C82: =IF(OR(C$71="<LOD", Podaci!C87="<LOD"), Podaci!C87,(Podaci!C87-C$71)) -> 0.1735 | D82: =IF(OR(D$71="<LOD", Podaci!D87="<LOD"), Podaci!D87,(Podaci!D87-D$71)) -> 0.087 | E82: =IF(OR(E$71="<LOD", Podaci!E87="<LOD"), Podaci!E87,(Podaci!E87-E$71)) -> <LOD | F82: =IF(OR(F$71="<LOD", Podaci!F87="<LOD"), Podaci!F87,(Podaci!F87-F$71)) -> -8.43 | G82: =IF(OR(G$71="<LOD", Podaci!G87="<LOD"), Podaci!G87,(Podaci!G87-G$71)) -> 0.006 | H82: =IF(OR(H$71="<LOD", Podaci!H87="<LOD"), Podaci!H87,(Podaci!H87-H$71)) -> 0.033 | I82: =IF(OR(I$71="<LOD", Podaci!I87="<LOD"), Podaci!I87,(Podaci!I87-I$71)) -> 0.047 | ... AV82: =IF(OR(AV$71="<LOD", Podaci!AV87="<LOD"), Podaci!AV87,(Podaci!AV87-AV$71)) -> 0
A83: J028_5_100x | B83: =IF(OR(B$71="<LOD", Podaci!B88="<LOD"), Podaci!B88,(Podaci!B88-B$71)) -> 9.17 | C83: =IF(OR(C$71="<LOD", Podaci!C88="<LOD"), Podaci!C88,(Podaci!C88-C$71)) -> 0.1165 | D83: =IF(OR(D$71="<LOD", Podaci!D88="<LOD"), Podaci!D88,(Podaci!D88-D$71)) -> 0.333 | E83: =IF(OR(E$71="<LOD", Podaci!E88="<LOD"), Podaci!E88,(Podaci!E88-E$71)) -> <LOD | F83: =IF(OR(F$71="<LOD", Podaci!F88="<LOD"), Podaci!F88,(Podaci!F88-F$71)) -> <LOD | G83: =IF(OR(G$71="<LOD", Podaci!G88="<LOD"), Podaci!G88,(Podaci!G88-G$71)) -> 0.001 | H83: =IF(OR(H$71="<LOD", Podaci!H88="<LOD"), Podaci!H88,(Podaci!H88-H$71)) -> 0.012 | I83: =IF(OR(I$71="<LOD", Podaci!I88="<LOD"), Podaci!I88,(Podaci!I88-I$71)) -> 0.597 | ... AV83: =IF(OR(AV$71="<LOD", Podaci!AV88="<LOD"), Podaci!AV88,(Podaci!AV88-AV$71)) -> 0
... A87: J043_5_100x | B87: =IF(OR(B$71="<LOD", Podaci!B92="<LOD"), Podaci!B92,(Podaci!B92-B$71)) -> 40.623 | C87: =IF(OR(C$71="<LOD", Podaci!C92="<LOD"), Podaci!C92,(Podaci!C92-C$71)) -> 0.4225 | D87: =IF(OR(D$71="<LOD", Podaci!D92="<LOD"), Podaci!D92,(Podaci!D92-D$71)) -> 0.608 | E87: =IF(OR(E$71="<LOD", Podaci!E92="<LOD"), Podaci!E92,(Podaci!E92-E$71)) -> 0.001 | F87: =IF(OR(F$71="<LOD", Podaci!F92="<LOD"), Podaci!F92,(Podaci!F92-F$71)) -> 117.878 | G87: =IF(OR(G$71="<LOD", Podaci!G92="<LOD"), Podaci!G92,(Podaci!G92-G$71)) -> 0.001 | H87: =IF(OR(H$71="<LOD", Podaci!H92="<LOD"), Podaci!H92,(Podaci!H92-H$71)) -> 0.023 | I87: =IF(OR(I$71="<LOD", Podaci!I92="<LOD"), Podaci!I92,(Podaci!I92-I$71)) -> 0.652 | ... AV87: =IF(OR(AV$71="<LOD", Podaci!AV92="<LOD"), Podaci!AV92,(Podaci!AV92-AV$71)) -> 0.011
A89: J001_6_100x | B89: =IF(OR(Podaci!B$94="<LOD", Podaci!B95="<LOD"), Podaci!B95,(Podaci!B95-Podaci!B$94)) -> 2281.778 | C89: =IF(OR(Podaci!C$94="<LOD", Podaci!C95="<LOD"), Podaci!C95,(Podaci!C95-Podaci!C$94)) -> 1.299 | D89: =IF(OR(Podaci!D$94="<LOD", Podaci!D95="<LOD"), Podaci!D95,(Podaci!D95-Podaci!D$94)) -> 45.573 | E89: =IF(OR(Podaci!E$94="<LOD", Podaci!E95="<LOD"), Podaci!E95,(Podaci!E95-Podaci!E$94)) -> 0.05 | F89: =IF(OR(Podaci!F$94="<LOD", Podaci!F95="<LOD"), Podaci!F95,(Podaci!F95-Podaci!F$94)) -> 117.673 | G89: =IF(OR(Podaci!G$94="<LOD", Podaci!G95="<LOD"), Podaci!G95,(Podaci!G95-Podaci!G$94)) -> 0.011 | H89: =IF(OR(Podaci!H$94="<LOD", Podaci!H95="<LOD"), Podaci!H95,(Podaci!H95-Podaci!H$94)) -> 2.058 | I89: =IF(OR(Podaci!I$94="<LOD", Podaci!I95="<LOD"), Podaci!I95,(Podaci!I95-Podaci!I$94)) -> 4.846 | ... AV89: =IF(OR(Podaci!AV$94="<LOD", Podaci!AV95="<LOD"), Podaci!AV95,(Podaci!AV95-Podaci!AV$94)) -> 0.02
A90: J002_6_100x | B90: =IF(OR(Podaci!B$94="<LOD", Podaci!B96="<LOD"), Podaci!B96,(Podaci!B96-Podaci!B$94)) -> 4127.487 | C90: =IF(OR(Podaci!C$94="<LOD", Podaci!C96="<LOD"), Podaci!C96,(Podaci!C96-Podaci!C$94)) -> 1.15 | D90: =IF(OR(Podaci!D$94="<LOD", Podaci!D96="<LOD"), Podaci!D96,(Podaci!D96-Podaci!D$94)) -> 75.89 | E90: =IF(OR(Podaci!E$94="<LOD", Podaci!E96="<LOD"), Podaci!E96,(Podaci!E96-Podaci!E$94)) -> 0.072 | F90: =IF(OR(Podaci!F$94="<LOD", Podaci!F96="<LOD"), Podaci!F96,(Podaci!F96-Podaci!F$94)) -> 55570.222 | G90: =IF(OR(Podaci!G$94="<LOD", Podaci!G96="<LOD"), Podaci!G96,(Podaci!G96-Podaci!G$94)) -> 0.08 | H90: =IF(OR(Podaci!H$94="<LOD", Podaci!H96="<LOD"), Podaci!H96,(Podaci!H96-Podaci!H$94)) -> 5.644 | I90: =IF(OR(Podaci!I$94="<LOD", Podaci!I96="<LOD"), Podaci!I96,(Podaci!I96-Podaci!I$94)) -> 12.999 | ... AV90: =IF(OR(Podaci!AV$94="<LOD", Podaci!AV96="<LOD"), Podaci!AV96,(Podaci!AV96-Podaci!AV$94)) -> 0.204
A91: J003_6_100x | B91: =IF(OR(Podaci!B$94="<LOD", Podaci!B97="<LOD"), Podaci!B97,(Podaci!B97-Podaci!B$94)) -> 2916.962 | C91: =IF(OR(Podaci!C$94="<LOD", Podaci!C97="<LOD"), Podaci!C97,(Podaci!C97-Podaci!C$94)) -> 1.763 | D91: =IF(OR(Podaci!D$94="<LOD", Podaci!D97="<LOD"), Podaci!D97,(Podaci!D97-Podaci!D$94)) -> 49.36 | E91: =IF(OR(Podaci!E$94="<LOD", Podaci!E97="<LOD"), Podaci!E97,(Podaci!E97-Podaci!E$94)) -> 0.065 | F91: =IF(OR(Podaci!F$94="<LOD", Podaci!F97="<LOD"), Podaci!F97,(Podaci!F97-Podaci!F$94)) -> 563.529 | G91: =IF(OR(Podaci!G$94="<LOD", Podaci!G97="<LOD"), Podaci!G97,(Podaci!G97-Podaci!G$94)) -> 0.006 | H91: =IF(OR(Podaci!H$94="<LOD", Podaci!H97="<LOD"), Podaci!H97,(Podaci!H97-Podaci!H$94)) -> 2.416 | I91: =IF(OR(Podaci!I$94="<LOD", Podaci!I97="<LOD"), Podaci!I97,(Podaci!I97-Podaci!I$94)) -> 7.26 | ... AV91: =IF(OR(Podaci!AV$94="<LOD", Podaci!AV97="<LOD"), Podaci!AV97,(Podaci!AV97-Podaci!AV$94)) -> 0.04
A92: J007_6_100x | B92: =IF(OR(Podaci!B$94="<LOD", Podaci!B98="<LOD"), Podaci!B98,(Podaci!B98-Podaci!B$94)) -> 2932.369 | C92: =IF(OR(Podaci!C$94="<LOD", Podaci!C98="<LOD"), Podaci!C98,(Podaci!C98-Podaci!C$94)) -> 1.876 | D92: =IF(OR(Podaci!D$94="<LOD", Podaci!D98="<LOD"), Podaci!D98,(Podaci!D98-Podaci!D$94)) -> 192.326 | E92: =IF(OR(Podaci!E$94="<LOD", Podaci!E98="<LOD"), Podaci!E98,(Podaci!E98-Podaci!E$94)) -> 0.059 | F92: =IF(OR(Podaci!F$94="<LOD", Podaci!F98="<LOD"), Podaci!F98,(Podaci!F98-Podaci!F$94)) -> 244.189 | G92: =IF(OR(Podaci!G$94="<LOD", Podaci!G98="<LOD"), Podaci!G98,(Podaci!G98-Podaci!G$94)) -> 0.015 | H92: =IF(OR(Podaci!H$94="<LOD", Podaci!H98="<LOD"), Podaci!H98,(Podaci!H98-Podaci!H$94)) -> 2.781 | I92: =IF(OR(Podaci!I$94="<LOD", Podaci!I98="<LOD"), Podaci!I98,(Podaci!I98-Podaci!I$94)) -> 6.957 | ... AV92: =IF(OR(Podaci!AV$94="<LOD", Podaci!AV98="<LOD"), Podaci!AV98,(Podaci!AV98-Podaci!AV$94)) -> 0.033
A93: J010_6_100x | B93: =IF(OR(Podaci!B$94="<LOD", Podaci!B99="<LOD"), Podaci!B99,(Podaci!B99-Podaci!B$94)) -> 2280.564 | C93: =IF(OR(Podaci!C$94="<LOD", Podaci!C99="<LOD"), Podaci!C99,(Podaci!C99-Podaci!C$94)) -> 0.644 | D93: =IF(OR(Podaci!D$94="<LOD", Podaci!D99="<LOD"), Podaci!D99,(Podaci!D99-Podaci!D$94)) -> 27.644 | E93: =IF(OR(Podaci!E$94="<LOD", Podaci!E99="<LOD"), Podaci!E99,(Podaci!E99-Podaci!E$94)) -> 0.036 | F93: =IF(OR(Podaci!F$94="<LOD", Podaci!F99="<LOD"), Podaci!F99,(Podaci!F99-Podaci!F$94)) -> 360.215 | G93: =IF(OR(Podaci!G$94="<LOD", Podaci!G99="<LOD"), Podaci!G99,(Podaci!G99-Podaci!G$94)) -> 0.019 | H93: =IF(OR(Podaci!H$94="<LOD", Podaci!H99="<LOD"), Podaci!H99,(Podaci!H99-Podaci!H$94)) -> 2.654 | I93: =IF(OR(Podaci!I$94="<LOD", Podaci!I99="<LOD"), Podaci!I99,(Podaci!I99-Podaci!I$94)) -> 6.315 | ... AV93: =IF(OR(Podaci!AV$94="<LOD", Podaci!AV99="<LOD"), Podaci!AV99,(Podaci!AV99-Podaci!AV$94)) -> 0.027
A94: J016a_6_100x | B94: =IF(OR(Podaci!B$94="<LOD", Podaci!B100="<LOD"), Podaci!B100,(Podaci!B100-Podaci!B$94)) -> 2967.417 | C94: =IF(OR(Podaci!C$94="<LOD", Podaci!C100="<LOD"), Podaci!C100,(Podaci!C100-Podaci!C$94)) -> 5.315 | D94: =IF(OR(Podaci!D$94="<LOD", Podaci!D100="<LOD"), Podaci!D100,(Podaci!D100-Podaci!D$94)) -> 96.973 | E94: =IF(OR(Podaci!E$94="<LOD", Podaci!E100="<LOD"), Podaci!E100,(Podaci!E100-Podaci!E$94)) -> 0.084 | F94: =IF(OR(Podaci!F$94="<LOD", Podaci!F100="<LOD"), Podaci!F100,(Podaci!F100-Podaci!F$94)) -> 10103.482 | G94: =IF(OR(Podaci!G$94="<LOD", Podaci!G100="<LOD"), Podaci!G100,(Podaci!G100-Podaci!G$94)) -> 0.105 | H94: =IF(OR(Podaci!H$94="<LOD", Podaci!H100="<LOD"), Podaci!H100,(Podaci!H100-Podaci!H$94)) -> 1.984 | I94: =IF(OR(Podaci!I$94="<LOD", Podaci!I100="<LOD"), Podaci!I100,(Podaci!I100-Podaci!I$94)) -> 5.281 | ... AV94: =IF(OR(Podaci!AV$94="<LOD", Podaci!AV100="<LOD"), Podaci!AV100,(Podaci!AV100-Podaci!AV$94)) -> 0.286
A95: J016b_6_100x | B95: =IF(OR(Podaci!B$94="<LOD", Podaci!B101="<LOD"), Podaci!B101,(Podaci!B101-Podaci!B$94)) -> 2943.943 | C95: =IF(OR(Podaci!C$94="<LOD", Podaci!C101="<LOD"), Podaci!C101,(Podaci!C101-Podaci!C$94)) -> 5.643 | D95: =IF(OR(Podaci!D$94="<LOD", Podaci!D101="<LOD"), Podaci!D101,(Podaci!D101-Podaci!D$94)) -> 103.189 | E95: =IF(OR(Podaci!E$94="<LOD", Podaci!E101="<LOD"), Podaci!E101,(Podaci!E101-Podaci!E$94)) -> 0.09 | F95: =IF(OR(Podaci!F$94="<LOD", Podaci!F101="<LOD"), Podaci!F101,(Podaci!F101-Podaci!F$94)) -> 10427.939 | G95: =IF(OR(Podaci!G$94="<LOD", Podaci!G101="<LOD"), Podaci!G101,(Podaci!G101-Podaci!G$94)) -> 0.122 | H95: =IF(OR(Podaci!H$94="<LOD", Podaci!H101="<LOD"), Podaci!H101,(Podaci!H101-Podaci!H$94)) -> 1.976 | I95: =IF(OR(Podaci!I$94="<LOD", Podaci!I101="<LOD"), Podaci!I101,(Podaci!I101-Podaci!I$94)) -> 5.337 | ... AV95: =IF(OR(Podaci!AV$94="<LOD", Podaci!AV101="<LOD"), Podaci!AV101,(Podaci!AV101-Podaci!AV$94)) -> 0.314
A96: J016c_6_100x | B96: =IF(OR(Podaci!B$94="<LOD", Podaci!B102="<LOD"), Podaci!B102,(Podaci!B102-Podaci!B$94)) -> 3063.369 | C96: =IF(OR(Podaci!C$94="<LOD", Podaci!C102="<LOD"), Podaci!C102,(Podaci!C102-Podaci!C$94)) -> 5.888 | D96: =IF(OR(Podaci!D$94="<LOD", Podaci!D102="<LOD"), Podaci!D102,(Podaci!D102-Podaci!D$94)) -> 107.952 | E96: =IF(OR(Podaci!E$94="<LOD", Podaci!E102="<LOD"), Podaci!E102,(Podaci!E102-Podaci!E$94)) -> 0.096 | F96: =IF(OR(Podaci!F$94="<LOD", Podaci!F102="<LOD"), Podaci!F102,(Podaci!F102-Podaci!F$94)) -> 10994.607 | G96: =IF(OR(Podaci!G$94="<LOD", Podaci!G102="<LOD"), Podaci!G102,(Podaci!G102-Podaci!G$94)) -> 0.128 | H96: =IF(OR(Podaci!H$94="<LOD", Podaci!H102="<LOD"), Podaci!H102,(Podaci!H102-Podaci!H$94)) -> 2.054 | I96: =IF(OR(Podaci!I$94="<LOD", Podaci!I102="<LOD"), Podaci!I102,(Podaci!I102-Podaci!I$94)) -> 5.579 | ... AV96: =IF(OR(Podaci!AV$94="<LOD", Podaci!AV102="<LOD"), Podaci!AV102,(Podaci!AV102-Podaci!AV$94)) -> 0.324
A97: J018_6_100x | B97: =IF(OR(Podaci!B$94="<LOD", Podaci!B103="<LOD"), Podaci!B103,(Podaci!B103-Podaci!B$94)) -> 1958.275 | C97: =IF(OR(Podaci!C$94="<LOD", Podaci!C103="<LOD"), Podaci!C103,(Podaci!C103-Podaci!C$94)) -> 0.379 | D97: =IF(OR(Podaci!D$94="<LOD", Podaci!D103="<LOD"), Podaci!D103,(Podaci!D103-Podaci!D$94)) -> 65.346 | E97: =IF(OR(Podaci!E$94="<LOD", Podaci!E103="<LOD"), Podaci!E103,(Podaci!E103-Podaci!E$94)) -> 0.038 | F97: =IF(OR(Podaci!F$94="<LOD", Podaci!F103="<LOD"), Podaci!F103,(Podaci!F103-Podaci!F$94)) -> 3263.93 | G97: =IF(OR(Podaci!G$94="<LOD", Podaci!G103="<LOD"), Podaci!G103,(Podaci!G103-Podaci!G$94)) -> 0.023 | H97: =IF(OR(Podaci!H$94="<LOD", Podaci!H103="<LOD"), Podaci!H103,(Podaci!H103-Podaci!H$94)) -> 7.208 | I97: =IF(OR(Podaci!I$94="<LOD", Podaci!I103="<LOD"), Podaci!I103,(Podaci!I103-Podaci!I$94)) -> 4.703 | ... AV97: =IF(OR(Podaci!AV$94="<LOD", Podaci!AV103="<LOD"), Podaci!AV103,(Podaci!AV103-Podaci!AV$94)) -> 0.038
A98: J019_6_100x | B98: =IF(OR(Podaci!B$94="<LOD", Podaci!B104="<LOD"), Podaci!B104,(Podaci!B104-Podaci!B$94)) -> 1075.011 | C98: =IF(OR(Podaci!C$94="<LOD", Podaci!C104="<LOD"), Podaci!C104,(Podaci!C104-Podaci!C$94)) -> 0.371 | D98: =IF(OR(Podaci!D$94="<LOD", Podaci!D104="<LOD"), Podaci!D104,(Podaci!D104-Podaci!D$94)) -> 18.235 | E98: =IF(OR(Podaci!E$94="<LOD", Podaci!E104="<LOD"), Podaci!E104,(Podaci!E104-Podaci!E$94)) -> 0.019 | F98: =IF(OR(Podaci!F$94="<LOD", Podaci!F104="<LOD"), Podaci!F104,(Podaci!F104-Podaci!F$94)) -> 760.375 | G98: =IF(OR(Podaci!G$94="<LOD", Podaci!G104="<LOD"), Podaci!G104,(Podaci!G104-Podaci!G$94)) -> 0.005 | H98: =IF(OR(Podaci!H$94="<LOD", Podaci!H104="<LOD"), Podaci!H104,(Podaci!H104-Podaci!H$94)) -> 1.24 | I98: =IF(OR(Podaci!I$94="<LOD", Podaci!I104="<LOD"), Podaci!I104,(Podaci!I104-Podaci!I$94)) -> 2.324 | ... AV98: =IF(OR(Podaci!AV$94="<LOD", Podaci!AV104="<LOD"), Podaci!AV104,(Podaci!AV104-Podaci!AV$94)) -> 0.053
A99: J024_6_100x | B99: =IF(OR(Podaci!B$94="<LOD", Podaci!B105="<LOD"), Podaci!B105,(Podaci!B105-Podaci!B$94)) -> 4685.247 | C99: =IF(OR(Podaci!C$94="<LOD", Podaci!C105="<LOD"), Podaci!C105,(Podaci!C105-Podaci!C$94)) -> 1.43 | D99: =IF(OR(Podaci!D$94="<LOD", Podaci!D105="<LOD"), Podaci!D105,(Podaci!D105-Podaci!D$94)) -> 53.256 | E99: =IF(OR(Podaci!E$94="<LOD", Podaci!E105="<LOD"), Podaci!E105,(Podaci!E105-Podaci!E$94)) -> 0.071 | F99: =IF(OR(Podaci!F$94="<LOD", Podaci!F105="<LOD"), Podaci!F105,(Podaci!F105-Podaci!F$94)) -> 1073.932 | G99: =IF(OR(Podaci!G$94="<LOD", Podaci!G105="<LOD"), Podaci!G105,(Podaci!G105-Podaci!G$94)) -> 0.083 | H99: =IF(OR(Podaci!H$94="<LOD", Podaci!H105="<LOD"), Podaci!H105,(Podaci!H105-Podaci!H$94)) -> 5.125 | I99: =IF(OR(Podaci!I$94="<LOD", Podaci!I105="<LOD"), Podaci!I105,(Podaci!I105-Podaci!I$94)) -> 15.274 | ... AV99: =IF(OR(Podaci!AV$94="<LOD", Podaci!AV105="<LOD"), Podaci!AV105,(Podaci!AV105-Podaci!AV$94)) -> 0.041
A100: J028_6_100x | B100: =IF(OR(Podaci!B$94="<LOD", Podaci!B106="<LOD"), Podaci!B106,(Podaci!B106-Podaci!B$94)) -> 2267.129 | C100: =IF(OR(Podaci!C$94="<LOD", Podaci!C106="<LOD"), Podaci!C106,(Podaci!C106-Podaci!C$94)) -> 0.615 | D100: =IF(OR(Podaci!D$94="<LOD", Podaci!D106="<LOD"), Podaci!D106,(Podaci!D106-Podaci!D$94)) -> 81.873 | E100: =IF(OR(Podaci!E$94="<LOD", Podaci!E106="<LOD"), Podaci!E106,(Podaci!E106-Podaci!E$94)) -> 0.041 | F100: =IF(OR(Podaci!F$94="<LOD", Podaci!F106="<LOD"), Podaci!F106,(Podaci!F106-Podaci!F$94)) -> 844.823 | G100: =IF(OR(Podaci!G$94="<LOD", Podaci!G106="<LOD"), Podaci!G106,(Podaci!G106-Podaci!G$94)) -> 0.01 | H100: =IF(OR(Podaci!H$94="<LOD", Podaci!H106="<LOD"), Podaci!H106,(Podaci!H106-Podaci!H$94)) -> 2.207 | I100: =IF(OR(Podaci!I$94="<LOD", Podaci!I106="<LOD"), Podaci!I106,(Podaci!I106-Podaci!I$94)) -> 6.179 | ... AV100: =IF(OR(Podaci!AV$94="<LOD", Podaci!AV106="<LOD"), Podaci!AV106,(Podaci!AV106-Podaci!AV$94)) -> 0.038
... A104: J043_6_100x | B104: =IF(OR(Podaci!B$94="<LOD", Podaci!B110="<LOD"), Podaci!B110,(Podaci!B110-Podaci!B$94)) -> 2466.996 | C104: =IF(OR(Podaci!C$94="<LOD", Podaci!C110="<LOD"), Podaci!C110,(Podaci!C110-Podaci!C$94)) -> 1.614 | D104: =IF(OR(Podaci!D$94="<LOD", Podaci!D110="<LOD"), Podaci!D110,(Podaci!D110-Podaci!D$94)) -> 26.65 | E104: =IF(OR(Podaci!E$94="<LOD", Podaci!E110="<LOD"), Podaci!E110,(Podaci!E110-Podaci!E$94)) -> 0.053 | F104: =IF(OR(Podaci!F$94="<LOD", Podaci!F110="<LOD"), Podaci!F110,(Podaci!F110-Podaci!F$94)) -> 988.958 | G104: =IF(OR(Podaci!G$94="<LOD", Podaci!G110="<LOD"), Podaci!G110,(Podaci!G110-Podaci!G$94)) -> 0.006 | H104: =IF(OR(Podaci!H$94="<LOD", Podaci!H110="<LOD"), Podaci!H110,(Podaci!H110-Podaci!H$94)) -> 2.073 | I104: =IF(OR(Podaci!I$94="<LOD", Podaci!I110="<LOD"), Podaci!I110,(Podaci!I110-Podaci!I$94)) -> 7.487 | ... AV104: =IF(OR(Podaci!AV$94="<LOD", Podaci!AV110="<LOD"), Podaci!AV110,(Podaci!AV110-Podaci!AV$94)) -> 0.06
